url,date,title,text_clean,n_tokens,needs_chunking,n_chunks_est,used_description_fallback,section,target_date,is_offhours,hours_to_fixing,target_date_lag1
https://www.cnbc.com/2021/09/07/what-to-expect-from-china-at-the-upcoming-major-climate-summit-cop26.html,2021-09-07 10:44:41 AM WIB,What to expect from China at the upcoming major climate summit COP26,"What to expect from China at the upcoming major climate summit COP26. China, the world's largest carbon emitter, has made commitments to climate change and set ambitious targets to reach carbon neutrality by 2060. But, so far, details on how to get there have been scarce. Like many other large countries, China missed a July 30 deadline to submit new climate pledges to the United Nations. That may change at COP26 this year, the 26th UN Climate Change Conference of the Parties , according to Gavin Thompson, vice chairman of Wood Mackenzie Asia Pacific. Chinese President Xi Jinping has reportedly received a personal invitation to COP26, but has not confirmed his attendance. In a Sept. 2 blog post, Thompson outlined five things to expect from China at the upcoming summit in the Scottish city of Glasgow. Formally submitting China's national climate goals before COP26, which begins on Oct. 31, is a ""critical step"" that Beijing now seems ready to take. ""We should expect much more on how this will be achieved, with key targets for all of China's provinces and sectors of the economy,"" Thompson wrote. To reach its 2060 net-zero carbon emissions goal, Wood Mackenzie expects that China needs an almost ""complete transformation of how energy is produced and delivered,"" he added. Despite pressure from the international community, China has insisted on charting its own course to net-zero emissions and will continue to do so, Thompson said. Coal-fired plants in China are unlikely to be banned anytime before 2025, he predicted. The country's five-year plan still includes support for carbon-intensive coal. ""The twin goals of energy security and economic growth will drive China's push for flexibility in meeting targets,"" he said. Still, China has been investing in renewable and clean energy as it works toward its target for carbon dioxide emissions to peak by 2030. China introduced an emission trading system in July to target pollution, but has spoken up against the European Union's plan to impose a tax on carbon-intensive goods entering the bloc . Beijing is ""no fan of unilateralism on carbon pricing,"" even though it supports a global carbon market, said Thompson. ""As the EU's largest trading partner and the world's biggest carbon emitter, it's not difficult to see why,"" he added. China has long believed that the responsibility to reduce global emissions rests with more developed countries, Thompson said. ""You broke it, you fix it,"" he wrote of Beijing's stance, adding that their position ""is not without justification."" Pushing the blame to richer nations also has potential economic benefits for China because it dominates the supply and processing of most of the raw materials for clean technologies. ""By heaping pressure on developed nations to more urgently address climate change, both at home and through increased financial support to poorer countries, Beijing is banking on much of the economic benefits likely flowing back to China,"" the WoodMac note said. Beijing attempted to present itself as a global leader on climate change in 2020 when the Trump administration left that position empty, Thompson wrote. Under former President Donald Trump, the U.S. withdrew from the Paris climate change agreement that was signed in 2015. But with the Biden administration taking a ""radically different approach,"" China will now need to work harder to become a genuine leader. ""This should encourage bolder policies on carbon and technology, as without these, China's reputation and global standing could be eroded by U.S. ambition,"" he wrote. The U.S. and China held talks on climate change last week, but tensions between the two sides came to the fore when Chinese Foreign Minister Wang Yi said cooperation on climate action cannot be separated from the wider relationship, Reuters reported. U.S. climate envoy John Kerry responded by telling Chinese leaders that climate change was more important than politics",790,True,2,False,Sustainable Future,2021-09-09,True,45.25527777777778,2021-09-11
https://www.cnbc.com/2021/09/16/democrats-to-investigate-oil-companies-over-climate-disinformation.html,2021-09-17 01:54:04 AM WIB,Democrats call on oil companies to testify on climate disinformation,"Democrats call on oil companies to testify on climate disinformation. The House Oversight Committee on Thursday expanded its investigation into the fossil fuel industry's involvement in spreading disinformation about the role fossil fuels play in causing climate change. Committee Chairwoman Carolyn Maloney, D-N.Y., and Subcommittee on the Environment Chairman Ro Khanna, D-Calif., called on top executives at ExxonMobil , BP , Chevron , Shell and lobbying groups American Petroleum Institute and the U.S. Chamber of Commerce to testify before Congress next month. Oil and gas companies have faced a slew of lawsuits from cities and states across the U.S. over their investments in campaigns to undermine climate policy and downplay the impact of burning fossil fuels on global warming. The probe also comes as Democrats look to pass major climate and clean energy policy in the budget reconciliation bill, efforts that have faced opposition from some fossil fuel companies. In letters to the companies and groups Thursday, the committee requested documents on the reported role of the oil and gas industry in a long-term branding and lobbying campaign to spread climate disinformation and undermine climate policy. The five-biggest publicly traded oil and gas companies - Exxon, Shell, Chevron, BP and Total - spent $1 billion to promote misleading climate-related branding and lobbying between 2015 and 2018, according to a report from climate lobbying group InfluenceMap that the committee cites in its letter. ""We are deeply concerned that the fossil fuel industry has reaped massive profits for decades while contributing to climate change that is devastating American communities, costing taxpayers billions of dollars, and ravaging the natural world,"" read the letter to Exxon Mobil CEO Darren Woods. ""We are also concerned that to protect those profits, the industry has reportedly led a coordinated effort to spread disinformation to mislead the public and prevent crucial action to address climate change,"" the letter read. Meet the 33-year-old Canadian chemist and the renowned MIT professor who are building the 'electric vehicle of cement making' Converting gas-powered cars to EVs is a booming business Ex-Tesla engineer builds Aigen robots to eliminate weeds without pesticides The committee also asked executives to produce documents related to disinformation by the end of the month and confirm by Sept. 23 whether they plan to appear at the hearing. API spokeswoman Bethany Aronhalt said that the group ""welcomes the opportunity to testify again"" and ""advance our priorities of pricing carbon, regulating methane and reliably producing American energy."" U.S. Chamber of Commerce spokesman Matt Letourneau said the committee's leadership ""has a fundamental misunderstanding"" of the chamber's position on climate change and work to forge solutions. ""The Chamber believes that the climate is changing, that humans are contributing to those changes, and that inaction on climate is not an option,"" he said. ""We know that durable policy is made through bipartisan action, so we've been working hard with members of Congress from both sides of the aisle to enact climate solutions."" BP spokesman Josh Hicks said the company has received the letter and is advocating for policies like carbon pricing and regulating methane to support the Paris Agreement and help transition the world economy to net-zero emissions. Curtis Smith, a spokesman for Shell, said the company looks forward to working with the committee and ""strongly supports"" a transition to a lower-carbon future. Chevron said the company is reviewing the letter. Exxon said the company received the letter and will continue to communicate with committee staff",732,True,2,False,Climate,2021-09-17,False,6.098888888888889,2021-09-20
https://www.cnbc.com/2021/10/14/goldman-sees-sustained-high-prices-for-oil-in-the-coming-year.html,2021-10-14 05:46:22 PM WIB,Goldman Sachs says oil prices could be higher for much longer,"Goldman Sachs says oil prices could be higher for much longer. Oil prices could stay at higher levels in the years to come as demand rebounds while supply remains tight, according to Goldman Sachs' head of energy research. Damien Courvalin, who is also a senior commodity strategist, said the market fundamentals warrant higher prices and that the bank's forecast for Brent crude is $85 per barrel for the next several years. ""This is not a transient winter shock like it could be for gas. This is actually the beginning of a material repricing higher for oil,"" he told CNBC's ""Street Signs Asia"" on Thursday. Goldman Sachs' base case is for Brent to hit $90 per barrel by the end of the year. U.S. crude futures were up 1.26% at $81.45 per barrel, while international benchmark Brent crude futures gained 1.24% to trade at $84.21 per barrel on Thursday afternoon in Asia. The oil market is in ""the longest deficit we've seen in decades,"" and demand will continue to outstrip supply in winter, said Courvalin. The lack of upstream investment in oil supply while demand grows points to ""sustained high prices"" at least in the year ahead, he added. What's happening in the coal market - where prices are at record highs because supply shrank faster than demand - is a ""warning sign"" for oil, Courvalin said. Oil drilling activity hasn't recovered much on the supply side, while demand is growing, he said, describing the market as being in an ""entrenched deficit."" ""We're facing potential multi-year deficits and the risk of significantly higher prices,"" he said. There needs to be a realization that the transition to cleaner energy will take a long time, and that calls to stop investing in hydrocarbon supply will only create ""much higher energy prices in the coming years,"" he said. Despite oil futures climbing more than 60% this year and hitting multi-year highs, Courvalin said oil producers haven't increased supply. ""Demand is rebounding further and we need to really start to see that investment,"" he said. Shale producers, however, are focused on returning cash to shareholders. ""That's the key of the sustainability of higher prices,"" he said, adding that he sees oil demand hitting new record highs in 2022 and 2023. ""The fundamentals actually very much support the view of higher prices than we've seen, pretty much since 2014,"" he said",530,True,2,False,Energy,2021-10-15,True,14.227222222222222,2021-10-18
https://www.cnbc.com/2021/11/04/opec-members-likely-to-hold-firm-on-slow-oil-output-despite-international-pressure-.html,2021-11-04 02:24:54 PM WIB,"OPEC+ members likely to hold firm on slow oil output, despite international pressure ","OPEC+ members likely to hold firm on slow oil output, despite international pressure. Oil prices have hit their highest levels since 2014, and crude importing countries are feeling the pain. But despite diplomatic pressure, OPEC and its allies are unlikely to decide to open up the taps during the oil cartel's meeting on Thursday. That likely means continued high energy prices through the end of this year and potentially into 2022, analysts say. ""For now, we still expect to see OPEC+ members remain in favor of keeping oil markets tight, taking advantage of the elevated prices to improve fiscal accounts,"" Edward Bell, senior director of market economics at Dubai-based bank Emirates NBD, wrote in a note Wednesday. President Joe Biden squarely blamed the reluctance of OPEC+ to pump more oil for the sharp rise in energy prices in the U.S. and around the world. ""The idea that Russia and Saudi Arabia and other major producers are not going to pump more oil so people can have gasoline to get to and from work, for example, is not right,"" Biden said Sunday at the G-20 meeting in Rome, Italy. Japan and India have also joined the U.S. in trying to pressure OPEC to increase its output limits and help reduce energy prices. So far, however, the group's policy from August to gradually increase oil production by 400,000 barrels per day each month is perfectly fine by the OPEC members and its allies, which include Russia. The program ""is working well and there is no need to deviate from it,"" Angola's oil minister Diamantino Pedro Azevedo said Sunday. Kuwait also said Monday that the organization should hold to its current plan because oil markets were ""well-balanced,"" and fellow OPEC members Iraq, Nigeria and Algeria all issued similar statements. For the consumer, things don't feel well-balanced. Brent crude reached more than $86 a barrel in late October, a three-year high, and has surged more than 60% this year alone. It has fallen in the days ahead of the OPEC meeting , trading at $81.86 per barrel at 7:20 a.m. in London on Thursday. West Texas Intermediate is up more than 70% this year and has hit its highest levels in seven years, recently touching $85 a barrel, though it was trading at $80.44 a barrel on Thursday at the same time in London. American gasoline is also at a seven-year high. For OPEC+ ministers, the word of the month is caution, said Herman Wang, senior oil writer at S&P Platts. ""Despite all of the pressure from the US, India and Japan to release more crude oil, we've heard many ministers cite Covid-19 rates and the expected seasonal drop-off in oil demand once the calendar turns in justifying a more conservative approach and sticking to their plans,"" Wang told CNBC. ""The price surge may very well be transitory, but until the market cools, OPEC+ can expect to hear a lot more complaints from its key customers."" Frustrated oil importers also can't do much to force OPEC's hand - the U.S. could use crude from its strategic petroleum reserves, Bell wrote, in an attempt to bring down prices. But that is a dramatic move typically kept for emergency cases like natural disasters or war, and the U.S. call for OPEC countries to pump more oil also contradicts its purported aim to lead globally in climate change policy. As a result of all this, Bell wrote, ""we remain of the view that oil prices will stay high until the end of 2021 and likely bleed into the early parts of next year.""",770,True,2,False,Energy,2021-11-10,True,137.585,2021-11-11
https://www.cnbc.com/2021/11/05/cop26-sharply-criticized-as-the-most-exclusionary-climate-summit-ever.html,2021-11-05 07:49:20 PM WIB,COP26 sharply criticized as the 'most exclusionary' climate summit ever,"COP26 sharply criticized as the 'most exclusionary' climate summit ever. GLASGOW, Scotland - Climate campaigners and environmental activists have sharply criticized the organization of the COP26 climate summit, describing U.N.-brokered talks as the most exclusionary they have ever known. The meeting, which formally opened on Sunday, has been billed as humanity's last and best chance to prevent the worst of what the climate crisis has in store. The U.K. is presiding over the talks in Glasgow, Scotland through to Nov. 12. Logistical difficulties, the exclusion of people with disabilities and a lack of attendees from the Global South are just some of the criticisms leveled at the event organizers. ""The UK is committed to hosting an inclusive COP,"" a COP spokesperson said in a statement. ""Ensuring that the voices of those most affected by climate change are heard is a priority for the COP26 Presidency, and if we are to deliver for our planet, we need all countries and civil society to bring their ideas and ambition to Glasgow,"" they added. ""I'd like to be polite,"" Asad Rehman, a spokesperson for the COP26 coalition, told CNBC Tuesday when asked about his experience of COP26 so far. ""But it will go down as the worst planned, worst organized and least effective COP that I have ever known. It is just unbelievable."" Rehman, who said he had been attending U.N. climate talks for over a decade, estimated that only one-third of the usual number of participants representing the Global South had been able to attend COP26 due to Covid-19 restrictions, a lack of affordable accommodation and an inability to access the conference. This ""seriously undermines"" the credibility of the meeting, he said, before adding that some civil society groups in attendance had also been ""locked out"" of negotiations. The COP26 coalition is a U.K.-based group that represents indigenous communities, frontline activists and grassroots campaigns from the Global South. The start of the week saw chaotic scenes outside the venue, with attendees stuck in long lines trying to gain access to the complex at the SEC in Glasgow. COP26 President Alok Sharma told reporters earlier in the week that he ""regrets"" delegates have had to endure lengthy lines to enter the venue. ""This is a unique COP in quite extraordinary times,"" Sharma said on Wednesday. ""Of course, we regret any logistical issues that people feel are stopping them coming in in a timely manner. I hope that will settle over the next few days."" Swedish climate activist Greta Thunberg, who is expected to take part in a climate protest on Friday with thousands of other young people, said COP26 could no longer be considered a climate conference. ""This is a Global North greenwash festival,"" Thunberg said via Twitter on Thursday, referencing criticism that the Glasgow summit has been described as ""the most excluding COP ever."" ""A two week celebration of business as usual and blah blah blah,"" she added. It follows a pledge from the U.K. government to make the Glasgow summit "" the most inclusive COP ever ,"" saying extra measures would be put in place to alleviate concerns about safety and inclusivity at the event amid the coronavirus pandemic. However, U.N. climate chief Patricia Espinosa admitted that measures put in place due to the coronavirus pandemic meant the summit could not be as accessible as previous COPs. The Climate Action Network, a global alliance of more than 1,500 environmental campaign groups, called for the event to be postponed in early September, citing concerns that it would be ""impossible"" to ensure a safe, inclusive and just global climate conference. Alexandria Villasenor, a youth U.S. climate activist, has described the summit as an ""exclusionary dystopian hellscape."" ""First, it's true, there's one entrance for 20k attendees, it's like a single file line for everyone to get in and get through security. I've spent 4 hours in line over the past 2 days. It's chaos and a failure on the part of the organizers,"" Villaseñor said via Twitter on Wednesday. The 16-year-old said civil society groups and NGO observers had been unable to access negotiation spaces in-person and were instead left to observe the main plenary sessions online in a separate room. Villasenor also criticized the summit for failing to consider the inclusion of people with disabilities, citing no sign language interpreters on the COP26 stage and no wheelchair access. Israel Energy Minister Karine Elharrar was unable to take part in the COP26 summit at the start of the week because the venue was not wheelchair accessible. She has since criticized the U.N. for failing to provide accessibility to its events despite it promoting the importance of ensuring accessibility to those with disabilities. U.K. Prime Minister Boris Johnson apologized to Elharrar when the pair met on Tuesday, Reuters reported. Dipti Bhatnagar, a climate justice and energy co-coordinator for Friends of the Earth International, an environmental group, said last week that the U.K. was on course to deliver ""the most exclusionary COP ever."" Bhatnagar, who was not able to travel to Glasgow from Mozambique where she is based, said on Sunday: ""The chaotic and last minute nature of plans to help support participation from overseas are too little too late for many delegates from global south countries."" ""It is hard to see how COP26's outcomes could be considered fair and legitimate with those on the frontline of climate impacts unable to make their voices heard in the streets of Glasgow and in the halls of the COP,"" she added",1168,True,3,False,The Road to COP26,2021-11-10,True,108.17777777777778,2021-11-11
https://www.cnbc.com/2021/12/16/russia-could-invade-ukraine-in-the-blink-of-an-eye-ukrainian-foreign-minister.html,2021-12-16 03:10:26 PM WIB,"Russia could invade us 'in the blink of an eye,' Ukrainian foreign minister warns","Russia could invade us 'in the blink of an eye,' Ukrainian foreign minister warns. If Russia decides to invade Ukraine, as is feared by Western officials and experts, it could happen very quickly, according to Ukraine's foreign minister. ""Putin has not decided yet whether to do a military operation,"" Dmytro Kuleba told CNBC on Thursday. ""But if he decides to do so, things will happen in the blink of an eye."" Concerns have increased over the last couple of months that Russia is planning on launching some form of military action against Ukraine. It follows Russian military troop movements on the border and increasingly aggressive rhetoric toward Kyiv from Moscow. Putin , however, has pointed the finger the other way, saying at the end of November that Russia was concerned about military exercises in Ukraine being carried out near the border, saying these posed a threat to Moscow. He has insisted Russia is free to move troops around its own territory and has denied claims the country could be preparing to invade Ukraine, calling such notions ""alarmist."" Ukraine and its allies in the U.S. and Europe, as well as the military alliance NATO, beg to differ. All have warned Russia against any aggressive action toward Ukraine, but there have been few signs of tensions easing. ""We [still] have Russian troops along our border. We have them in our occupied territories of Crimea and Donbass, and according to our estimates and estimates of our partners, and they concur, Russia already has the capacity to conduct offensive operations in the region ... and we see that they continue to build up their forces,"" Kuleba told CNBC's Hadley Gamble. He added that Ukraine was ""attacked by Russia in 2014 at the lowest point of our strength,"" referencing Russia's annexation of Crimea from Ukraine, a move that provoked international condemnation and wide-reaching sanctions on the Russian economy and state officials. Russia has also been accused of supporting pro-Russian uprisings in the Donbass region of east Ukraine. It denies having a role there, however. Last week, U.S. President Joe Biden spoke to his counterpart Vladimir Putin , issuing a warning to the Russian leader against attacking Ukraine. Experts have said time is running out for the U.S. to prevent further hostilities between the neighboring countries but how far the West will go to defend Ukraine is uncertain: Ukraine is not a member of NATO and is not a member of the EU, although it aspires to join both. Russia, meanwhile, vehemently opposes any possible future membership of NATO for Ukraine, seeing it as an expansion of the military alliance right up to its doorstep. Going in to his meeting with Biden, Putin was expected to seek reassurances from the U.S. president that NATO - which has expanded greatly in the last 25 years to include many countries in Europe, including former Soviet states in the Baltics - would never expand to include Ukraine. No such assurances were given. Kuleba said that if Ukraine had been a member of NATO back in 2014 then ""Putin would be minding his business"" and there would have been ""no war, no destruction"" in the Donbass region of east Ukraine and thousands of people who have died in the conflict could have been spared. Asked whether Ukraine's allies were doing enough to help, Kuleba said ""as long as Russian troops stay in Crimea and in Donbass, none of us is doing enough really. We can only judge by the final outcome. and that final outcome should be the withdrawal of Russia from Ukraine. However, things would've been much worse if we did not have these relations with our partners and if our partners did not evolve their attitude towards Russia,"" he said. He warned, however, that ""if Europeans and Americans allow Russia to turn Ukraine into a mess, the strategic consequences of that will be felt beyond Ukraine, they will be felt in EU countries, including Germany and they will be felt in Far East Asia,"" he said. ""Those who tell us we have to do a smart policy towards Russia. We agree actually, you have to be smart. But you have to be strong. If you choose the path of appeasing Russia, of making concessions to Russia, and this crazy, crazy logic of some partners that whatever Russia does, Ukraine has to do another step towards Russia to show its constructiveness. The question is, how many steps do we have to make? How many concessions do we have to make?"" The EU is also worried about what it sees as Russia's ""aggressive"" stance toward Ukraine, and has warned Moscow that it will pay a ""high price"" if it invades. On Wednesday, Estonian Prime Minister Kaja Kallas told CNBC that ""the military buildup around Ukraine is going on. So big question is, what are they really up to?"" ""Is it something that they are trying to, or planning attacking Ukraine? Or is it just the bluff to, you know, negotiate some kind of deal out of this situation? And this is something that we have to look very carefully into,"" she said",1049,True,3,False,Europe Politics,2021-12-17,True,16.82611111111111,2021-12-20
https://www.cnbc.com/2021/12/20/asia-markets-china-loan-prime-rate-omicron-covid-variant-currencies-oil.html,2021-12-20 06:38:53 AM WIB,Asia-Pacific stocks drop as China cuts benchmark lending rate for first time since April 2020; oil prices fall,"Asia-Pacific stocks drop as China cuts benchmark lending rate for first time since April 2020; oil prices fall. SINGAPORE - Shares in Asia-Pacific were lower on Monday, with multiple major markets in the region seeing big losses as China slashed its benchmark lending rate for the first time in more than one-and-a-half years. Mainland Chinese stocks closed lower, with the Shanghai composite down 1.07% to 3,593.60 and the Shenzhen component falling 2.007% to 14,569.18. Hong Kong's Hang Seng index slipped about 2%, as of its final hour of trading. China on Monday announced a cut in its one-year loan prime rate from 3.85% to 3.8% - the first such move since April 2020. Majority of traders and economists in a Reuters poll had expected cuts to the loan prime rate . Elsewhere, the Nikkei 225 in Japan closed 2.13% lower at 27,937.81 while the Topix index shed 2.17% to 1,941.33. South Korea's Kospi ended the trading day 1.81% lower at 2,963. In India, both the Nifty 50 and BSE Sensex plunged nearly 3% each, as of 12:43 p.m. local time. Australian stocks also declined on the day, with the S&P/ASX 200 down 0.16% to 7,292.20. MSCI's broadest index of Asia-Pacific shares outside Japan traded 1.92% lower. Oil prices were lower in the afternoon of Asia trading hours, with international benchmark Brent crude futures falling 3.25% to $71.13 per barrel. U.S. crude futures shed 3.71% to $68.23 per barrel. Those losses came as investors continued to track the spread of the omicron Covid variant , with the World Health Organization recently warning that the number of cases is doubling in 1.5 to 3 days in areas with community spread. In Europe, the Netherlands went into lockdown from Sunday till at least Jan. 14 amid fears that its healthcare system ""will become overburdened in January."" Elsewhere, Britain has also been seeing a surge in Covid infections . The U.S. dollar index , which tracks the greenback against a basket of its peers, was at 96.593 after recently climbing from below 96. The Japanese yen traded at 113.40 per dollar, stronger than levels above 114 seen against the greenback last week. The Australian dollar was at $0.7091, off levels above $0.72 seen last week",550,True,2,False,Asia Markets,2021-12-20,False,1.3519444444444444,2021-12-21
https://www.cnbc.com/2022/01/20/us-sanctions-four-russian-linked-actors-for-allegedly-working-to-destabilize-ukraine.html,2022-01-21 12:28:17 AM WIB,U.S. sanctions four Russian-linked actors for allegedly working to destabilize Ukraine,"U.S. sanctions four Russian-linked actors for allegedly working to destabilize Ukraine. The Biden administration on Thursday imposed sanctions on four individuals accused of working at the direction of the Russian government to destabilize Ukraine. The sanctions come as world leaders brace for a possible Russian invasion of Ukraine and work with allies to deter the Kremlin from launching an attack. But the Treasury Department said the new penalties are ""separate and distinct"" from a range of ""high impact"" economic and financial sanctions that the U.S. is threatening to impose on Russia if it further invades Ukraine. At a press conference a day earlier, President Joe Biden said he expected President Vladimir Putin would invade Ukraine, while vowing that such a move would be ""a disaster"" for Russia . Thursday's sanctions target two ""pawns"" of Russian intelligence in Ukraine and two ex-Ukrainian officials backing Russia, the Treasury said in a press release. ""The United States is taking action to expose and counter Russia's dangerous and threatening campaign of influence and disinformation in Ukraine,"" said Deputy Treasury Secretary Wally Adeyemo in the release. ""We are committed to taking steps to hold Russia accountable for their destabilizing actions."" The Treasury accused the Kremlin of enacting in 2020 a ""comprehensive"" influence operation to co-opt its sympathizers in Ukraine while undermining prominent Ukrainians viewed as obstacles to a Russian takeover of its government. The agency noted that Russia has used disinformation tactics for over a decade in other nations, including the U.S. since at least 2016. The new sanctions were imposed on Taras Kozak, Oleh Voloshyn, Volodymyr Oliynyk and Vladimir Sivkovich. Kozak and Voloshyn, two current Ukrainian Members of Parliament, are ""at the heart"" of Kremlin efforts to recruit government officials in order to take over Ukraine and control it with an occupying force, the Treasury said. Kozak is designated for his involvement in interference efforts in foreign government elections on Russia's behalf. He is accused of undermining Ukrainian leaders and amplifying false narratives about the 2020 U.S. elections. Voloshyn is sanctioned for working for Russia. Treasury accused him of working with Konstantin Kilimnik, an accused Russian agent who worked with former Trump campaign chairman Paul Manafort, to share information to influence the U.S. election. Oliynik and Sivkovich are former Ukrainian officials. Oliynyk, who lives in Moscow, worked at the direction of the Russia's FSB intelligence wing to gather information about Ukraine's infrastructure, Treasury said. Sivkovich ""worked with a network of Russian intelligence actors to carry out influence operations"" supporting Russia's goals, Treasury alleged. Both are sanctioned for working for Russia",585,True,2,False,Politics,2022-01-21,False,7.528611111111111,2022-01-24
https://www.cnbc.com/2022/01/24/putin-afraid-of-backlash-but-may-still-invade-ukraine-ex-ambassador.html,2022-01-24 06:11:40 PM WIB,"Russia could invade Ukraine, but Putin might be afraid of the backlash, says ex-U.S. ambassador","Russia could invade Ukraine, but Putin might be afraid of the backlash, says ex-U.S. ambassador. Many people believe that Vladimir Putin could invade Ukraine, but the Russian president may be afraid of the consequences that Washington has warned about, a former U.S. ambassador to Ukraine said Monday. The notion that Russia may escalate the situation in Ukraine is ""reasonable"" given the thousands of troops at the border and the constant aggression from Moscow, said John Herbst, who is now senior director of the Atlantic Council's Eurasia Center. The United States and its allies are concerned that Russia will attack Ukraine, possibly in the coming weeks, though Moscow says it has no plans to invade the Eastern European country. U.S. President Joe Biden's framework to push back against Russia consists of sending weapons to Ukraine, moving NATO forces along Russia's border and punishing sanctions if an invasion happens. ""My personal view is that's a possibility, but I think [Putin] is afraid of the response,"" Herbst told CNBC's ""Street Signs Asia"" on Monday. ""If Putin decides that, in fact, the Biden response is more bluff than reality, Russian troops may wind up in large numbers in Ukraine, beyond the numbers that are currently in Donbas and in Crimea,"" he said. ""I suspect that at a minimum, this confrontation will play out for six or eight weeks."" Herbst said the United States and its allies need to push back hard against Russia since appeasement did not work in the past when Moscow invaded Georgia and Crimea and ""suffered almost no consequences."" The U.S. plan now is ""reasonable,"" but not sufficiently active, he said. ""It needs to be stronger and faster, and we need to do it in conjunction with our allies."" Additionally, Herbst said there's ""almost no chance of Russia winning"" a long-term war with Ukraine. That's because a large majority of Ukrainians ""despise the Kremlin"" for its aggression and will fight back. Moscow's military is much stronger, but in the long run, it will be difficult for Russia to hold on to cities it has seized, he predicted. Russia's overall geopolitical position will also worsen if it invades Ukraine, he added. ""If Russia sends those troops into Ukraine, the chances of Sweden or Finland joining NATO go way up,"" he said, adding that Putin's actions have made NATO membership a ""serious question"" for the two countries. For now, it's unclear what will happen next, but Putin sees the threat of a military conflict as something that improves Russia's negotiating position, according to Oleg Ignatov, senior analyst at the International Crisis Group. It's a good sign that Russia hasn't withdrawn from talks even though they have not yielded any results, he said. ""If Russia withdraws, it will mean war,"" Ignatov told CNBC's ""Capital Connection"" on Monday. ""To continue negotiations is the best solution that is possible right now,"" he said",641,True,2,False,Politics,2022-01-25,True,13.805555555555555,2022-01-26
https://www.cnbc.com/2022/02/01/putin-could-backs-down-from-war-with-ukraine-without-looking-weak.html,2022-02-01 03:50:53 PM WIB,Putin can still back down from war with Ukraine without looking weak — but will he?,"Putin can still back down from war with Ukraine without looking weak - but will he?. Tensions between Russia and the West remain high after the U.S. refused to cede to President Vladimir Putin 's demands, but analysts say it's not too late for him to back down from a military confrontation with Ukraine. The world is awaiting Russia's response after Washington refused to bow to Moscow's demands over Ukraine, including that the country is never admitted to NATO, and that the military alliance's deployments in Eastern Europe are rolled back. While Russia considers its next move, there remain heightened concerns that Putin could be poised to give Russian troops a greenlight to invade Ukraine. Despite insisting repeatedly that it has no plans to launch a military incursion, Russia has stationed around 100,000 troops at various locations along its border with Ukraine, as well as massing troops inside neighboring Belarus - its ally - as well. There have been scores of diplomatic talks between Russian and Western officials in recent weeks aimed at breaking a deadlock over Ukraine and dialing down the potential for a military confrontation, but so far it is unclear which side will blink first. How far Putin will go - and whether he will back down - when Russia's pride and geopolitical interests are at stake (or at least seen to be in Moscow) is uncertain. Putin is known for his strongman image in Russia, and with the oppression of opposition figures and independent media, the Kremlin is able to control the domestic narrative when it comes to the president. As such, analysts say that Putin has room to maneuver without losing face, but only if he chooses to do so. Maximilian Hess, fellow at the Foreign Policy Research Institute, told CNBC that, ""yes, Putin has cultivated a strongman image, but he has sufficient control of the image and narrative-setting ability that means de-escalation will not be perceived as weakness by the majority of the Russian public."" Ironically, Hess argued, the more military hardware that NATO deploys to Eastern Europe, and the more the West threatens Russia with sanctions, the harder it is for Putin to backtrack. ""Putin can still back down without major domestic repercussions, though the more material the West commits to Eastern Europe in general does arguably make it somewhat harder,"" he said. ""Major new sanctions would also make it far more difficult, and less desirable from Putin's point of view, though so far the West has stressed these will be a response to Russian action, not pre-emptive (the argument gets more complex around Nord Stream 2 of course)."" Hess added that there could be ""elite constituencies"" within Russia's military and intellectual far right that prefer war with Ukraine, ""but Putin's system is fairly resilient to policy disagreements among the elite."" Unsurprisingly, the West's faith in Russia is very low given its annexation of Crimea from Ukraine in 2014 and support for pro-Russian separatists in the Donbas region in the east of the country, a move which has further fomented distrust. Many analysts believe that a smaller incursion in the Donbas region by Russia is possible - or even likely. This would both save face and destabilize Ukraine, while potentially gaining pro-Russian territory. Hess said an attempted annexation of the Donbas was his baseline scenario. ""I think Putin can respond to a breakdown in talks or other 'negative' policy outcome (from the Kremlin's point of view) by limiting major action to the Donbas without prompting the more dramatic sanctions responses the West has laid out,"" Hess said. Ostensibly, Russia's goals are to maintain its sphere of influence over former Soviet states and to stop an eastward expansion of the Western military alliance NATO. Russia says it has no intention of invading Ukraine and just wants to protect its own security interests. Putin has described the fall of the Soviet Union as one of the greatest catastrophes of the 20th century and has extolled the unity of Russia and Ukraine, emphasizing the two countries' shared historical, linguistic and cultural ties. This apparent ""closeness"" of the two countries could be a reason why there appears to be little appetite for war among the Russian public. ""There was no societal demand for Putin to play as rough as he does to begin with ... there was no demand for escalation at all - so any de-escalation would be welcomed by Russians,"" Anton Barbashin, editorial director of Russian affairs journal Riddle, told CNBC on Monday. ""It goes without saying that official rhetoric and media can make almost any resolution of the conflict a victory for Putin, so it would not challenge his position at home substantially, at least among the Russian public,"" he noted. However, Barbashin said there was a schism between a Russian public reluctant to see a war with Ukraine (particularly if it could lead to ""Russian boys"" dying during any confrontation) and the military and conservative elites in Russia. ""For the military and generally Russia's conservative elites, backing down now would not make sense, [as] none of the major goals have been reached. They tend to expect Putin to continue to stay firm or even up the ante,"" he said. Hess agreed that, unlike the buildup to the 2014 annexation of Crimea when Russian public sentiment supported an incursion, this time around there had been less anti-Ukraine propaganda. ""I don't think the Russian public is baiting for war, nor has the Kremlin propaganda focused on demonizing Ukrainians to anywhere near the same extent as it did in 2014, even if it remains very hostile to the government in Kyiv,"" Hess noted. For now, the world is left guessing how Putin will react to the U.S. responses to Russia's demands, hand-delivered to the Kremlin last week by the U.S. ambassador in Moscow. While the exact details of the U.S. response to Russia were not published, it was met with a frosty response in Moscow. Nonetheless, both sides continue to talk . U.S. State Secretary Antony Blinken is due to speak with his Russian counterpart Sergey Lavrov on Tuesday, while other Western leaders also look to persuade Putin to dial down tensions this week. British Prime Minister Boris Johnson said on Monday he would tell Putin to ""step back from the brink"" over Ukraine when the two leaders speak later this week. Not everyone believes Putin is ready to roll over when it comes to Ukraine, however. Ian Bremmer, founder and director of Eurasia Group, said he believes Putin is prepping the Russian public for an incursion by demonizing the Ukraine and the West. ""Putin controls the narrative at home (especially given power of state media), so it's not a really a question of what he can sell,"" told CNBC on Monday. ""But this also makes it easier for him to make the decision to escalate - he's convinced Russians that war is coming and it's all the fault of Ukraine and NATO."" Bremmer said Putin would lose credibility on a global stage if he backs down, particularly among certain quarters, such as countries traditionally allied with Russia. For this reason, he said, ""it's important for Putin to have escalatory options that aren't just about invading Ukraine."" These could include sending a permanent military presence and nuclear weapons to Belarus, ""or even establishing bases in the Western hemisphere (Cuba, Venezuela) as the deputy foreign minister has suggested,"" Bremmer added",1555,True,4,False,Europe Politics,2022-02-02,True,16.151944444444446,2022-02-03
https://www.cnbc.com/2022/02/10/iran-nuclear-talks-restart-as-critical-time-pressure-and-distrust-builds.html,2022-02-10 08:43:04 PM WIB,Iran nuclear talks restart as critical time pressure and distrust builds,"Iran nuclear talks restart as critical time pressure and distrust builds. Negotiations aimed at reviving the 2015 Iran nuclear deal restarted in Vienna this week, more than ten months after they first began and weighed down by yet more uncertainty and mutual distrust. And time is of the essence. With each passing week Iran's nuclear capabilities grow, making a return to a deal less and less likely. U.S. Special Envoy for Iran Rob Malley is in the Austrian capital for indirect talks mediated by European diplomats, since Washington and Tehran aren't talking directly. The Biden administration believes a deal is in sight - but if nothing is reached within a few weeks, it could be too late. ""Our talks with Iran have reached an urgent point,"" White House spokeswoman Jen Psaki told reporters on Wednesday. ""A deal that addresses the core concerns of all sides is in sight. But if it's not reached in the coming weeks, Iran's ongoing nuclear advances will make it impossible for us to return to the JCPOA,"" she said, referring to the agreement's formal name, the Joint Comprehensive Plan of Action. In 2018, the administration of former President Donald Trump unilaterally ditched the deal - which had lifted economic sanctions on Iran in exchange for curbs to its nuclear program. Since then, Tehran has made significant progress in terms of its nuclear activity, increasing uranium enrichment and stockpiles far beyond the parameters of the 2015 agreement. This means it has shrunk its ""breakout time,"" or the amount of time it would take to be able to build a nuclear bomb. Iran's leaders say the moves are in response to U.S. sanctions, reimposed by Trump, that have crippled its economy. In need of economic relief, Iran agreed to engage in six rounds of indirect talks revived by the Biden administration between April and June of 2021. But the election of hardline anti-Western cleric Ibrahim Raisi to the Iranian presidency in late June put the talks on hold until November. Since then, they have become bogged down in disagreements over previous negotiations, and no significant progress has been made on solving the remaining points of contention. And those points of contention are, so far, looking very difficult to surmount. The U.S. is demanding a reversal of Iran's nuclear advancements, and Iran wants sanctions lifted - but both sides want the other to make the first move. And given that the Biden administration can't guarantee a new deal will be ironclad, considering how quickly the Trump administration tore up the original one, trust is essentially nonexistent. ""The biggest current obstacle is lack of trust particularly on the Iranian side,"" said Ryan Bohl, a Middle East and Africa analyst at Rane Risk Intelligence. This means the Biden administration could have to make greater concessions to Iran if it wants a deal to happen. ""The U.S. is accepting that it needs to go further this time to rebuild a sense of Iranian trust and moreover to accept the political realities that have come with President Raisi's election,"" Bohl told CNBC. ""The hardliners were proven right by Trump's withdrawal from the treaty, and that vindication makes it more difficult for the U.S. to convince that same group that's now in power that a nuclear deal is worthwhile."" At the same time, Iran has been posturing and sending the message that it's a force to be reckoned with. It revealed a new ballistic missile on Wednesday, as its top security official Ali Shamkhani said that in the U.S., ""there is no coherence...to make political decisions in the direction of advancement"" of the deal. ""The ballistic missile unveiling I tend to think of as a relatively routine demonstration of military technology that's fitting into their wider strategy of showcasing how much trouble they can cause if military escalations begin,"" Bohl said. The talks also come after several weeks of drone and missile attacks on the United Arab Emirates by Yemen's Houthi rebels, who are supported by Iran. The Biden administration ""has essentially laid its cards on the table,"" political risk firm Eurasia Group wrote in an analyst note Wednesday. ""Washington is willing to accept a deal with substantially weaker nuclear constraints on Iran compared with the 2015 agreement, in terms of breakout time, and to offer Iran sanctions relief or assurances beyond the scope of JCPOA ... Washington's argument is essentially that some limits are better than none,"" it said. Tehran's uranium stockpiles have been enriched to near-weapons grade, and its increasingly advanced centrifuges mean it is reaching a point of no return that could soon render the original JCPOA's non-proliferation benefits futile. Over the first year of Biden's term, ""Tehran built significant leverage in the form of irreversible nuclear knowledge without having to pay a price,"" said Behnam Ben Taleblu, a senior fellow at the Foundation for Defense of Democracies in Washington D.C. ""This success will continue to tempt Iran to escalate further or get a deal more on its terms."" Importantly, there is also very little appetite in Washington for escalation with Iran, and Biden is keen to reverse a major foreign policy legacy of Trump's by bringing back the deal. Still, continued deadlock could lead the administration to reverse course and take more aggressive measures, though it has not specified what those measures may be. ""Put differently,"" Ben Taleblu said, ""every impression out of Vienna thus far is that Iran remains in the driver's seat.""",1172,True,3,False,World Politics,2022-02-11,True,11.282222222222222,2022-02-12
https://www.cnbc.com/2022/02/15/as-russia-ukraine-crisis-unfolds-china-and-taiwan-are-watching.html,2022-02-15 04:46:35 PM WIB,"As the Russia-Ukraine crisis unfolds, China and Taiwan are watching","As the Russia-Ukraine crisis unfolds, China and Taiwan are watching. With the world wondering whether Russian President Vladimir Putin will order an invasion of smaller neighbor Ukraine, political analysts say that China, in particular, is watching with interest given its own claims on Taiwan. China has repeatedly declared an intention to reunify with Taiwan , an island off the coast of China that is democratically self-governed but claimed by the People's Republic of China. None of the analysts who spoke to CNBC suggested that a Russian attack on Ukraine would precipitate a Chinese attack on Taiwan. But they said China and Taiwan are monitoring developments in Ukraine closely. Chinese President Xi Jinping ""is looking to see how much will the United States is able to muster relative to Ukraine, and will always have Taiwan in mind, because Beijing always has Taiwan in mind,"" Robert Daly, director of the Kissinger Institute on China and the U.S., told CNBC last week. ""But I wouldn't set up the two, Ukraine and Taiwan, as exactly parallel in this case. I think China knows that Taiwan is more important to the United States,"" he said, adding that the island is central to American security strategy in the Western Pacific. China's foreign affairs ministry did not respond to a request for comment from CNBC. However, Beijing and Moscow this month declared a ""no limits"" partnership ahead of the Winter Olympics in China. Putin and Xi released a joint statement on Feb. 4 calling on the West to ""abandon its ideologized Cold War approaches"" and declaring their opposition to NATO expansion. Preventing Ukraine, once part of the Soviet Union, from joining the Western, democratic alliance is a central strategic goal for Putin. Ian Bremmer, president and founder of consulting firm Eurasia Group, noted ahead of that statement that China had been generally supportive of the Russian position on Ukraine but hadn't been ""particularly active in taking a stand."" ""It's important to recognize the growing alignment between Russia and China,"" Bremmer said in a research note. He said that ""in the event of any further escalation and U.S./European sanctions against Russia, the Chinese government is likely to step in and provide more economic and technological integration with Moscow."" Such a move would ""dramatically tighten the relationship between America's two most significant adversaries,"" he said. Bremmer told CNBC in emailed comments that China ""might see more room for maneuver in terms of economic and political pressure, but there's no green light on invasion [of Taiwan] or any other fundamental change to the existing status quo."" ""The Biden administration has consistently delivered a message that Taiwan is not Afghanistan, it's not Ukraine ... and [the] Chinese leadership has received that message,"" he noted. Taiwan openly condemned a section of the joint statement from Russia and China that stated that ""the Russian side reaffirms its support for the One-China principle, confirms that Taiwan is an inalienable part of China, and opposes any forms of independence of Taiwan."" Taiwan's Foreign Ministry issued a statement saying it ""solemnly protests and strongly condemns this false and derogatory statement."" ""It not only increases the Taiwanese people's disgust at and loathing for the Chinese government's arrogance and bullying, it also clearly shows all the world's countries the sinister face of the Chinese Communist regime's aggression, expansionism and damaging of peace,"" it said. CNBC received no response from China's foreign affairs ministry seeking a response to the Taiwanese statement. Taiwan's Mainland Affairs Council also was not immediately available for follow-up. DJ Peterson, president of geopolitical advisory firm Longview Global Advisors, told CNBC that Taiwan sees parallels between itself and Eastern European countries in the shadow of a bigger, more powerful state. Taiwan has sought deeper relations with the Baltic States. Lawmakers from Latvia, Lithuania and Estonia met with Taiwan President Tsai Ing-wen in November. ""Taiwan is obviously clearly following what's going on in Eastern Europe very closely, and they do see a very close parallel,"" Peterson told CNBC on Thursday, likening Ukraine and Taiwan as ""weaker neighbors"" to ""large regional hegemons."" ""I think what matters for Taiwan is, if there was a significant action in Ukraine, Beijing will be watching the level of sanctions, the intensity of sanctions,"" Peterson said. ""The interesting thing right now is, there's no sanction scenario for Taiwan, and so we really don't know what that would look like."" Political analysts say that while China will be following the Russia-Ukraine crisis, that doesn't mean it's encouraged to carry out its own military action against Taiwan. Beijing ""has economic interests and a shared goal with Russia in undermining Western soft power and liberal institutions,"" said Julia Pamilih, the director of the China Research Group, a group of U.K. lawmakers. ""But Taiwan is not Ukraine. And Beijing's strategy to shift the cross-Straits status quo in its favour is as much economic and diplomatic as it is military,"" she said in emailed comments last week. China maintains what it calls a ""unification"" policy with Taiwan, with Xi saying last October that ""the historical task of the complete reunification of the motherland must be fulfilled, and will definitely be fulfilled."" That same month, Taiwan protested repeated incursions by Chinese warplanes into Taiwan's air defense zones. Despite a deepening strategic partnership between Russia and China, ""a military escalation between Russia and Ukraine would be unlikely to prompt an opportunistic mainland invasion of Taiwan,"" said Andrius Tursa and Gabriel Wildau, the central and eastern Europe advisor and managing director at Teneo Intelligence. ""Beijing's calculus on such an invasion extends beyond military considerations to include the diplomatic and economic impacts. Events in Ukraine will do little to shift Beijing's judgment that these impacts would be catastrophic,"" they said in a note Tuesday. ""However, if the deteriorating security situation in Europe requires the US military, especially the navy, to re-position assets away from the Asia Pacific region, Beijing might take advantage by increasing activities in the South China Sea and Taiwan Strait as a way to signal to Taiwan and the rest of the region that the U.S. is an unreliable security partner."" Bonny Lin, senior fellow for Asian security and director of the China Power Project at the Center for Strategic and International Studies, told CNBC's ""Squawk Box Asia"" on Monday she doesn't think Taiwan is at risk for now. Lin acknowledged that some have drawn parallels between Ukraine and Taiwan, ""and some of those are valid in the sense that Ukraine and Taiwan both face stronger neighbors, Russia and China, and they're both under pressure. But China has a completely different timeline for Taiwan, and China has a number of non-military options they can use on Taiwan."" ""So even if United States is distracted in Ukraine, China doesn't necessarily need to move on Taiwan now,"" Lin said. ""In fact, there's no signs that China is ready to move on Taiwan anytime soon.""",1489,True,4,False,Politics,2022-02-16,True,15.223611111111111,2022-02-17
https://www.cnbc.com/2022/02/23/putin-seeks-regime-change-and-is-likely-to-invade-ukraine-analyst-.html,2022-02-23 02:51:21 PM WIB,"Putin seeks 'regime change' and will likely invade the rest of Ukraine, says security analyst","Putin seeks 'regime change' and will likely invade the rest of Ukraine, says security analyst. Russian President Vladimir Putin is seeking ""regime change"" and will likely go all the way and invade the rest of Ukraine, according to a former director for Russia at the National Security Council. "" I think given the size of the force, the rhetoric we've heard about Ukraine overall and its statehood, I think you're going to see him [Putin] go all the way,"" Jeffrey Edmonds told CNBC's ""Squawk Box Asia"" on Wednesday. Putin ordered troops into two pro-Moscow regions in eastern Ukraine on Monday, after announcing he would formally recognize the independence of the separatist areas. In a swift response to the incursion, the U.S. and U.K. on Tuesday announced fresh sanctions targeting Russian financial institutions, individuals and sovereign debt. President Joe Biden called Russia's actions constitute the beginning of ""an invasion"" of Ukraine, threatening more U.S. sanctions could come. Putin will likely go ""all the way to the capital,"" Edmonds said, referring to Kyiv, the Ukrainian capital. ""What you're seeing right now is a lot of false flag operations. These claims... [that] the people on the East are having to fight back this onslaught of Ukrainian offensives, which just isn't true,"" Edmonds added. Russia's state-controlled media previously claimed that Ukrainian government forces had launched shelling strikes against Moscow-backed rebels in the East. The U.S. previously warned that Moscow could use false claims about the conflict as a pretext for an invasion of Ukraine. ""This is the pretext he's trying to create so that when he actually invades the rest of Ukraine, that's his reason for going in,"" said Edmonds, who is currently a senior analyst at CNA Corporation, a security research and analysis firm. Asked whether he was referring to a regime change, he added: ""We are."" The Kremlin will now recognize the rebel-held regions of Donetsk and Luhansk - areas controlled by Russia's proxies since 2014. Despite earlier claims it would withdraw some troops, Russian has amassed more troops at its border with Ukraine in recent days. The U.S. estimates Moscow has stationed between 169,000 to 190,000 military personnel near Ukraine - up from 100,000 on Jan. 30. Given the significant military build-up, it doesn't make sense for Putin to just hold on to the separatist territories, Edmonds said. ""He's had these territories since 2014, so just moving more troops in there, I don't think gets him what he wants,"" he said. On Tuesday, NATO Secretary General Jens Stoltenberg, said there is ""every indication"" that Russia is planning for a full scale attack on Ukraine. ""We see that more and more of the forces are moving out of the camps and are in combat formations and ready to strike. And we see the ongoing provocations in Donbass and the different false flag operations where they try to create a pretext for an attack,"" Stoltenberg said at a press briefing , following an extraordinary meeting of the NATO-Ukraine Commission. Donbass refers to the industrialized region in eastern Ukraine, where the separatist regions of Donetsk and Luhansk are located. The main reason for Putin's aggression toward Ukraine is to reinforce Russia's security importance in Europe, according to Edmonds. He wants to ensure that Moscow is deeply involved in ""any kind of decisions or the overall structure in Europe,"" he said. It's about ""restoring Russia to the place, it believes it leads in Europe."" U.S. Secretary of State Antony Blinken on Tuesday called off his planned meeting with Russian Foreign Minister Sergey Lavrov , citing Moscow's continued troop movement into Ukraine. The sanctions will be ""biting"" and have a direct impact on the Russian economy, but this has been a ""hot conflict for eight years,"" said Jonathan Katz, a director of Democracy Initiatives and senior fellow with the German Marshall Fund of the United States. He was referring to Russia's illegal annexation of Crimea in 2014. ""We've crossed the threshold with Mr Putin's speech two days ago, and his willingness to go into Donbass with Russian troops,"" Katz told CNBC. ""I think we were further from peace than we were three days ago, a week ago, two weeks ago,"" he added. ""Hot conflict, Cold War - I think they're both mixed together into what is, unfortunately, going to be something that the United States, NATO, the EU and its partners will be dealing with for a long time,"" he said",987,True,3,False,Europe Politics,2022-02-24,True,17.144166666666667,2022-02-25
https://www.cnbc.com/2022/02/24/what-to-watch-today-wall-street-set-to-sink-after-russias-invasion-of-ukraine.html,2022-02-24 08:26:44 PM WIB,What to watch today: Wall Street set to sink after Russia's invasion of Ukraine,"What to watch today: Wall Street set to sink after Russia's invasion of Ukraine. Global markets plunged Thursday after Russia launched an invasion of Ukraine in the early morning hours. Dow and S&P 500 futures dropped more than 2% each. Nasdaq futures sank nearly 3%. Losses of this magnitude at the open would put the Nasdaq in a bear market, as defined by declines of 20% or more from recent highs. (CNBC) The Dow on Wednesday joined the S&P 500 and Nasdaq in correction territory. The Dow and Nasdaq logged their fifth straight session of losses . The S&P 500 saw its losing streak extend to four sessions in row. Investors sought the perceived safety of bonds, pushing prices higher and yields lower Thursday. The benchmark 10-year Treasury yield fell to 1.86%. (CNBC) U.S. crude and international oil prices spiked more than 8% on Thursday, both topping $100 per barrel for the first time since 2014. Shares of American oil companies, including Chevron (CVX) and Exxon Mobil (XOM), were among the beneficiaries in premarket trading. The reason for the surge in energy prices: Russia is a major global producer of oil and natural gas, which surged 6% on Thursday. (CNBC) Any long-term spike in energy prices could exacerbate soaring inflation in the U.S. and complicate the Federal Reserve 's path for multiple interest rate increases this year. On one hand, central bankers need to weigh the possibly of even stronger price pressures - which could argue for more aggressive hikes - against a knock on the economy and markets - which could argue for a more gradual tightening. (CNBC) Gold surged more than 3% on Thursday to more than $1,970 per ounce, the highest prices in over a year . Like bonds, gold is seen a haven in times of geopolitical turmoil. Bitcoin , viewed in crypto circles as a store of value like gold, plunged roughly 7% on Thursday to a one-month low of around $35,100. The world's biggest digital currency has dropped about 50% from all-time highs in November. (CNBC) Russia's wide-ranging attack Thursday on Ukraine included airstrikes in cities and bases, and ground movements. Ukraine's government said Russian tanks and troops rolled across the border and accused Moscow of unleashing a ""full-scale war."" Russian President Vladimir Putin said overnight that the goal of the ""special military operation"" in Ukraine is ""demilitarization."" (AP) U.S. President Joe Biden is expected to address the nation Thursday afternoon. Ahead of the attack, the United States and other Western nations levied sanctions against Russia. A second wave of economically punitive measures is widely expected. NATO will ""further increase our presence in the eastern part of the alliance"" in the coming days and weeks, Secretary-General Jens Stoltenberg said Thursday . (AP) Norwegian Cruise Line (NCLH) fell 7% in premarket trading after reporting a quarterly loss that was wider than anticipated, and revenue that missed estimates as well. It's among travel stocks under pressure this morning, stemming in large part from Russia's invasion of Ukraine. Booking Holdings (BKNG) reported adjusted quarterly earnings of $15.83 per share, well above the $13.64 consensus estimate, with the travel services company's revenue also topping Wall Street forecasts. The company said there will be periods this year when Covid negatively impacts travel. Shares fell 7.6% in the premarket amid weakness in travel stocks. Moderna (MRNA) said Thursday it anticipates selling at least $19 billion of its Covid vaccine this year, after reporting quarterly results that blew out analyst earnings and revenue estimates. The company's shares fell about 5% in the broader premarket sell-off. EBay (EBAY) - EBay came in 6 cents above estimates with quarterly earnings of $1.05 per share, while the e-commerce company's revenue was in line with forecasts. However, the stock is under pressure after eBay forecast weaker-than-expected current quarter results. EBay lost 8.4% in premarket action. Live Nation (LYV) jumped 5.4% in a down market after reporting better-than-expected quarterly revenue and saying it has already sold 45 million tickets for 2022 events even as ticket prices rise substantially. SeaWorld Entertainment (SEAS) earned 92 cents per share for its latest quarter, well above the 29 cent consensus estimate. Revenue came in above forecasts, more than doubling a year ago, with park visitors spending more per person than they had prior to the pandemic. Gannett (GCI) tumbled 13.6% in the premarket after it posted a wider-than-expected loss for its latest quarter and revenue below estimates. Gannett also said it expects revenue to fall this year, although it still expects to be profitable. Alibaba (BABA) fell 2.5% in premarket trading after it reported its slowest-ever growth in quarterly revenue since going public in 2014. Sales fell below analyst forecasts as competition intensified. However, its quarterly earnings beat estimates. Wayfair (W) slid 9.5% in the premarket after posting a wider-than-expected quarterly loss. Wayfair's results were pressured by a double-digit decline in international sales. Papa John's Pizza (PZZA) reported better-than-expected profit and revenue for its latest quarter, as profit margins improved even in the face of increased costs. Papa John's did not provide 2022 guidance due to uncertainties related to Covid-19. Hertz Global (HTZ) beat estimates by 15 cents with an adjusted quarterly profit of 91 cents per share, though the car rental company's revenue fell slightly short of analyst projections. Demand for rental cars remained strong during the quarter, although Hertz is still experiencing post-bankruptcy restructuring expenses. Hertz fell 8.4% in the premarket amid an overall drop in travel stocks",1281,True,3,False,morning brief,2022-02-25,True,11.554444444444444,2022-03-01
https://www.cnbc.com/2022/02/26/russia-ukraine-news-how-the-conflict-is-disrupting-air-travel.html,2022-02-26 11:18:21 PM WIB,"No-fly zones, canceled flights: How Russia’s invasion of Ukraine is disrupting air travel","No-fly zones, canceled flights: How Russia's invasion of Ukraine is disrupting air travel. Russia's invasion of Ukraine this week is ripping through the air travel industry, prompting no-fly zones and other restrictions. Ukraine closed its airspace to civilian flights moments before Russia invaded early Thursday, choking off an exit point. Lufthansa said Saturday that it will suspend flights to Russia for the next seven days and not use Russian airspace ""due to the current and emerging regulatory situation."" ""Flights that are in Russian airspace will leave it shortly,"" the company said in a statement. ""Lufthansa Group continues to monitor the situation closely and is in close exchange with national and international authorities."" Discount carrier Wizz Air said Friday that it was trying to evacuate crews stranded in Ukraine. ""We are still working hard to get them out at the earliest opportunity,"" spokeswoman Christie Rawlings said in an emailed statement. ""We are in regular contact with all of the crew and can confirm that many of them have been able to get out of the country via ground transport. The majority of our employees based there are Ukrainian nationals."" KLM Royal Dutch Airlines previously halted Ukraine flights. KLM told CNBC on Friday that it was also cutting some of its flights to Russia so crews wouldn't have to overnight there. No-fly zones for aircraft were extended to Moldova and parts of eastern Russia. Many airlines have avoided eastern Russia since Malaysia Airlines flight MH17 was shot down by a Russian missile there in 2014. The backlash to Russia's invasion included British officials banning Russian carrier Aeroflot from landing there, resulting in retaliation from Russia that prohibits British carriers from using its airspace. Some airlines were rerouting planes around the potential conflict zone in the days before the invasion. ""Any diversions that aircraft have to make around the no-fly zone is going to add to fuel costs,"" said Bruce Chan, a logistics analyst at Stifel. Higher costs would come at a time when airlines are already grappling with a surge in fuel prices. United Parcel Service started flying a more southerly route around Ukraine last week. ""While this alternate routing adds additional time to the flight, we feel this is a viable alternative to continue to provide safe and efficient operations,"" the airline said in a message to pilots on Feb. 21. ""We will continue to monitor the situation and provide additional updates to you when we receive them."" Some international carriers had inquired about fuel and ground support availability at Anchorage Airport in Alaska, a major cargo airport, a spokesman told CNBC. The questions are a sign that airlines are developing contingency plans should more of Russian airspace be closed to them. Delta Air Lines , for its part, on Friday said it suspended its codeshare agreement with Aeroflot, which allowed the carriers to book seats on one another's flights",588,True,2,False,Transportation,2022-03-01,True,56.69416666666667,2022-03-02
https://www.cnbc.com/2022/02/27/bp-offloads-stake-in-russias-rosneft.html,2022-02-28 12:28:50 AM WIB,BP offloads its nearly 20% stake in Russia's Rosneft,"BP offloads its nearly 20% stake in Russia's Rosneft. British energy giant BP announced Sunday it was offloading its 19.75% stake in Rosneft, a Russian-controlled oil company. BP CEO Bernard Looney and former exec Bob Dudley are also resigning from Rosneft's board, effective immediately. Looney had been a director of Rosneft as one of two BP-nominated directors since 2020. Dudley had been a director since 2013, the company said. BP has worked in Russia for more than 30 years, but the Russian invasion of Ukraine has forced the company to reevaluate its holding. ""This military action represents a fundamental change,"" BP chair Helge Lund said in a statement. ""It has led the BP board to conclude, after a thorough process, that our involvement with Rosneft, a state-owned enterprise, simply cannot continue."" BP had been facing surmounting pressure from the British government to exit its stake in the company, The Wall Street Journal reported last week. British officials were accusing Rosneft of fueling the Kremlin's advance into Ukraine, the paper said. UK's business secretary Kwasi Kwarteng, who reportedly held a talk last week with BP, said on Twitter he welcomed the company's decision. ""Russia's unprovoked invasion of Ukraine must be a wake up call for British businesses with commercial interests in Putin's Russia,"" Kwarteng said. Rosneft had contributed about a third of BP's oil-and-gas production, according to the Journal. As a result of offloading its stake, BP said it expects to report a material non-cash charge with its first-quarter 2022 results in May",369,False,1,False,Markets,2022-03-01,False,31.519444444444446,2022-03-02
https://www.cnbc.com/2022/03/02/blinken-slams-putins-provocative-rhetoric-on-nuclear-weapons.html,2022-03-03 04:30:10 AM WIB,'Height of irresponsibility:' Blinken slams Putin's provocative rhetoric on nuclear weapons,"'Height of irresponsibility:' Blinken slams Putin's provocative rhetoric on nuclear weapons. WASHINGTON - Secretary of State Antony Blinken criticized Russian President Vladimir Putin's rhetoric around Moscow's nuclear posture and warned of potential miscalculations. ""Provocative rhetoric about nuclear weapons is the height of irresponsibility,"" Blinken told reporters at the State Department . ""It's dangerous and it adds to the risk of miscalculation,"" the nation's top diplomat said, adding the U.S. has not taken steps to alter its own nuclear posture. Of the world's combined nuclear weapons inventory, the United States and Russia own the lion's share with approximately 4,000 warheads each . Pentagon spokesman John Kirby echoed similar sentiments later on Wednesday, calling Putin's rhetoric ""unacceptable."" ""Such provocative rhetoric and possible changes to nuclear posture involving the most consequential weapons in our respective arsenal's is unacceptable,"" Kirby said. Kirby also said that Secretary of Defense Lloyd Austin postponed a planned launch of a Minuteman III intercontinental ballistic missile this week in order to ""demonstrate that we are a responsible nuclear power."" ""It's not a step backwards in our readiness, nor does it imply that we will necessarily cancel other routine activities to ensure a credible nuclear capability,"" Kirby said, adding that the U.S. remains confident in its current strategic posture. Over the weekend, Putin placed his nation's nuclear forces on high alert amid tensions with the West over the invasion of Ukraine. Putin, speaking in a meeting on Sunday with his top defense officials, cited ""aggressive statements"" made against Russia by NATO as a reason to order the elevation. Last week, a senior Biden administration official called Putin's nuclear deterrence references ""escalatory and totally unnecessary."" ""At every step of this conflict, Putin has manufactured threats to justify more aggressive actions,"" the official told NBC News. ""He was never under threat from Ukraine or from NATO, which is a defensive alliance that will not fight in Ukraine.""",424,False,1,False,Politics,2022-03-06,False,75.49722222222222,2022-03-08
https://www.cnbc.com/2022/03/08/people-are-fleeing-ukraine-this-guide-is-hosting-tours-along-the-way.html,2022-03-08 01:44:36 PM WIB,A travel guide is fleeing Ukraine — and hosting free online ‘tours’ along the way ,"A travel guide is fleeing Ukraine - and hosting free online 'tours' along the way. Her virtual tours around Kyiv normally attract between 30 and 100 people. But more than 1,800 tuned in to Olga Dudakova's livestreamed tours in Ukraine following the Russian invasion. The first tour was scheduled with only a few hours' notice, she said. ""It was totally unprepared,"" she said. ""I didn't have a plan ... I just wanted to show my soul and the tragedy of the situation. ... This war is totally unjustified, and it's unprovoked."" Dudakova said so many people were posting questions during the online tour that she could barely read them because they were scrolling by too fast. She said people were asking basic questions such as: What is happening? Where is the bombing? What is the reason for the war? But she didn't have the answers, she said. ""I don't know why we are attacked,"" she said. ""We are a peaceful country."" CNBC spoke to Dudakova four days after she left Kyiv for the safety of a smaller town. Her family was in such a rush to leave that she put on a pair of shoes she only later realized were mismatched. This is where Dudakova held her second tour, titled ""A Small Town to Hide from Bombing."" While she was livestreaming, Dudakova said she was stopped by police because speaking English in public raises suspicions - a situation which played out in front of viewers, some of whom commented about it on the tour webpage. ""The way in which Olga dealt with the police who questioned her was both terrifying and heartwarming,"" one review read. ""This incident did more to bring the horrors of war home to me than all the news broadcasts I have heard and seen."" Now, even this small town is no longer safe, said Dudakova. The Russian army is approaching, she said. When local authorities told residents to buy enough food and water to last a month, Dudakova decided to join the estimated 1.5 million residents who have fled Ukraine, a statistic tweeted this week by Filippo Grandi, the United Nations High Commissioner for Refugees. ""It's weird, you know, I'm a tour guide. ... I often tell about war - the atrocities that happened during war time,"" she said. ""But when you in are the circumstances, it is absolutely different."" Dudakova likened Putin to a ""wounded bear"" who's been ""humiliated"" on the international stage. ""We don't know what he's going to do in the end,"" she said. Dudakova's tours are livestreamed on Heygo , a virtual travel company that was launched during the pandemic. She called the website her main source of inspiration right now - a direct line to share what she is seeing and experiencing with people around the world. ""For the audience at Heygo, I'm kind of the representative of Ukraine, the representative of Kyiv because they can see what is really happening,"" she said. ""And, for me, they are like a community that's really helped me."" Tours are free, though viewers can tip. Before the invasion, people normally gave about 2 to 5 euros ($2 to $5) each, she said. But that's since changed, said Dudakova. Viewer support is now helping to fund her escape from Ukraine, she said. Dudakova was already a popular guide on Heygo, said Ani Chemilian, the company's chief of staff. But her decision to hold tours during the invasion allowed her to connect with more online travelers than ever before, said Chemilian. ""Dudakova's first tour after the announcement of the Russian invasion placed her in the top 3 most booked experiences on Heygo,"" she said. ""The other two are an Icelandic volcano eruption and a Haunted London tour."" Dudakova said she doesn't know when her next tour will be held, but people who follow her touring channel will be notified when she plans to log in again. This can be on short notice, she said, mainly because of intermittent internet connectivity. Dudakova said her youngest child isn't sleeping well and is frightened by slamming doors and other loud noises. Yet, she said, others have it worse. ""We are quite lucky because what is happening in other cities ... I don't have words to describe what is going on there. The things that are happening there are just beyond belief."" She said she felt the international reaction was slow at first, but has picked up, especially with sanctions piling up and the decision to disconnect select Russian banks from SWIFT , the interbank messaging system. However, she said, Ukraine can't win the battle alone. ""If you can look at the map at the size of Russia and the size of your Ukraine, it's just like David and Goliath,"" she said. Despite the devastation, Dudakova said the people of Ukraine are united. Russia ""can occupy physically the space, the territory, but they can never defeat people and the spirit,"" she said. ""What we are seeing now is the revival of Ukrainian spirit.""",1109,True,3,False,CNBC Travel,2022-03-10,True,42.25666666666667,2022-03-11
https://www.cnbc.com/2022/03/10/lavrov-russia-to-emerge-with-full-bill-of-health-downplays-sanctions.html,2022-03-10 11:54:17 PM WIB,"Russia will recover with a 'full bill of health,' says Lavrov, vowing to cut ties with the West","Russia will recover with a 'full bill of health,' says Lavrov, vowing to cut ties with the West. Russia's foreign minister on Thursday struck a defiant tone in the face of intensifying economic sanctions, saying that his country would recover from the crisis with a ""full bill of health"" and vowing never again to rely on Western partners. Sergey Lavrov told CNBC that Russia could handle its economy by itself as the pariah state becomes increasingly isolated by international powers seeking to stymie President Vladimir Putin 's invasion of Ukraine . ""Regarding our economic problems, we'll sort them out,"" Lavrov told CNBC's Hadley Gamble in Turkey following his talks with Ukrainian Foreign Minister Dmytro Kuleba . Lavrov noted that Russia has at various other points handled periods of economic isolation and difficulty. The longtime Russian minister added that he was no longer under any illusion that the West could be trusted, accusing it of betrayal. ""I assure you: We will come out of this crisis with a full bill of psychological health and a full bill of health regarding our awareness. We will not be under the slightest illusion that the West could be a reliable partner,"" Lavrov said via a translation. ""We will do everything so as never, in any way, to be dependent on the West in those areas of our life which have a decisive significance for our people,"" he said. It is unclear how Russia seeks to independently operate its economy moving forward. The Russian economy has fallen to its knees in the two weeks since the start of the Ukraine war as Western allies have sought economic means of pressuring Putin to end the conflict. The Russian ruble continued to tumble lower this week, reaching fresh record lows amid further financial exclusions, while trading on the Moscow stock exchange remains largely suspended. The Western sanctions are intended to collapse Russia's economy, and many economists suggest that they're likely to work. The Kremlin on Thursday said the country's economy was in ""shock"" in the wake of ""unprecedented"" economic war. Meantime, the pressure on Putin's elite inner circle continues to heat up, with Britain on Thursday adding Chelsea soccer club owner Roman Abramovich and six others to a growing list of oligarchs facing asset seizures under U.K., EU and U.S. sanctions. Lavrov said Thursday that the ongoing sanctions fly in the face of apparent Western democratic values, citing it as another example of untrustworthiness. ""Whoever heard of private property rights being trampled over by a simple clicking of the fingers? Whoever heard of the presumption of innocence, the pillar of the legal system in the West, is simply ignored and violated most gravely?,"" he said",566,True,2,False,World Economy,2022-03-11,True,8.095277777777778,2022-03-14
https://www.cnbc.com/2022/03/11/how-the-us-and-allies-cut-off-russia-from-the-global-economy.html,2022-03-12 12:46:53 AM WIB,How the US and allies cut off Russia from the global economy,"How the US and allies cut off Russia from the global economy. As Russia stepped up its aggression against Ukraine to the point of a full-fledged invasion, the U.S. and its allies unleashed a series of historic and unprecedented economic sanctions. ""It's a kind of coordination that we haven't seen in a multilateral sanctions program for a long time,"" said Esfandyar Batmanghelidj, CEO of Bourse & Bazaar, an economic think tank. ""And the second thing is basically speed, the way in which the sanctions have been very quickly applied to Russia. Moving from a period in which we were talking about quite targeted measures to basically broad financial sanctions is remarkable and is probably the most unprecedented aspect of the sanctions program so far."" Russia has now overtaken Iran as the most sanctioned country in the world. But as the historical example of that Middle East nation shows, sanctions also carry unintended consequences. What happens to everyday Russian citizens with their country being increasingly isolated from the world's financial and economic systems? Does Russia move closer to Western adversaries such as China and Iran? Watch the video above to find out what economic moves the U.S. and its allies have taken, and what's next as a new economic cold war continues",263,False,1,False,Defense,2022-03-14,True,55.21861111111111,2022-03-15
https://www.cnbc.com/2022/03/14/volunteers-sign-up-to-help-in-cyberwars-between-russia-and-ukraine-.html,2022-03-14 12:47:05 PM WIB,'For the first time in history anyone can join a war': Volunteers join Russia-Ukraine cyber fight ,"'For the first time in history anyone can join a war': Volunteers join Russia-Ukraine cyber fight. Cyber warfare related to the Ukraine-Russia conflict is surging as digital volunteers from around the world enter the fight. The number of cyberattacks being waged by - and on behalf of - both countries since the outbreak of the war is ""staggering,"" according to the research arm of Check Point Software Technologies. ""For the first time in history anyone can join a war,"" said Lotem Finkelstein, head of threat intelligence at Check Point Software. ""We're seeing the entire cyber community involved, where many groups and individuals have taken a side, either Russia or Ukraine."" ""It's a lot of cyber chaos,"" he said. In the first three days following the invasion, online attacks against Ukrainian military and governmental sectors increased by 196%, according to Check Point Research (CPR). They also modestly increased against Russian (4%) and Ukrainian (0.2%) organizations, according to the data, while simultaneously falling in most other parts of the world. Since then, Ukrainian authorities estimate some 400,000 multinational hackers have volunteered to help Ukraine, said Yuval Wollman, president of cyber security company CyberProof and the former director-general of the Israeli Intelligence Ministry. ""Grassroots volunteers created widespread disruption - graffitiing anti-war messages on Russian media outlets and leaking data from rival hacking operations,"" he said. ""Never have we seen this level of involvement by outside actors unrelated to the conflict."" Three weeks in, Ukraine continues to sustain a barrage of online attacks, with most aimed at its government and military, according to CPR's data. Moscow has consistently denied that it engages in cyberwarfare or assists cyberattacks. On Feb. 19, the Russian embassy in Washington said on Twitter that it ""has never conducted and does not conduct any 'malicious' operations in cyberspace."" CPR data shows attacks on Russia decreased over the same timeframe, said Finkelstein. There may be several reasons for that, he said, including Russian efforts to reduce the visibility of attacks or increased security to defend against them. As a long-time target of suspected Russian cyberattacks , Ukraine is seemingly welcoming the digital help. Following a request posted on Twitter by Ukraine's digital minister Mykhailo Fedorov, some 308,000 people joined a Telegram group known as the ""IT Army of Ukraine."" One member of the group is Gennady Galanter, co-founder of information technology company Provectus. He said the group is focused on disrupting Russian websites, preventing disinformation and getting accurate information to Russian citizens. ""It's working,"" he said, clarifying that he's acting in his own capacity, and not for his company. Still, Galanter said he has mixed feelings about participating. One tactic employed by the group is distributed denial of service attacks, which try to make targeted websites inaccessible by overwhelming them with online traffic. ""It's hooliganism,"" he said, yet at the same time Galanter, who fled the Soviet Union in 1991 and whose wife is Russian, said he feels compelled to help do his part to ""deliver truth and deny lies."" He's donated money, he said, but now, he added, ""I'm doing this because I don't know what else to do."" Galanter said he's concerned current efforts may be insufficient against Russia's cyber capabilities. He also said he's worried the group's efforts may be dismissed as Ukrainian or Western propaganda or labeled a disinformation machine of the very type he says he's fighting against. ""The reality is that a lot of my friends in Russia, my relatives ... they're completely misinformed,"" he said. ""They have a deeply inaccurate view of what's going on - they just put to doubt what we say."" Galanter said his company shut down its operations in Russia and helped to relocate employees who wanted to leave. He said the company told employees: ""The world has become pretty white and black. Those of you who share our perception of reality, you're welcome to join us."" ""Just like these people are now, I was a refugee,"" he said. ""What [Putin] wants to create is exactly what I escaped."" It's widely expected that Moscow and its supporters will retaliate against countries that side with Ukraine, and potentially the growing list of banks and businesses that are withdrawing from the country. Elon Musk tweeted on March 4 that the decision to redirect Starlink satellites and deliver internet terminals to Ukraine meant that the ""probability of being targeted is high."" Experts warn reciprocal retaliation could lead to a ""global cyberwar"" between Russia and the West. Russia is widely believed to be behind several digital attacks against Ukraine in the weeks prior to the invasion, but since then Russia has shown restraint, ""at least for now,"" according to Wollman. Still, reports of growing anger inside the Kremlin over new sanctions , compounded by Russia's military failures in Ukraine , may make cyber warfare one of few remaining ""tools"" in Putin's playbook, he said. ""What tools does the Kremlin have against sanctions? They don't have economic tools,"" said Wollman. ""According to some, a cyber response would be the likeliest Russian countermeasure."" The Ukraine-Russia war could inflame other long-standing territorial conflicts as well. Two Taiwanese tech startups, AutoPolitic and QSearch , announced last week they are providing free technology assistance to Ukraine and to ""Ukrainian online activists around the globe"" to counter Russian propaganda on social media. ""Being a Taiwanese who lived under constant propaganda and threats of invasion from our cousin-neighbor, I feel a special bond with Ukrainians and acidic anger at their invaders,"" said AutoPolitic founder Roger Do, via a press release",1251,True,3,False,Technology,2022-03-15,True,19.21527777777778,2022-03-16
https://www.cnbc.com/2022/03/17/us-accuses-kremlin-of-war-crimes-for-bombing-ukraine-theater-housing-children.html,2022-03-18 01:49:59 AM WIB,U.S. Secretary of State accuses Kremlin of war crimes for bombing Ukraine theater housing children,"U.S. Secretary of State accuses Kremlin of war crimes for bombing Ukraine theater housing children. WASHINGTON - U.S. Secretary of State Antony Blinken said Thursday that he believes Russian forces have committed war crimes in Ukraine, citing numerous instances of attacks on civilians. ""President Biden said that, in his opinion, war crimes have been committed in Ukraine. Personally, I agree. Intentionally targeting civilians is a war crime,"" Blinken said during a press conference at the State Department. ""After all, the destruction of the past three weeks, I find it difficult to conclude that the Russians are doing otherwise,"" he added. On Wednesday, President Joe Biden called Russian President Vladimir Putin ""a war criminal"" for his unprovoked assault on Ukraine. It was the first time Biden publicly branded Putin with that term. White House press secretary Jen Psaki said on Wednesday that Biden was speaking from his heart about what he has seen on the news, which she described as ""barbaric actions by a brutal dictator."" She noted that there is a separate legal process underway at the State Department to determine whether Putin violated international law and committed war crimes. The nation's top diplomat described a laundry list of reports in which Russian forces targeted Ukrainian civilians. ""Russian forces bombed a theatre in Mariupol where hundreds of people had taken shelter. The word children had been written in Russian in giant white letters on the pavement outside the building so that you could know from the air that there were children inside,"" Blinken explained. ""Russian forces also opened fire on 10 civilians who were waiting in line for bread,"" he said, adding that the U.S. had so far observed a ""long list of attacks on civilian and nonmilitary locations across Ukraine."" The United Nations on Wednesday said that since the Kremlin's Feb. 24 invasion of Ukraine, nearly 780 civilians have been killed, with more than 1,252 civilians injured. Also on Wednesday, the UN's top court ruled in favor of Ukraine and ordered Russia to immediately suspend its ongoing war . Russia has previously snubbed the International Court of Justice hearings on the matter",443,False,1,False,Politics,2022-03-18,False,6.166944444444445,2022-03-21
https://www.cnbc.com/2022/03/23/up-to-40000-russian-soldiers-killed-wounded-captured-or-mia-nato-says.html,2022-03-24 12:57:22 AM WIB,"Up to 40,000 Russian soldiers killed, wounded, captured or MIA in Ukraine, NATO estimates","Up to 40,000 Russian soldiers killed, wounded, captured or MIA in Ukraine, NATO estimates. WASHINGTON - NATO estimates that up to 40,000 Russian troops have been killed, injured, captured or gone missing during the first month of the Kremlin's war in Ukraine , an alliance official confirmed to NBC News. Of those, between 7,000 and 15,000 Russian troops have died, according to the official, who spoke on the condition of anonymity in order to share NATO's latest intelligence assessment of the ongoing war. Russian officials have previously declined to publicly disclose how many of their troops have died while fighting in Ukraine. On Tuesday, Kremlin spokesman Dmitry Peskov said that disclosing such figures is the ""exclusive prerogative"" of Russia's Ministry of Defense. ""On the numbers, we agreed from the very beginning that we do not have the authority to voice them during the special military operation,"" Peskov said, declining to elaborate further. The Pentagon has previously denied confirming any reported estimates on the number of Russian troops who have been killed or otherwise removed from the battlefield. A senior U.S. Defense official told reporters on a conference call on Wednesday that it remains difficult for the Pentagon to provide casualty estimates since the United States does not have troops on the ground in Ukraine. ""I'm not going to characterize what the ranges are that we're looking at because they're just very broad and we continue to have low confidence in those estimates because we're not on the ground and can't see you know what's really going on on a day to day basis,"" said the official, who declined to be named in order to share details from U.S. intelligence reports. The official said that Russian forces are increasingly beset by logistical and command and control issues as well as morale problems. ""We picked up indications that some troops have actually suffered and been taken out of the fight because of frostbite,"" the official said. In another example, the official said that morale in some cases was so low among Russian troops that soldiers left their armored vehicles and walked off into the woods. Earlier this month, the U.S. intelligence community assessed that up to 4,000 Russian troops have been killed in the Kremlin's then-two-week war in Ukraine. That figure, which was shared during an unclassified March 8 hearing with lawmakers, was presented by Lt. Gen. Scott Berrier, director of the Defense Intelligence Agency. ""With low confidence, somewhere between 2,000 and 4,000. That number comes from some intelligence sources but also open sources,"" Berrier said during testimony before the House Intelligence Committee's hearing on ""Worldwide Threats."" Earlier Wednesday, NATO Secretary-General Jens Stoltenberg said the alliance would approve a ""major increase"" of its forces. Stoltenberg said NATO is likely to bolster troops along its eastern flank , deploying four new battle groups in Bulgaria, Hungary, Romania and Slovakia. ""I expect leaders will agree to strengthen NATO's posture in all domains, with major increases in the eastern part of the alliance on land, in the air and at sea,"" Stoltenberg said during a news conference ahead of the NATO leaders summit in Brussels. U.S. Ambassador to NATO Julianne Smith told a virtual audience hosted by the Atlantic Council on Wednesday that a permanent stationing of U.S. and NATO troops is currently on the table. ""NATO is in the process now of stepping back and thinking more about a medium- and longer-term force presence in NATO territory on that eastern flank,"" Smith said, adding the new deployments to the region send ""a pretty clear message to Moscow."" ""Permanent stationing could be one solution, or persistent rotations as another option, that could be on the table. So at this point, what we need to do is have our military commanders give us the best advice that they can come to us with specific proposals and then as an alliance, look at what the security environment requires,"" Smith said",836,True,2,False,Politics,2022-03-24,False,7.043888888888889,2022-03-25
https://www.cnbc.com/2022/04/04/hungarys-viktor-orban-criticizes-ukraines-zelenskyy-in-election-speech.html,2022-04-04 06:19:15 PM WIB,Hungary's nationalist leader Orban criticizes Ukraine's Zelenskyy in election victory speech,"Hungary's nationalist leader Orban criticizes Ukraine's Zelenskyy in election victory speech. Hungary's prime minister, Viktor Orban, on Sunday evening dubbed his Ukrainian counterpart, Volodymyr Zelenskyy, one of his opponents, following a landslide election victory for the nationalist leader. Orban and his right-wing Fidesz party won a comfortable majority over the opposition United for Hungary alliance on Sunday, despite expectations for a tight race. In a 10-minute speech to his supporters following the election, he claimed victory and then denounced what he described as an ""overwhelming force"" that had been against him and his campaign - which included Zelenskyy. ""The left at home, the international left all around, the Brussels bureaucrats, the [George] Soros empire with all its money, the international mainstream media, and in the end, even the Ukrainian president,"" he said, according to a translation by The Associated Press. Fifty-eight-year-old Orban has often boasted of his close relationship with Russian President Vladimir Putin , but that link became a major challenge for the electoral campaign of his ruling Fidesz party. Hungary gets close to 85% of its gas and 64% of its oil from Russia , and the country became the first EU nation to buy a Russian-made Covid-19 vaccine - even though it wasn't approved by European regulators. However, Orban has condemned Russia's unprovoked invasion of Ukraine , and remained loyal to the European Union . His government has approved, together with the other EU member states, tough sanctions against Russian oligarchs and the Russian economy and has welcomed nearly 400,000 Ukrainian refugees . Hungary is also a member of NATO and is open to hosting troops from the military alliance on its territory. But it has rejected any energy sanctions on Moscow and has banned the direct transit of lethal weapons to Ukraine via Hungary. Zelenskyy on Saturday said the Hungarian leader had been out of touch with the rest of the EU. He called him ""virtually the only one in Europe to openly support Mr. Putin,"" according to Sky News. ""The whole of Europe is trying to stop the war, to restore peace. ... Then why is official Budapest opposed to the whole of Europe, to all civilized countries?""",472,False,1,False,Europe Politics,2022-04-07,True,61.67916666666667,2022-04-08
https://www.cnbc.com/2022/04/14/ukraine-seizes-26-cars-and-32-apartments-of-detained-kremlin-ally-medvedchuk.html,2022-04-15 04:16:49 AM WIB,Ukraine seizes 26 cars and 32 apartments of detained Kremlin ally Medvedchuk,"Ukraine seizes 26 cars and 32 apartments of detained Kremlin ally Medvedchuk. WASHINGTON -- Authorities in Ukraine announced Thursday that they have seized more than 150 assets belonging to Viktor Medvedchuk, the former media mogul and politician who is charged with treason for allegedly conspiring with the Kremlin to overthrow Ukraine's elected government. They included 26 cars, 32 apartments, 23 houses, 30 plots of land, 17 parking spots and a yacht, according to an announcement from Ukraine's security service. Authorities said they also identified and seized shares of capital in 25 companies owned by either Medvedchuk or his wife, Oksana Marchenko. Medvedchuk was detained this week by Ukrainian law enforcement after more than month as a fugitive, after he escaped from house arrest in the chaos following Russia's Feb. 24 invasion of Ukraine. Reputed to be Russian President Vladimir Putin's closest Ukrainian friend, news of Medvedchuk's arrest on Tuesday was greeted with jubilation in Ukraine, which is holding out against a brutal Russian assault. On Thursday, Ukraine's top law enforcement officer for the first time offered details of the mission to recapture Medvedchuk. He said Russian agents planned to smuggle Medvedchuk out of Ukrainian territory by boat into the Russian-occupied region of the country, and from there on to Moscow. When Medvedchuk was captured, the 67-year-old was wearing a Ukrainian army uniform and accompanied by what appeared to be real Ukrainian law enforcement officers. The photo of Medvedchuk in custody that was released by Ukrainian authorities this week offers no hint of his enormous wealth, estimated by Forbes Ukraine to be just over $620 million in 2021. But the asset seizures tell a different story, painting a clear picture of the lavish lifestyle of one of Ukraine's richest oligarchs. Medvedchuk owned several palatial homes across Ukraine. His house outside of Kyiv features a real Pullman train car with a gold interior, parked at a fake station platform. Earlier this year, a judge in Ukraine ordered that three apartments, two villas and a yacht all belonging to Marchenko be seized. The 300 foot-long Royal Romance is valued at approximately $200 million, and it was docked in Croatia when it was repossessed in mid-March . Ukrainian authorities did not provide any details on Thursday about the second yacht they had seized",485,False,1,False,Politics,2022-04-18,False,75.71972222222222,2022-04-19
https://www.cnbc.com/2022/05/04/europe-markets-open-to-close-as-focus-turns-to-fed.html,2022-05-04 12:06:54 PM WIB,European stocks close lower as focus turns to Fed; EU proposes Russian oil ban,"European stocks close lower as focus turns to Fed; EU proposes Russian oil ban. LONDON - European stocks closed lower on Wednesday as global investors awaited a crucial monetary policy decision from the U.S. Federal Reserve . The pan-European Stoxx 600 provisionally closed down by 1%. Retail stocks fell 2.3% to lead losses as most sectors and major bourses slid into negative territory. The Fed will announce its big interest rate decision on Wednesday afternoon, with markets largely expecting the central bank to hike rates by half a percentage point as it looks to rein in inflation, along with announcing a plan to cut its balance sheet from June. Sunil Krishnan, head of multi-asset funds at Aviva Investors, told CNBC on Wednesday that the Fed was the key driver of stock market fluctuations so far this year, and would likely remain so. ""I think it's perhaps less about academic thinking in terms of 'how do I change the discount rate when I value a company?'"" he said. ""I think it's more just about investors trying to understand at what point tightening monetary policy actually starts to affect the real economy and real demand."" Corporate earnings remain a key driver of individual share price movement in Europe. Volkswagen, UniCredit and Enel were among those reporting their results Wednesday. Belgian chemicals company Solvay added almost 6% after raising its guidance. Kindred Group shares climbed 9% after U.S. hedge fund Corvex Management disclosed a 10% stake in the online gambling company. At the bottom of the European blue-chip index, Swedish construction company Skanska slid almost 10% after its first-quarter earnings report. On the data front, euro zone business activity accelerated in line with expectations in April, new PMI (purchasing managers' index) readings showed on Wednesday, as services in several major economies reopened after a period of Covid-19 restrictions. Euro zone retail sales fell in March as falling consumer confidence and rising inflation squeezed household spending. Sales volumes declined 0.4% in March from the previous month, below a consensus forecast for a 0.1% increase among economists polled by The Wall Street Journal. Investors are also keeping on eye on the war in Ukraine , with the EU lining proposing additional oil sanctions on Russia as Russian forces continue to bombard targets in eastern Ukraine. The European Commission on Wednesday put forward new sanctions against the Kremlin which will include a six-month phase out of Russian crude imports . U.S. stocks were lower Wednesday morning as investors braced themselves for the upcoming Fed decision. Shares in Asia-Pacific largely retreated overnight, with Hong Kong's Hang Seng index shedding more than 1% as shares of tech giants Tencent and Alibaba both declined. Bond yields in Europe remain elevated, with Germany's benchmark 10-year bund yield hovering just above 1%, having crossed that marker on Tuesday for the first time since 2015, just two months after it was below zero. Yields move inversely to prices",616,True,2,False,Markets,2022-05-07,True,67.885,2022-05-08
https://www.cnbc.com/2022/05/05/shell-earnings-q1-2022.html,2022-05-05 01:09:11 PM WIB,Oil giant Shell reports highest quarterly profit since 2008 on soaring commodity prices,"Oil giant Shell reports highest quarterly profit since 2008 on soaring commodity prices. LONDON - Oil giant Shell on Thursday reported its highest quarterly profit since 2008 on soaring commodity prices, fueling calls for a one-off windfall tax on oil and gas companies to help U.K. households with spiraling energy bills. Shell posted adjusted earnings of $9.1 billion for the three months through to the end of March, in line with expectations of analysts polled by Refinitiv. That compared with $3.2 billion over the same period a year earlier and $6.4 billion for the fourth quarter of 2021. The company also announced plans to increase its dividend by around 4% to $0.25 per share for the first quarter. Of the firm's $8.5 billion share buyback program announced for the first half of the year, Shell said $4 billion had been completed to date. The remaining $4.5 billion share buybacks are scheduled to be completed before the announcement of second-quarter earnings. Shares of the company rose 3% on Thursday morning. Shell's results echo bumper profits seen across the oil and gas industry, even as many energy majors incur costly write-downs from exiting Russia. U.K. rival BP on Tuesday announced plans to boost share buybacks after first-quarter net profit jumped to its highest level in more than a decade. France's TotalEnergies , Norway's Equinor and U.S. oil giants Chevron and Exxon Mobil also reported strong first-quarter profits on soaring commodity prices. Shell confirmed it had taken $3.9 billion of post-tax charges in the first quarter as a result of its exit from Russia. The company had previously warned it could write off between $4 billion and $5 billion in the value of its assets after pulling out of the country. The firm said these charges were not expected to impact adjusted earnings. ""The war in Ukraine is first and foremost a human tragedy, but it has also caused significant disruption to global energy markets and has shown that secure, reliable and affordable energy simply cannot be taken for granted,"" CEO Ben van Beurden said in a statement. ""The impacts of this uncertainty and the higher cost that comes with it are being felt far and wide. We have been engaging with governments, our customers and suppliers to work through the challenging implications and provide support and solutions where we can."" Shell reported a sharp upswing in full-year profit in 2021 on rebounding oil and gas prices. Union groups and environmental campaigners have labeled record profits for U.K. fossil fuel companies as "" obscene "" at a time when many consumers are grappling with surging energy costs. Opposition lawmakers have repeatedly called on Prime Minister Boris Johnson's government to impose higher taxes on oil and gas companies to help struggling families. Finance Minister Rishi Sunak has suggested such a policy may be possible if oil and gas companies do not properly reinvest profits. Johnson, however, has rejected fresh calls for a windfall tax, saying it will discourage investment and keep oil prices high over the long term. Meanwhile, the European Union on Wednesday said it plans to ban Russian oil imports within six months and refined products by the end of the year in its latest round of economic sanctions. The bloc's proposed measures reflect the widespread anger at Russian President Vladimir Putin's unprovoked onslaught in Ukraine. Oil prices jumped on the news , adding to these gains on Thursday morning. International benchmark Brent crude futures traded at $110.9 in London, up almost 0.7% for the session, while U.S. West Texas Intermediate futures stood at $108.4, roughly 0.5% higher",758,True,2,False,Earnings,2022-05-07,True,42.846944444444446,2022-05-08
https://www.cnbc.com/2022/05/11/five-us-states-order-halt-to-nft-sales-by-metaverse-casino-with-alleged-russia-ties.html,2022-05-11 09:58:56 PM WIB,Five U.S. states order a metaverse casino with alleged ties to Russia to halt sale of NFTs,"Five U.S. states order a metaverse casino with alleged ties to Russia to halt sale of NFTs. Regulators in five states simultaneously filed emergency orders Wednesday against a virtual casino they say has ties to Russia and that has been operating in the metaverse, a digital world where participants can interact with each other, purchase products and even gamble. State law enforcement officials say Flamingo Casino Club's operators failed to disclose its Russian ties and claimed it had partnerships with legitimate businesses when it didn't. The civil filing represents a new and coordinated effort by state regulators to police some of what is going on amid the explosive growth of the metaverse, where innovation and speculation have also provided fertile territory for criminals engaged in alleged fraud, theft and deception. State securities boards in Texas, Wisconsin, Kentucky, New Jersey and Alabama filed a 22-page emergency cease-and-desist order outlining what they allege are false claims by Flamingo Casino Club and requiring that it immediately halt the sale of its non-fungible tokens, or NFTs. ""The offering is simply a high-tech scam,"" the order said. NFTs are blockchain-based digital assets that designate ownership of virtual art, music or, in this case, proprietorship of a metaverse casino to whoever holds the NFT. Moreover, every NFT has unique properties that cannot be replicated, proving its authenticity. Investigators began scrutinizing the casino in March not long after it began operating and say they were ultimately able to trace the people behind it to Moscow. In an exclusive interview, the lead agency's top official told CNBC the casino lured in hopeful investors with false promises. ""I was absolutely shocked,"" said Joe Rotunda, director of enforcement at the Texas State Securities Board. Virtual concerts, poker tournaments and tennis courts are just a few of the perks listed on the organization's website. Flamingo Casino Club's website also told NFT holders they would receive 50% of the profits generated from the casino as passive income. It further enticed patrons by offering a chance to win exorbitant prizes such as Teslas and iPhones in its randomized lotteries, according to its website. The casino also widely marketed its affiliation with a well-known gambling establishment, the Flamingo Las Vegas Hotel and Casino, to secure investors' trust. But behind the fancy graphics, the promises of profits and the big-name backings was a scheme out of Russia to defraud investors that a team of state regulators unraveled, the order says. Flamingo Casino Club is ""intentionally failing to disclose its assets, liabilities, revenue and other financial information germane to its operations and the development and management of the metaverse casino,"" according to the order. The order says that although the casino sells securitized NFTs, it failed to provide purchasers with fundamental information such as its physical address, phone number, or any evidence proving the people on its leadership team actually existed. ""You're talking about digital assets and anonymous individuals who are concealing their location,"" Rotunda said. ""So once the money is transferred ... we may not be able to get it back, right? It goes into a black hole through the blockchain, and people may lose everything."" In addition to this murky money trail, the purported partnership with the Flamingo Las Vegas, a well-established casino located on the Strip, was also fabricated, Rotunda said. The cease-and-desist order says Flamingo Casino Club's ""representations are false,"" and the Las Vegas casino denies any relationship. But the phony partnerships don't end there, according to the order. Flamingo Casino Club touts affiliations with Yahoo and MarketWatch, but there's no evidence substantiating any relationship with these businesses, the order says. ""Flamingo Casino Club is not providing purchasers with any information reflecting any type of relationship with either Yahoo or MarketWatch,"" the order says, adding that the casino provided hyperlinks to press releases distributed to Yahoo Finance and MarketWatch. In its promotional video, Flamingo Casino Club announced plans to build the virtual casino on the metaverse platform The Sandbox, but nothing's been built yet. The casino's leadership team wrote on Instagram that it delayed purchasing digital land because of ongoing negotiations with Snoop Dogg, who owns portions of the Sandbox property it plans to build on, according to the order and the casino's own social media posts. The order said the casino is ""intentionally failing to disclose the status of negotiations for purchasing virtual land from Snoop Dogg"" as well as ""the anticipated or projected cost of purchasing the virtual land."" Through a series of subpoenas, regulators discovered that the IP address for Flamingo Casino Club's desktop computer and mobile device are registered to Moscow, further diminishing the chances of investors seeing any returns. ""Investors have to chase those ghosts to try to recover. And they're not going to recover if the money is going to Moscow,"" Rotunda said. Additionally, Rotunda said that the casino operators started mobilizing Flamingo Casino Club right around the time that Russia invaded Ukraine and that they later told investors some profits from their NFT sales would be donated to Ukrainian victims. ""And they didn't just talk about how they were going to donate to Ukrainian civilians to one person or two people, they publicly proclaimed it,"" Rotunda said. ""I haven't seen any money going to benefit Ukrainians.""",1143,True,3,False,Politics,2022-05-12,True,10.017777777777777,2022-05-13
https://www.cnbc.com/2022/05/23/west-should-have-helped-ukraine-in-2014-zelenskyy-tells-davos.html,2022-05-23 06:02:08 PM WIB,"West should have backed Ukraine back in 2014, President Zelenskyy tells Davos elite","West should have backed Ukraine back in 2014, President Zelenskyy tells Davos elite. The international community should have supported Ukraine more back in 2014 when Russia first illegally annexed Crimea, President Volodymyr Zelenskyy told the World Economic Forum on Monday. Making a video address to the political and business elite gathered in Davos, Switzerland, Zelenskyy said that more support - and more preventative measures against Russia - should have been taken years ago to prevent Moscow from inflicting further aggression on Ukraine. ""Russia started its war against Ukraine back in 2014. We are grateful for this support [from the West] but if that happened, back then, immediately - that unity, that pressure on governments and on companies - would Russia have started this full-scale war? Would it have brought all these losses upon Ukraine and upon the world? I'm sure the answer is also no."" Zelenskyy then called for the ""maximum"" level of sanctions to be imposed on Russia so that it, and other potential aggressors, would ""clearly know the immediate consequences for their actions."" Russia shocked the world when it invaded Ukraine back on Feb. 24, but its aggressive stance and intentions against its neighbor came to the fore in 2014 when it illegally annexed the Crimean Peninsula from Ukraine. Western nations imposed sanctions against the Russian regime but to nowhere near the same extent as has been seen this time round, following the full-scale invasion. Western leaders, including then-President Barack Obama, have since been criticized for taking too soft a stance against Russia back then. Moscow has been stirring up separatist sentiment and unrest in Donbas in eastern Ukraine ever since 2014, and there has been a lower level conflict between Ukrainian forces and separatists from two pro-Russian, self-proclaimed ""republics"" located in the region. Over that time, there have been attempts by Western nations, notably France and Germany, to broker peace deals between Russia and Ukraine but no accords have stuck, with each side accusing the other of violating the agreements. Russia has denied assisting the republics despite overwhelming evidence to the contrary, and it has attempted to justify its invasion of Ukraine by saying it is protecting ethnic Russians in the region. Geopolitical analysts say that claim is spurious. It's three months since Russia launched its unprovoked invasion of Ukraine with widespread death and destruction across the country as a result of Russian assaults, particularly in the east and south of the country. Ukraine's allies in the West have poured billions of dollars and arms into Ukraine's war effort while treading a fine line of avoiding a direct confrontation with Moscow, which has been heavily sanctioned internationally. Zelenskyy told Davos that the world was at a ""turning point"" and that what he called Russia's ""brute force"" had to be resisted. ""This is really the moment when it is decided whether brute force will rule the world,"" he said. ""If so, there is no need for further meetings in Davos,"" he said. Brute force, he said, ""seeks nothing but the subjugation of those it wants to subdue ... and it does not discuss but kills, and Russia does that in Ukraine just as we speak today."" Russia has failed to make the headway it expected in Ukraine, and pulled back from an attempt to take the capital Kyiv in April, instead focusing its forces on seizing the Donbas region in eastern Ukraine. Russia is widely believed to want to take control of southern port cities, like Mariupol and Berdyansk on the Sea of Azov, in a bid to create a land bridge from Russia to Crimea, which it annexed in 2014 and where its Black Sea Fleet is based in Sevastopol. There are no signs that the war will end any time soon. On Sunday, Zelenskyy said there will be no cease-fire in Ukraine that involves ceding any territory to Russia. Follow CNBC International on Twitter and Facebook",816,True,2,False,Davos WEF,2022-05-24,True,13.964444444444444,2022-05-25
https://www.cnbc.com/2022/06/16/uk-firm-signs-deal-to-bolster-gas-supplies-as-war-in-ukraine-continues.html,2022-06-16 08:16:00 PM WIB,UK bolsters gas stockpile for winter with Ukraine war squeezing supply and sending prices soaring,"UK bolsters gas stockpile for winter with Ukraine war squeezing supply and sending prices soaring. Norwegian energy firm Equinor said Thursday it would deliver extra gas to the U.K.'s Centrica over the next three winters, as countries in Europe look to shore up their supplies amid the ongoing war between Russia and Ukraine. Equinor, which the Norwegian state has a 67% stake in, said the new agreement would add roughly 1 billion cubic meters of gas per year to an existing bilateral contract with Centrica, the U.K.'s biggest supplier of gas and electricity to consumers via British Gas. In its own statement, Centrica said it would now buy 10 bcm of gas a year from Equinor. ""Against a difficult geopolitical and macroeconomic environment, this supply deal will provide further energy security for the UK,"" it said. ""This new gas supply agreement will see Equinor deliver to Centrica sufficient gas over the coming three winters to heat an additional 4.5 million homes,"" the company added. Concerns related to both the energy transition and energy security have been thrown into sharp relief by Russia's invasion of Ukraine, with the price of both oil and gas continuing to surge in recent months. On Thursday, Dutch TTF Gas Futures for July 2022 were trading at around 145 euros per megawatt hour, compared to 71.66 euros at the start of the year. Russia is a significant supplier of both oil and gas, and a number of major economies have formulated plans to reduce their reliance on its hydrocarbons in recent months. The U.K. has previously said Russian imports represented less than 4% of its total gas supply in 2021, but the agreement between Equinor and Centrica highlights the importance of securing deals amid an environment of continued uncertainty and volatility. In a video message tweeted out on Thursday morning, Kwasi Kwarteng, the U.K.'s business and energy secretary, addressed the new reality many countries were facing following the conflict in Ukraine. ""When we look at Russia, we look at Ukraine, we look at gas demand, it's vitally important to get imports from allied countries such as Norway."" These energy investments spin out attractive income, even as oil prices have fallen 'Too cheap to ignore': Bernstein predicts huge upside for these 3 clean energy stocks Outperforming fund manager shares tips on investing sustainably - and generating big return The deal, Kwarteng argued, did not mean ""we're turning our back on renewables, on exciting new technologies such as hydrogen. But it does mean that we will get security of supply in a world where we will rely on gas for many years to come."" Kwarteng's statement about being reliant on gas for the foreseeable future points to the huge task major economies face when attempting to move away from an energy mix dominated by fossil fuels to one where renewables are in the majority. In May, the European Commission - the EU's executive branch - fleshed out details of a plan to ramp up the EU's renewable energy capacity and reduce its reliance on Russian fossil fuels. It simultaneously acknowledged that existing coal facilities may have to be used for ""longer than initially expected."" The situation is a challenging one. Russia was the biggest supplier of both petroleum oils and natural gas to the EU last year, according to Eurostat. And when it comes to finding common ground between the EU's 27 members - the U.K. left the EU in 2020 - on what to do about Russian gas, there appear to be no simple solutions. Just last week, Hungarian Foreign Minister Peter Szijjarto ruled out the prospect of a Russian gas ban in the European Union's next package of sanctions, saying it would be ""impossible.""",784,True,2,False,Sustainable Energy,2022-06-17,True,11.733333333333333,2022-06-20
https://www.cnbc.com/2022/06/29/us-to-boost-land-sea-and-air-power-in-europe-in-response-to-ukraine-invasion.html,2022-06-29 06:27:54 PM WIB,"U.S. to boost land, sea and air power in Europe in response to Ukraine invasion","U.S. to boost land, sea and air power in Europe in response to Ukraine invasion. MADRID - President Joe Biden on Wednesday pledged to boost American military operations in Europe as he seeks to project a picture of strength and unity among NATO members while they grapple with Russia's invasion of Ukraine . Speaking on the first full day of a summit of the alliance, Biden said the United States would create a permanent headquarters for the U.S. 5th Army Corps in Poland - the first permanent American forces on NATO's eastern flank. The U.S. will deploy additional troops to Romania on a rotating basis, and enhance other rotational deployments in the Baltic states. The U.S. will also send two F-35 squadrons to the U.K., stage additional air defense and other capabilities in Germany and Italy, and build up naval operations in Spain, increasing the number of destroyers stationed there from four to six. Biden said the moves were intended to make sure NATO is ready to meet potential threats from air, land and sea. The announcement comes as NATO leaders begin the first full day of meeting in Madrid in what could be one of the most consequential gathering in the military alliance's 73-year history. ""In a moment when Putin has shattered peace in Europe and attacked the very, very tenants of rule based order,"" Biden said. ""The United States and our allies are stepping up, proving NATO is more needed now than it ever has been, and it's as important as it has ever been."" Earlier this year, the U.S. surged 20,000 additional troops to Europe bringing the total U.S. armed forces in Europe to 100,000. ""NATO is strong, united and the steps we're taking during this summer will further augment our collective strength,"" Biden said. Read more from NBC News: Biden was able to get one contentious issue off the table on the first day of the summit by encouraging Turkish President Recep Tayyip Erdoğan to drop his opposition to Finland and Sweden's joining NATO. The three countries' foreign ministers signed a memorandum Tuesday to confirm that Turkey will back Sweden and Finland's NATO bids, removing the last clear barrier to their entry. Biden spoke with Erdoğan on Tuesday morning, encouraging him to ""seize this moment and get this done in Madrid,"" a senior administration official said. While the U.S. didn't directly broker the deal, Biden tried ""to help put a thumb on the scale to get this across the finish line,"" the official said. Biden and Erdoğan are scheduled to meet Wednesday. The agreement to expand NATO, along with announcements about increasing the number of troops in the east, is intended to greatly bolster the alliance's abilities to fend off any potential Russian aggression toward its member states. The last time the NATO leaders met, for an emergency meeting in Brussels in March , there was a sense of triumph among the members as they locked arms against Russia, fearing they could be next if Ukraine were to fall. It was a stark reversal from a few years earlier, when members openly questioned whether the alliance was still relevant. But while the 30 NATO members have maintained their resolve in supporting Ukraine, there have been diverging views over the intervening months on a variety of issues, from how far to go in punishing Russia to the level of military preparedness needed. Still, Biden hopes to project a show of unity to Russia coming out of the summit, an endeavor greatly aided by the deal among Turkey, Finland and Sweden. ""We have to stay together,"" Biden said this week before a meeting with German Chancellor Olaf Scholz. ""Because Putin has been counting on, from the beginning, that somehow NATO would and the G-7 would splinter. But we haven't, and we're not going to."" Before the start of the meeting, NATO Secretary General Jens Stoltenberg announced a major overhaul of the group's military posture and priorities, increasing the number of its forces at high readiness to more than 300,000 from the current level of 40,000, along with bolstering military supplies and equipment in the NATO members bordering Russia. The alliance will also make it clear in its so-called Strategic Concept that it no longer views Russia as a ""strategic partner"" but as a ""direct threat to our security, to our values, to the rules-based international order,"" Stoltenberg said at a news conference Monday. Biden plans to announce the extension of some of the increased U.S. troop presence in Poland and changes to U.S. deployments in several Baltic countries that he authorized before Russia invaded Ukraine, NBC News reported . But a number of questions remain this week, such as how to fund efforts to build up NATO's defenses. Just nine of the member countries are meeting the NATO target of spending 2 percent of their gross domestic products on defense, an amount that Stoltenberg said is becoming the ""floor and not the ceiling."" ""This constitutes the biggest increase of our collective defense and deterrence since the Cold War, and to do this we need to invest more,"" he said. Defense costs are rising as many countries feel the economic effects of rising inflation, particularly soaring energy prices, and German officials have warned Germany could slip into a recession if Russia were to further cut the amount of gas it is piping into the country. While the U.S. and Canada have already banned all Russian oil imports, the European Union is taking a more gradual approach, aiming to stop importing Russian oil by the end of the year. But the move has been opposed by Hungarian Prime Minister Viktor Orbán, who has been an ally of Russian President Vladimir Putin. China has been another area of differing approaches among NATO members. The group is expected for the first time to discuss the ""challenges Beijing poses to our security interests and values,"" Stoltenberg said. While Biden has pushed for a hard line on China, other member countries have been hesitant in how far to go, given their economic dependence on China as a trading partner. But the U.S. has sounded an optimistic note that there will be enough common ground on the issue. ""We do think that there is increasing convergence, both at the G-7 and at NATO, around the challenge China poses,"" Sullivan said. ""And around the need, the urgent need, for consultation and especially alignment among the world's leading market democracies to deal with some of those challenges - in particular, China's non-market economic practices, its approach to debt and its approach to human rights.""",1364,True,3,False,Politics,2022-06-30,True,13.535,2022-07-01
https://www.cnbc.com/2022/07/04/russia-ukraine-war-updates.html,2022-07-04 02:01:41 PM WIB,Russian forces turn firepower on Donetsk after capturing Luhansk; Zelenskyy vows Ukraine will win back its land,"Russian forces turn firepower on Donetsk after capturing Luhansk; Zelenskyy vows Ukraine will win back its land. It's been a tough weekend for Ukraine, with Russian forces seizing the entire Luhansk province and now turning their attention to Donetsk",54,False,1,True,Politics,2022-07-06,True,41.971944444444446,2022-07-07
https://www.cnbc.com/2022/07/14/stocks-making-the-biggest-moves-premarket-jpmorgan-taiwan-semiconductor-ericsson-and-more.html,2022-07-14 07:05:27 PM WIB,"Stocks making the biggest moves premarket: JPMorgan, Taiwan Semiconductor, Ericsson and more","Stocks making the biggest moves premarket: JPMorgan, Taiwan Semiconductor, Ericsson and more. Check out the companies making headlines before the bell: JPMorgan Chase (JPM) - JPMorgan Chase was down 2.9% in premarket trading after falling 12 cents shy of estimates with a quarterly profit of $2.76 per share. It also announced it was temporarily suspending share buybacks. CEO Jamie Dimon said inflation, waning consumer confidence and other factors were likely to have a negative effect on the global economy. Morgan Stanley (MS) - Morgan Stanley reported quarterly earnings of $1.39 per share, 14 cents shy of consensus estimates, with the investment bank's revenue also falling short. The bank saw weaker investment banking activity during the quarter, although it said results in equity and fixed income were strong. Morgan Stanley lost 2.6% in the premarket. Taiwan Semiconductor (TSM) - The chip maker's stock rose 1.5% in the premarket after second-quarter earnings beat analyst estimates. Taiwan Semi also raised its revenue forecast for the year. Results got a boost from strong markets for automotive and IoT chips. Ericsson (ERIC) - The Sweden-based telecom equipment company reported a profit that missed analyst estimates, hurt by higher costs for components and logistics. Ericsson shares tumbled 9.1% in premarket trading. Twitter (TWTR) - Twitter added 1.1% in premarket action, on top of a 12.6% jump over the past 2 sessions. Wednesday's nearly 8% gain came after Twitter sued Elon Musk to force him to go through with a $44 billion takeover deal. Twitter also said in an SEC filing that it is not planning company-wide layoffs but may continue to restructure the company. Conagra (CAG) - The food producer reported an adjusted quarterly profit of 65 cents per share, 2 cents above estimates, with revenue essentially in line with forecasts. Conagra saw an impact from higher costs, with operating margins falling by 310 basis points. Cisco Systems (CSCO) - J.P. Morgan Securities downgraded the networking equipment maker's stock to ""neutral"" from ""overweight,"" based in part on what it sees as downside risks to enterprise spending levels. Cisco fell 2.2% in the premarket. Dollar General (DG) - The discount retailer's stock fell 2.3% in the premarket after Citi downgraded it to ""neutral"" from ""buy,"" noting that the shares are within 4% of its price target. Citi also feels the recently announced CEO transition will be smooth and does not impact its view of the stock",567,True,2,False,Market Insider,2022-07-15,True,12.909166666666666,2022-07-18
https://www.cnbc.com/2022/08/05/china-halts-climate-military-ties-over-pelosi-taiwan-visit.html,2022-08-05 05:29:09 PM WIB,"China halts military, climate ties with U.S. and sanctions Pelosi in fury over Taiwan visit","China halts military, climate ties with U.S. and sanctions Pelosi in fury over Taiwan visit. TAIPEI, Taiwan - China said Friday it would halt cooperation with the United States on areas including military relations and climate change while imposing sanctions against House Speaker Nancy Pelosi , as Beijing stepped up its retaliation to her Taiwan visit . The new measures were announced as military drills Beijing launched furiously in the wake of her trip earlier this week sent warplanes, naval ships and missiles menacingly close to this small island democracy despite growing criticism. The U.S. delegation's unannounced visit to Taiwan has fueled a mounting crisis, raising fears of conflict in the region and stoking tensions between Washington, its allies and Beijing. Beijing said Friday it will cancel military phone calls between area commanders, defense meetings and cooperation on anti-drug efforts with the U.S., and will no longer take part in talks on maritime safety and climate change. Earlier, China took personal action against Pelosi, announcing sanctions on the speaker and her immediate family in response to what the Chinese Foreign Ministry called her ""egregious provocations."" The unspecified sanctions, China's latest retaliation for the brief trip to the self-ruling island it claims as its own territory, came as Pelosi vowed not to let Beijing isolate Taiwan, while Washington and its allies urged de-escalation. ""They may try to keep Taiwan from visiting or participating in other places, but they will not isolate Taiwan by preventing us to travel there,"" Pelosi said Friday in Japan, the last stop of her Asia tour. More from NBC News: China's response had until now largely been directed at the island of over 23 million people that lies just across the Taiwan Strait. Beijing began a second day of military drills surrounding the island Friday morning, apparently sending multiple military vessels and aircraft across the median line in the strait that had been an unofficial buffer zone for decades. A day earlier, it fired ballistic missiles, at least one of which it boasted had flown directly over the island and five of which Japan said had landed in its exclusive economic zone waters. The Taiwanese Defense Ministry has neither confirmed nor denied that missiles flew over Taiwan. If true, it would mark the first time Chinese missiles have flown over the self-ruled island. The ministry slammed the exercises as ""highly provocative."" ""The Ministry of National Defense pointed out that the Chinese army's military exercises, whether it is launching ballistic missiles or deliberately crossing the strait's median line, are highly provocative acts,"" the military news agency reported Friday, adding that the ministry said it was committed to not escalating the situation. Secretary of State Antony Blinken also condemned China's ongoing drills Friday, calling them a ""significant escalation."" ""China has chosen to overreact and use Speaker Pelosi's visit as a pretext to increase provocative military activity in and around the Taiwan strait,"" he said at a media briefing during a meeting with the Association of Southeast Asian Nations in Cambodia ""There is no justification for this extreme, disproportionate and escalatory military response."" The drills, which began Thursday, are expected to last until Sunday. The Chinese Communist Party has never ruled Taiwan, but claims it as its own territory. While Chinese President Xi Jinping sees Taiwan's ""reunification"" with the mainland as a historic inevitability, recent public opinion polls show the majority of Taiwanese have no desire to become part of China, and instead want to maintain the status quo. China repeatedly warned the U.S. against the visit, which it said ""seriously infringes upon China's sovereignty and territorial integrity."" The White House says the speaker's visit was consistent with U.S. policy on Taiwan and should not be used to precipitate a crisis. Taiwanese President Tsai Ing-wen on Thursday evening called for China to ""act with reason and exercise restraint."" ""We call on the international community to support democratic Taiwan and put a halt to these unilateral, irrational military exercises,"" she said according to a statement on her official Facebook page. Taiwan's neighbors and U.S. allies in the region have expressed growing concerns about China's display of aggression. Tokyo on Friday called on China to immediately stop its drills. ""China's actions this time around have a serious impact on the peace and stability of our region and the international community,"" Japanese Prime Minister Fumio Kishida said. Beijing defended the military drills, saying they were ""in line with international law and international practice."" ""As for the 'exclusive economic zone' you mentioned, you should know, and the Japanese side should also know that China and Japan have not yet demarcated the relevant waters, so there is no such thing as 'Japan's exclusive economic zone',"" Hua Chunying, a spokesperson for the Chinese Foreign Ministry, told a news briefing",1016,True,3,False,World Politics,2022-08-06,True,14.514166666666666,2022-08-07
https://www.cnbc.com/2022/08/08/us-readies-largest-security-package-for-ukraine-bringing-commitment-to-9point8-billion.html,2022-08-09 12:54:18 AM WIB,"Biden authorizes largest yet weapons package for Ukraine, bringing U.S. commitment to $9.8 billion","Biden authorizes largest yet weapons package for Ukraine, bringing U.S. commitment to $9.8 billion. WASHINGTON - The Biden administration announced a $1 billion security assistance package for Ukraine on Monday, the largest weapons installment yet since Russia's full-scale invasion began in late February. The upcoming military aid package, the 18th such tranche, brings U.S. commitment to about $9.8 billion and includes munitions for long-range weapons and armored medical transport vehicles. The package consists of additional ammunition for High Mobility Artillery Rocket Systems or HIMARS, 75,000 rounds of 155 mm artillery ammunition, 20 120 mm mortar systems and 20,000 rounds of 120 mm mortar ammunition as well as munitions for National Advanced Surface-to-Air Missile Systems or NASAMS. The HIMARS, manufactured by defense giant Lockheed Martin , are designed to shoot a variety of missiles from a mobile 5-ton truck and have sat high on Ukrainian wish lists. Under Secretary of Defense for Policy Colin Kahl said that the U.S. was not sending HIMARS in this latest package, only ammunition for the system. Kahl declined to say how many rounds of ammunition would be in the next delivery. The U.S. has thus far provided 16 HIMARS to Ukraine. The Pentagon will also send 1,000 Javelins, hundreds of AT4 anti-armor systems, 50 armored medical treatment vehicles, anti-personnel munitions, explosives, demolition munitions and demolition equipment. Until now, the largest Ukraine assistance package was announced on June 15 but that installment was a mixture of presidential drawdown authority and the Ukraine Security Assistance Initiative. Monday's package, solely a presidential drawdown authority, means the weapons come directly from U.S. stockpiles. ""We will continue to consult closely with Ukraine and surge additional available systems and capabilities carefully calibrated to make a difference on the battlefield and strengthen Ukraine's eventual position at the negotiating table,"" Secretary of State Antony Blinken said in a statement",406,False,1,False,Politics,2022-08-09,False,7.095,2022-08-11
https://www.cnbc.com/2022/08/09/biden-to-ratify-finland-and-swedens-nato-membership-bids.html,2022-08-10 12:39:13 AM WIB,Biden signs ratification documents approving NATO membership for Finland and Sweden,"Biden signs ratification documents approving NATO membership for Finland and Sweden. WASHINGTON - President Joe Biden signed ratification documents Tuesday bringing Finland and Sweden one step closer to joining the NATO alliance. ""[Russian President Vladimir] Putin thought he could break us apart,"" Biden said from the East Room of the White House. ""Our alliance is closer than ever, it is more united than ever, and after Finland and Sweden join we will be stronger than ever."" Last week, the Senate voted 95 to 1 to ratify the entrance of Finland and Sweden into the world's most powerful military alliance. In May, both nations began the formal process of applying to NATO amid the backdrop of Russia's war in Ukraine. Moscow, long wary of NATO expansion, has opposed the two nations' plans to join the alliance. Both Finland and Sweden already meet many of the requirements to be NATO members. Some of the requirements include having a functioning democratic political system, a willingness to provide economic transparency and the ability to make military contributions to NATO missions. ""They will meet every NATO requirement, we are confident of that,"" Biden said before signing the documents. Earlier this year, Biden welcomed leaders from both countries to the White House and pledged to work with the Senate - which has to sign off on U.S. approval of NATO bids - and the other 29 members of the alliance to swiftly bring Sweden and Finland into the group. At the time Biden, flanked by Finnish President Sauli Niinisto and Swedish Prime Minister Magdalena Andersson, said the two countries would ""make NATO stronger."" He called their moves to join the pact a ""victory for democracy."" After Biden's signature, the governments of the Czech Republic, Greece, Hungary, Portugal, Slovakia, Spain and Turkey will still need to sign the instruments of ratification. ""I urge the remaining allies to complete the ratification process as quickly as possible,"" Biden said, a development that must occur by the end of September. ""The United States is committed to the transatlantic alliance. We are going to write the future we want to see."" In June, NATO Secretary General Jens Stoltenberg said the leaders of the alliance had reached a deal to admit Finland and Sweden after resolving the concerns of holdout Turkey. Previously, Turkish President Recep Tayyip Erdogan said he would not approve the applications, citing their support for Kurdish organizations that Turkey considers security threats. During a NATO summit in Madrid, the foreign ministers of Finland, Sweden and Turkey signed a memorandum to confirm that Turkey will back the new NATO bids",524,True,2,False,Politics,2022-08-11,False,31.34638888888889,2022-08-12
https://www.cnbc.com/2022/09/09/trump-lawsuit-against-hillary-clinton-dnc-over-russia-claims-dismissed.html,2022-09-09 10:43:57 PM WIB,"Judge tosses Trump lawsuit against Hillary Clinton, DNC over 2016 Russia collusion claims","Judge tosses Trump lawsuit against Hillary Clinton, DNC over 2016 Russia collusion claims. A federal judge dismissed former President Donald Trump ' s sprawling lawsuit alleging Hillary Clinton, the Democratic National Committee and many others conspired to spread a false narrative of collusion between Trump's campaign and Russia during the 2016 presidential election. In a searing order Thursday, Judge Donald Middlebrooks said that Trump's lawsuit was merely ""seeking to flaunt a two-hundred-page political manifesto outlining his grievances against those that have opposed him."" The former president's claims ""are not only unsupported by any legal authority but plainly foreclosed by binding precedent,"" Middlebrooks wrote in U.S. District Court in southern Florida. Trump filed the lawsuit in March , seeking tens of millions of dollars in damages for violations of the RICO Act, a federal law that aims to combat organized crime, among other claims. It came more than five years after Trump defeated Clinton in a vicious and scandal-soaked presidential campaign where Trump's relationship with Russia was a major focus. The suit claims the defendants worked to produce false or misleading evidence of damaging ties between Trump's campaign and Russia. It names dozens of people and entities as defendants, including Clinton, the DNC, ex-Clinton aide John Podesta, the law firm Perkins Coie, research firm Fusion GPS, ex-Clinton campaign manager Robby Mook, and others. Trump claimed he has suffered at least $24 million in damages as a result of the defendants' actions. His lawsuit sought to recover triple the amount in damages. ""Many of the Amended Complaint's characterizations of events are implausible because they lack any specific allegations which might provide factual support for the conclusions reached,"" Middlebrooks wrote in Thursday's order. ""What the Amended Complaint lacks in substance and legal support it seeks to substitute with length, hyperbole, and the settling of scores and grievances,"" he wrote. The judge agreed with the defendants' characterization of Trump's lawsuit as ""a series of disconnected political disputes that Plaintiff has alchemized into a sweeping conspiracy among the many individuals Plaintiff believes to have aggrieved him."" Trump's legal team ""will immediately move to appeal this decision,"" his attorney Alina Habba said in a statement Friday morning. Middlebrooks' order was ""rife with erroneous applications of the law"" and it ignored ""numerous governmental investigations which substantiate"" Trump's conspiracy claims, Habba's statement added. Former special counsel Robert Mueller's investigation of 2016 Russian election meddling concluded that the Kremlin did interfere in the contest but found insufficient evidence to prove collusion with Trump's campaign. Trump has repeatedly decried the Mueller probe as a witch hunt, one of many he claims have been launched against him since his foray into politics",596,True,2,False,Politics,2022-09-11,True,33.2675,2022-09-12
https://www.cnbc.com/2022/10/05/how-anonymous-and-other-hacking-groups-are-aiding-protests-in-iran.html,2022-10-05 12:08:29 PM WIB,Hacktivists seek to aid Iran protests with cyberattacks and tips on how to bypass internet censorship,"Hacktivists seek to aid Iran protests with cyberattacks and tips on how to bypass internet censorship. Anonymous and other global hacking groups are engaged in a multipronged cyber assault on Iran, joining the fight with protesters on the ground in resistance to the country's strict hijab laws. Thousands of amateur hackers have organized online to orchestrate cyberattacks on Iranian officials and institutions, as well as share tips on how to get around curbs on internet access by using privacy-enhancing tools. Internet access in Iran has been extremely limited in recent weeks after protests erupted over the death of Mahsa Amini, a 22-year-old Kurdish Iranian woman. Amini died in hospital in Tehran under suspicious circumstances on Sept. 16 after being detained by Iran's so-called ""morality police"" for allegedly violating the country's strict Islamic dress code by wearing her hijab too loosely. Eyewitnesses say Amini was beaten by the police. Iranian authorities denied any wrongdoing and claim Amini died of a heart attack. The Iranian Foreign Ministry did not reply to a CNBC request for comment. On Monday, Iran's supreme leader, Ayatollah Ali Khamenei, delivered his first public remarks on the protests, backing the police and blaming the unrest on ""foreign interference"" from the U.S. and Israel. On Sept. 25, Anonymous, the international hacktivist collective, claimed to have broken into the database of the Iranian Parliament, obtaining the personal information of lawmakers. A YouTube account purporting to be affiliated with the group said the Iranian assembly had been hacked. ""The Iranian parliament supports the dictator when it should support the people, so we are releasing the personal information of all of them,"" they said, their voice altered in a way typical of the cyber gang. On the messaging app Telegram, Atlas Intelligence Group, another hacking group, says it leaked phone numbers and email addresses of Iranian officials and celebrities, a tactic known as ""doxing."" It also offered to sell apparent location data on the Islamic Revolutionary Guard Corps, a branch of Iran's armed forces, according to Check Point, which has been documenting hacktivists' efforts in Iran. Anonymous-affiliated groups say they also released data purported to have come from various government services, ministries and agencies - as well as a university - and claimed responsibility for hacks on the Iranian presidency, central bank and state media. While it is difficult to verify the hackers' claims, cybersecurity experts said they have seen numerous signs of disruption to Iran from vigilante hackers. ""We have observed a few indications of government websites being taken offline by hackers,"" Liad Mizrachi, security expert at Check Point Research, told CNBC. ""Predominantly we have seen this being done through Distributed Denial of Service (DDoS) attacks."" In a DDoS attack, hackers overload a website with large amounts of traffic to make it inaccessible. ""Mandiant can confirm that several of the services claimed to have been disrupted have been offline at various points in time, and in some cases, remain unavailable,"" Emiel Haeghebaert, threat intelligence analyst at the cybersecurity company, told CNBC. ""Overall, these DDoS and doxing operations may add to the pressure on the Iranian government to pursue policy changes,"" he said. On Anonymous' involvement, Haeghebaert noted it was ""consistent with activity"" previously credited to affiliates of the organization. Earlier this year, Anonymous launched a slew of cyberattacks on Russian entities in response to Moscow's unprovoked invasion of Ukraine. Hacking groups are encouraging Iranian citizens to bypass Tehran's internet blockade by using VPNs (virtual private network), proxy servers and the dark web - techniques that allow users to mask their online identity so they can't be tracked by internet service providers (ISPs). On the messaging app Telegram, a group with 5,000 members shares details about open VPN servers to help citizens to bypass Tehran's internet blockade, according to cybersecurity firm Check Point, which has been documenting hacktivists' efforts in Iran. A separate group, with 4,000 members, distributes links to educational resources on the use of proxy servers, which tunnel traffic through a constantly changing community of computers run by volunteers to make it difficult for regimes to restrict access. As dissent grew in the Islamic republic, the government quickly moved to throttle internet connectivity and block access to social media services like WhatsApp and Instagram, in an apparent effort to stop footage of police brutality being shared online. At least 154 people have been killed in the Iranian government's crackdowns as of Sunday, according to the independent and nongovernmental Iran Human Rights Group . The government has reported 41 deaths. Web security firm Cloudflare and internet monitoring group NetBlocks have documented multiple examples of disruptions to telecommunications networks in Iran. ""It's been really hard to be in touch with friends and family outside Iran. The internet is messed up here so sometimes we can't communicate for days,"" one young professional in Tehran told CNBC via Instagram message, requesting anonymity due to fear for his safety. ""I have limited access to Instagram so I use that for the time being,"" to contact people, he said, adding that he and his friends rely on VPNs to access social media platforms. It is believed to be one of the worst internet blackouts in Iran since November 2019 , when the government restricted citizens' access to the web amid widespread protests over fuel price hikes. ""THEY ARE SHUTTING THE INTERNET TO HIDE THE KILLING. BE OUR VOICE,"" several videos and posts widely shared by Iranian activists on social media read, along with footage of street protests and police violence. Digital freedom activists are also trying to teach Iranians how to access the Tor browser, which lets users connect to normal websites anonymously so that their ISPs can't tell what they're browsing. Tor is often used to access the ""dark web,"" a hidden portion of the internet that can only be accessed using special software. ""It is not the first time we see actors involved in Iranian affairs,"" Amin Hasbini, director of global research and analysis at cybersecurity firm Kaspersky, told CNBC. Lab Dookhtegan, an anti-Iran hacking group, has been known to leak data claimed to belong to Iranian cyber-espionage operations on Telegram, for example. A report from Check Point last year detailed how Iranian hacking groups were targeting dissidents with malware to conduct surveillance on them",1370,True,3,False,Technology,2022-10-06,True,19.85861111111111,2022-10-08
https://www.cnbc.com/2022/10/07/vpn-use-skyrockets-in-iran-as-citizens-navigate-internet-censorship.html,2022-10-07 09:50:50 AM WIB,VPN use skyrockets in Iran as citizens navigate internet censorship under Tehran's crackdown,"VPN use skyrockets in Iran as citizens navigate internet censorship under Tehran's crackdown. Iranians are turning to virtual private networks to bypass widespread internet disruptions as the government tries to conceal its crackdown on mass protests. Outages first started hitting Iran's telecommunications networks on Sept 19., according to data from internet monitoring companies Cloudflare and NetBlocks, and have been ongoing for the last two and a half weeks. Internet monitoring groups and digital rights activists say they're seeing ""curfew-style"" network disruptions every day, with access being throttled from around 4 p.m. local time until well into the night. Tehran blocked access to WhatsApp and Instagram, two of the last remaining uncensored social media services in Iran. Twitter , Facebook , YouTube and several other platforms have been banned for years. As a result, Iranians have flocked to VPNs, services that encrypt and reroute their traffic to a remote server elsewhere in the world to conceal their online activity. This has allowed them to restore connections to restricted websites and apps. On Sept. 22, a day after WhatsApp and Instagram were banned, demand for VPN services skyrocketed 2,164% compared to the 28 days prior, according to figures from Top10VPN, a VPN reviews and research site. By Sept. 26, demand peaked at 3,082% above average, and it has continued to remain high since, at 1,991% above normal levels, Top10VPN said. ""Social media plays a crucial role in protests all around the world,"" Simon Migliano, head of research at Top10VPN, told CNBC. ""It allows protesters to organize and ensure the authorities can't control the narrative and suppress evidence of human rights abuses."" ""The Iranian authorities' decision to block access to these platforms as the protests erupted has caused demand for VPNs to skyrocket,"" he added. Demand is much higher than during the uprisings of 2019 , which were triggered by rising fuel prices and led to a near-total internet blackout for 12 days. Back then, peak demand was only around 164% higher than usual, according to Migliano. Nationwide protests over Iran's strict Islamic dress code began on Sept. 16 following the death of Mahsa Amini, a 22-year-old woman. Amini died under suspicious circumstances after being detained - and allegedly struck - by Iran's so-called ""morality police"" for wearing her hijab too loosely. Iranian authorities denied any wrongdoing and claimed Amini died of a heart attack. At least 154 people have been killed in the protests, including children, according to the nongovernmental group Iran Human Rights . The government has reported 41 deaths. Tehran has sought to prevent the sharing of images of its crackdown and hamper communication aimed at organizing further demonstrations. The Iranian Foreign Ministry did not immediately respond to a CNBC request for comment. VPNs are a common way for people under regimes with strict internet controls to access blocked services. In China, for instance, they're often used as a workaround to restrictions on Western platforms blocked by Beijing, including Google , Facebook and Twitter. Homegrown platforms like Tencent's WeChat are extremely limited in terms of what can be said by users. Russia saw a similar rise in demand for VPNs in March after Moscow tightened internet curbs following the invasion of Ukraine. Swiss startup Proton said it saw daily signups to its VPN service balloon as much as 5,000% at the peak of the Iran protests compared to average levels. Proton is best known as the creator of ProtonMail, a popular privacy-focused email service. ""Since the killing of Mahsa Amini, we have seen a huge uptick in demand for Proton VPN,"" Proton CEO and founder Andy Yen told CNBC. ""Even prior to that, though, VPN usage is high in Iran due to censorship and fears of surveillance."" ""Historically, we have seen internet crackdowns during periods of unrest in Iran which lead to a rise in VPN usage."" The most popular VPN services during the protests in Iran have been Lantern, Mullvad and Psiphon, according to Top10VPN, with ExpressVPN also seeing big increases. Some VPNs are free to use, while others require a monthly subscription. The use of VPNs in tightly restricted countries like Iran hasn't been without its challenges. ""It is fairly easy for regimes to block the IP addresses of the VPN servers as they can be found quite easily,"" said Deryck Mitchelson, field chief information security officer for the EMEA region at Check Point Software. ""For that reason you will find that open VPNs are only available for a short duration before they are identified and blocked."" Periodic internet outages in Iran have ""continued daily in a curfew-style rolling manner,"" said NetBlocks, in a blog post. The disruption ""affects connectivity at the network layer,"" NetBlocks said, meaning they're not easily solved through the use of VPNs. Mahsa Alimardani, a researcher at free speech campaign group Article 19, said a contact she's been communicating with in Iran showed his network failing to connect to Google, despite having installed a VPN. ""This is new refined deep packet inspection technology that they've developed to make the network extremely unreliable,"" she said. Such technology allows internet service providers and governments to monitor and block data on a network. Authorities are being much more aggressive in seeking to thwart new VPN connections, she added. Yen said Proton has ""anti-censorship technologies"" built into its VPN software to ""ensure connectivity even under challenging network conditions."" VPNs aren't the only techniques citizens can use to circumvent internet censorship. Volunteers are setting up so-called Snowflake proxy servers, or ""proxies,"" on their browsers to allow Iranians access to Tor - software that routes traffic through a ""relay"" network around the world to obfuscate their activity. ""As well as VPNs, Iranians have also been downloading Tor in significantly greater numbers than usual,"" said Yen. Meanwhile, encrypted messaging app Signal compiled a guide on how Iranians can use proxies to bypass censorship and access the Signal app, which was blocked in Iran last year. Proxies serve a similar purpose as Tor, tunneling traffic through a community of computers to help users in countries where online access is restricted preserve anonymity",1373,True,3,False,Technology,2022-10-08,True,22.15277777777778,2022-10-10
https://www.cnbc.com/2022/10/10/elon-musk-wades-in-to-debate-over-taiwan-china-relations.html,2022-10-10 06:07:18 PM WIB,Musk's proposal for China-Taiwan relations gets slammed: Our freedom is 'not for sale',"Musk's proposal for China-Taiwan relations gets slammed: Our freedom is 'not for sale'. Elon Musk has weighed in on China-Taiwan relations, and Taiwanese politicians are not impressed. The billionaire suggested an arrangement whereby China would have some control over Taiwan, but the country's de facto ambassador to the U.S., Hsiao Bi-khim tweeted on Saturday that the island's ""freedom and democracy are not for sale."" Beijing views democratically self-ruled Taiwan as a renegade province that needs to be reunified with the mainland . China has not ruled out the use of force to do so. In an interview with the Financial Times published Saturday, Musk said his recommendation ""would be to figure out a special administrative zone for Taiwan that is reasonably palatable, probably won't make everyone happy."" ""And it's possible, and I think probably, in fact, that they could have an arrangement that's more lenient than Hong Kong,"" he added. Hong Kong has been run under a policy of ""one country, two systems"" by China since it handover from Britain in 1997. This has allowed the city to run as a semi-autonomous region under Beijing's rule. But critics have argued that the national security law passed in 2020 in Hong Kong has eroded some of the freedoms promised under the one country, two systems arrangement. Musk's suggestion was praised by Beijing but criticized by Taiwan. On Saturday, Qin Gang, China's ambassador to the U.S., thanked Musk for his suggestion of a special administrative zone for Taiwan. ""Peaceful reunification and One Country, Two Systems are our basic principles for resolving the Taiwan question,"" he said in a tweet. The ambassador added Taiwan ""will enjoy a high degree of autonomy as a special administrative region, and a vast space for development."" However, Taiwan has repeatedly rejected a one country, two systems arrangement. ""Any lasting proposal for our future must be determined peacefully, free from coercion, and respectful of the democratic wishes of the people of Taiwan,"" Hsiao added Saturday. On Monday, Taiwan President Tsai Ing-wen delivered the National Day address. She did not reference Musk's comments, but did talk about relations with China. ""I want to make clear to the Beijing authorities that armed confrontation is absolutely not an option for our two sides. Only by respecting the commitment of the Taiwanese people to our sovereignty, democracy, and freedom, can there be a foundation for resuming constructive interaction across the Taiwan Strait,"" Tsai said, according to an official transcript of her speech. ""Provided there is rationality, equality, and mutual respect, we are willing to work with the Beijing authorities to find a mutually agreeable arrangement for upholding peace and stability in the Taiwan Strait. This is our shared responsibility."" Musk, who runs electric car maker Tesla and is currently looking to close a deal to buy social networking site Twitter , has form when it comes to wading into geopolitics. The billionaire drew the ire of Ukrainian politicians last week after posting a poll on Twitter about what he claimed was the likely outcome of the war with Russia . Musk has also been very flattering of China , one of Tesla's largest and most critical markets and where its Shanghai Gigafactory is based. One China analyst said Musk's proposal on Taiwan ""deserves a great deal of unpacking and maybe even a bit of a reality check."" ""The only problem with this for Mr Musk is that the people of Taiwan simply don't agree with that type of arrangement,"" Bates Gill of the Asia Society Policy Institute's Center for China Analysis, told CNBC's "" Squawk Box Europe "" on Monday. Gill suggested Musk may want to take a closer look at the nuances around issues such as the relationship between China and Taiwan. ""The world's wealthiest man obviously feels he has a lot to say on these geopolitical questions. I would only suggest that he take a lot harder look at the realities, the historical precedents and geopolitical contestation that surround all of these questions before giving us all a lesson in diplomacy,"" Gill said",872,True,2,False,Technology,2022-10-11,True,13.878333333333334,2022-10-13
https://www.cnbc.com/2022/10/29/what-we-know-about-david-depape-the-man-accused-in-the-pelosi-home-invasion-attack.html,2022-10-29 08:22:17 PM WIB,"What we know about David DePape, the man accused in the Pelosi home invasion, attack","What we know about David DePape, the man accused in the Pelosi home invasion, attack. The suspect accused of violently attacking House Speaker Nancy Pelosi's husband early Friday appeared to have far-reaching and at times contradictory political positions, according to an early dive into his background. While a motive for the attack against 82-year-old Paul Pelosi was unclear Friday evening, a picture of the suspect, identified by San Francisco police as 42-year-old David DePape, began to emerge. Blog posts that are being investigated in connection with DePape describe someone with sprawling and contradictory views, multiple senior law enforcement officials familiar with the case told NBC News. The posts take aspects of liberal anti-establishment ideas to more recent posts that espouse positions typically associated with far-right extremism, the sources said. He appeared to operate a website on which he wrote a wide variety of posts touching on almost all manner of modern conspiracy thinking: aliens, Jewish people, communism, vaccines, voter fraud and many other topics. More from NBC News: Theory about 'ballot mules' inspires Truth Social users to act Federal judge in Arizona lets group monitor ballot drop boxes Biden admin has discussed slow-rolling military aid to Saudis Many of the posts were published in the last few months. The website, which was registered under ""david depape"" and to a ZIP code in the Bay Area, according to registration records, did not mention Nancy Pelosi. Inti Gonzalez, 21, identified herself in a phone call Friday as DePape's daughter. She said she wrote in a blog post that her mother kicked DePape out when she was 13 because of alleged ""toxic"" behavior. Gonzalez wrote that she and DePape remained estranged until a few months ago when she reached out to him to see how he was doing. ""This attack on Nancy Pelosi's husband came as a shock to me,"" she wrote. ""I didn't see this coming."" She said that she had read his website but did not agree with all of his views. ""It made me happy to see that he had strong opinions about important issues that our world is facing today,"" Gonzalez wrote. ""He wanted to make a difference."" ""There is some part of him that is a good person even though he has been very consumed by darkness."" A motive in Friday's attack remains unclear, and DePape had expressed sometimes conflicting political opinions. Police Chief William Scott said during a Friday news conference that officers arrived at the Pelosi home for a well-being check shortly before 2:30 a.m. PT. Police then witnessed an attack on Paul Pelosi. Both DePape and Paul Pelosi held a hammer moments before a violent confrontation, Scott said. ""The suspect pulled the hammer away from Mr. Pelosi and violently assaulted him with it,"" he said. ""Our officers immediately tackled the suspect, disarmed him, took him into custody, requested emergency backup and rendered medical aid."" Paul Pelosi underwent successful surgery to repair a skull fracture and serious injuries to his right arm and hands, Drew Hammill, spokesman for Speaker Nancy Pelosi, said in a Friday afternoon statement. ""His doctors expect a full recovery,"" Hammill said. DePape remained in the hospital Friday evening, the police chief said. The House speaker was not in San Francisco at the time of the attack, according to her office. U.S. Capitol Police said in a statement that Nancy Pelosi was in Washington, D.C., with her protective detail at the time of the break-in",758,True,2,False,Politics,2022-10-31,True,35.62861111111111,2022-11-01
https://www.cnbc.com/2022/12/28/zelenskyy-blackrock-ceo-fink-agree-to-coordinate-ukraine-investment.html,2022-12-28 06:54:37 PM WIB,"Zelenskyy, BlackRock CEO Fink agree to coordinate Ukraine investment","Zelenskyy, BlackRock CEO Fink agree to coordinate Ukraine investment. Ukrainian President Volodymyr Zelenskyy and BlackRock CEO Larry Fink agreed to coordinate investment in rebuilding Ukraine, Kyiv announced Wednesday following a meeting between the two men. A readout from the Ukrainian president's official website said Zelenskyy and Fink had ""agreed to focus in the near term on coordinating the efforts of all potential investors and participants in the reconstruction of our country, channelling investment into the most relevant and impactful sectors of the Ukrainian economy."" BlackRock Financial Markets Advisory and the Ukrainian Ministry of Economy signed a memorandum of understanding in November, after Fink and Zelenskyy met in September to discuss driving public and private investments into Ukraine to rebuild the country after Russia's highly destructive invasion . BlackRock, one of the world's largest investment managers, has been providing ""advisory support for designing an investment framework, with a goal of creating opportunities for both public and private investors to participate in the future reconstruction and recovery of the Ukrainian economy,"" the company said in a statement last month. BlackRock had no further statement at this stage. Zelenskyy last week visited Washington, D.C., to meet with U.S. President Joe Biden and deliver an address to Congress, as the U.S. House of Representatives gave final approval on Friday to a $45 billion aid package for Ukraine",292,False,1,False,Europe News,2022-12-29,True,13.089722222222223,2022-12-30
https://www.cnbc.com/2023/02/02/iran-accuses-israel-of-launching-drone-attack-on-weapons-facility.html,2023-02-02 06:58:03 PM WIB,Iran accuses Israel of launching drone attack on weapons facility,"Iran accuses Israel of launching drone attack on weapons facility. Iran's government is accusing Israel of carrying out a drone strike on a weapons factory near the central Iranian city of Isfahan. The strike, which took place on Saturday night, caused an enormous explosion and subsequent fire whose images were publicized on Iranian state television, although Tehran claimed that the damage was minimal and there were no civilian casualties. Iran's United Nations envoy Amir Saeid Iravani placed the blame on Israel in a letter to the U.N.'s secretary general, writing that ""primary investigation suggested Israel was responsible"" for the attack. ""Iran reserves its legitimate and inherent right to defend its national security and firmly respond to any threat or wrongdoing of the Zionist regime wherever and whenever it deems necessary,"" Iravani wrote, referring to Israel. ""This action undertaken by the Zionist regime goes against international law."" Israel has not commented on the allegations, but reporting by the New York Times about the attack cited unnamed senior intelligence officials as saying that the strike was the work of Mossad, Israel's intelligence agency. CNBC could not independently verify the report. If true, the attack is the latest incident in a long-running shadow war between arch-enemies Israel and Iran. Iran in recent years has accused Israel of launching sabotage attacks on Iranian nuclear facilities, assassinating nuclear scientists, deploying cyberattacks and carrying out air strikes on Iranian military personnel in Syria. Israel, for its part, openly says it will strike targets in Iran if diplomacy fails to rein in Tehran's nuclear program or missile development, but has a policy of not commenting on strikes. Isfahan is a major center for missile production. Iranian nuclear activity is a topic of rapidly growing concern for Israel, the West and Iran's Arab Gulf neighbors. Iran last year announced it was enriching uranium at 60% purity, just one technical step away from bomb-grade material. Natanz, a key uranium enrichment facility in Iran, is also in Isfahan province. The country has been ramping up its nuclear development ever since former U.S. President Donald Trump pulled out of a nuclear deal in 2018 and reimposed economically painful sanctions on Iran. The deal was meant to place limits on the nuclear program in return for the lifting of sanctions. The attack comes against the backdrop of heightened Western anger toward Iran for supplying lethal drones to Russia for its war in Ukraine. Tehran insists that the drones were sold to Moscow before the war. The weapons are being used to devastating effect on Ukraine's critical energy infrastructure and civilian areas",526,True,2,False,World Politics,2023-02-03,True,13.0325,2023-02-05
https://www.cnbc.com/2023/02/02/opinion-why-beijing-is-cheering-on-the-us-debt-ceiling-fight.html,2023-02-03 02:24:59 AM WIB,Opinion: Why Beijing is cheering on the U.S. debt ceiling fight,"Opinion: Why Beijing is cheering on the U.S. debt ceiling fight. The contours of divided government in Washington are now clear: The main point of contention is the looming debt ceiling deadline, and the main area of agreement is addressing systemic competition with Communist China. While they can seem like different issues, they are closely related. Continued brinksmanship and extremism over the debt ceiling is only serving to undercut a key element of U.S. strength, as we call into question our very own financial and economic leadership. When we say that we are in a ""systemic competition"" with the Chinese Communist Party, it means that this competition is not just of military power or diplomatic influence, but also economic, financial, and technological strengths. On one side is a U.S.-led system; on the other, is Beijing's, better-suited for authoritarian rule. Each element of a nation's policy toolbox, be it military hardware or financial influence, is critical to this competition - and demonstrating to the world towards which side it is better to align. Policymakers in both parties recognize this competition's magnitude. The 365-65 vote creating the House Select Committee on the Strategic Competition Between the U.S. and the Chinese Communist Party demonstrates this. Therefore, as the both sides in Washington seek to outdo each other on a tough-on-China approach, radicals on the debt ceiling are counterproductively undermining fundamental drivers of U.S. strength - the dominance of the U.S. dollar, U.S. financial institutions, and Wall Street. The Chinese leadership understands that it still operates in a U.S. dollar-denominated world, and it will still take years to replace U.S. dollars, financial institutions, and other elements of the economy. The quick response by the U.S., Europe, Japan, and other major democracies to punish Russia's Ukraine invasion demonstrated to Beijing the consequences it could face in a showdown over Taiwan or other conflict with the U.S. and allies. At the same time, Moscow's ability still to maneuver around sanctions and the decidedly mixed response from India, Brazil, South Africa, and other developing ""Global South"" countries suggests an opening for an alternative to American leadership, be it political, military, or economic. History also demonstrates how the loss of financial influence quickly diminishes geopolitical strength. The prominence of the British Empire grew not just from the Royal Navy but also the City of London. The British Pound was synonymous with British power. Empire and financial influence waned, and for Britain -even with the economic disruptions that ensued - it was an ally in the U.S. rising to power. It will not be an easy transition for the world if U.S. financial leadership collapses. Therefore, it is very dangerous for policymakers to play games with the debt ceiling . Yes, we acknowledge that our nation faces severe fiscal challenges in our debt, deficits, and unfunded programs. Resolving those deeper and more intractable challenges requires a thoughtful, bipartisan solution, as many will likely feel the pain. The current approach of holding our economy and U.S. financial leadership hostage is not the solution. A paramedic does not demand an exercise and fitness plan before resuscitating a heart attack patient. Further suggesting absurd solutions like minting coins or altogether ignoring the debt ceiling suggest that we are fundamentally unserious about our profligacy. The damage of default is far worse, but damage is already being done to our economic and financial position. Washington can demonstrate a more responsible and serious approach by embracing where past plans have sought to find compromise on the spending cuts and tax hikes that will be required for any real plan to address debt and deficits. Political rhetoric and spending gimmicks employed by both sides will not solve the burden we are leaving future generations of Americans. We write here about the geopolitical costs of default, but make no mistake, every American household would feel the pain. Greg Valliere, chief U.S. policy strategist at AGF Investments, writes, ""hard-line House Republicans, who are already suspicious of [House Speaker Kevin] McCarthy, will reject any deal that has some spending increases. If only a half-dozen Republicans refuse to raise the debt ceiling, that could kill the bill and intensify fears of a debt default."" Our policymakers need to address our debt problems in a serious manner. There are many strengths that the U.S. still has in this competition, and we still attract the best and brightest from around the world. Undermining that because of political extremes and economic pipe dreams only serves our competitors' interests. Dan Mahaffee manages the Center for the Study of the Presidency and Congress's policy programs, and serves as corporate secretary to the 35-member board of trustees . Michael Farr is a CNBC contributor and president of the Washington, D.C. investment advisory firm, Farr, Miller, & Washington",1033,True,3,False,Commentary,2023-02-03,False,5.583611111111111,2023-02-05
https://www.cnbc.com/2023/02/03/sanctions-on-russian-crude-oil-have-failed-completely-oil-analyst-says.html,2023-02-03 12:51:00 PM WIB,"Sanctions on Russian crude oil have 'failed completely,' oil analyst says","Sanctions on Russian crude oil have 'failed completely,' oil analyst says. Sanctions imposed on Russian crude oil have so far ""failed completely"" and new price caps could prove immaterial as well, analysts told CNBC. The European Union is planning to ban imports of refined petroleum products from Russia, including diesel and jet fuel, from Sunday. The 27-member bloc has already banned the purchase and import of sea-borne Russian crude oil since December. In addition, the bloc - along with its allies in the Group of 7 and Australia - has set a price cap on Russian seaborne crude oil , which bars the use of Western-supplied maritime insurance, finance and other services unless they are sold below $60 per barrel. They are part of global efforts to curb Moscow's ability to raise funds for its war in Ukraine. The price cap ""was invented by bureaucrats with finance degrees. None of them really understand oil markets,"" Paul Sankey, president and lead analyst at Sankey Research, told CNBC's "" Street Signs Asia "" on Thursday. ""Its been a total bomb, it has failed completely."" Sankey underlined it has been tough for oil markets because Russian oil supply hasn't really been interrupted and ""they've sustained exports at high levels."" ""I heard it from a great source that the Saudis have been asking around as to how come Russian oil is still flowing,"" he said. ""That brings the question of what will happen with the sanctions coming up on products, because it just doesn't seem to work."" Even though volume has remained robust, the price of Russia's Urals oil blend has fallen since before the war. Average price for Russia's Urals oil blend was $49.48 per barrel in January this year, according to Reuters which quoted the finance ministry. That's below the price cap of $60 set by the EU and G-7, and down 42% from January last year, according to Reuters. Ahead of the proposed price caps on Russia's refined products on Feb. 5, member states had yet to agree on a price cap, according to Reuters . It is hoped that a deal can be reached by Friday. These energy investments spin out attractive income, even as oil prices have fallen 'Too cheap to ignore': Bernstein predicts huge upside for these 3 clean energy stocks Outperforming fund manager shares tips on investing sustainably - and generating big return Sankey's criticism runs contrary to a recent report from the Centre for Research on Energy and Clean Air . The report by the independent Finnish think tank found the first month of the EU's ban on seaborne imports of Russian crude and the G-7′s price cap had cost Moscow an estimated 160 million euros ($174.3 million) per day. It said those measures were largely responsible for a 17% fall in Russia's earnings from fossil fuel exports in the final month of 2022. Still, Vandana Hari, founder of analytics firm Vanda Insights, said she too was skeptical about the upcoming restrictions on Russian refined oil products. ""The crude price cap was pretty inconsequential,"" Hari told CNBC's "" Squawk Box Asia "" on Thursday. ""I think the refined product caps that they're planning - about a $100 [per barrel] for diesel and clean products and perhaps around $45 for dirty fuels like fuel oil - are probably going to be immaterial as well."" Russian oil will find its way into the markets that are ""still welcoming it"" like China and India, according to Hari. ""China and India have benefited quite a big deal last year from heavily discounted Russian crude prices and the same's going to happen to Russian refined products,"" Hari noted, although it could be more complicated for Moscow to find markets for such products, she added. Both China and India have increased their purchases of Russian oil in the wake of Moscow's invasion of Ukraine, benefiting from discounted rates. Sankey further noted ""oil friendships are greasy"" and there's a lot of different ways to move Russian oil around the world bypassing the price caps. ""One of the things people have highlighted is look at Malaysian oil. Its crude oil exports to China is at 1.5 million barrels a day,"" said Sankey. ""Malaysia only produces 400,000 barrels a day. I don't think that's Malaysian crude. So there's plenty of stuff moving around outside these ... theoretical caps. "" Separately, Hari said China's sudden reopening is unlikely to move the needle on oil prices in the near term. Hari highlighted she does not believe oil prices will hit $100 per barrel anytime soon as a result of China's reopening, but it could happen more gradually. There's still a high degree of uncertainty around China's oil demand, she added. ""The initial boost in Chinese demand is obvious. We are seeing a lot of travel happening domestically, internationally... that's positive for jet fuel. But when does the Chinese economy actually pick up momentum again? I think that's a big question."" - CNBC's Sam Meredith contributed to this article",1071,True,3,False,Oil and Gas,2023-02-05,True,43.15,2023-02-08
https://www.cnbc.com/2023/02/03/europe-is-set-to-ramp-up-its-oil-war-against-russia-with-products-ban.html,2023-02-03 01:17:42 PM WIB,Europe is set to ramp up its oil war against Russia — and markets are bracing for more disruption,"Europe is set to ramp up its oil war against Russia - and markets are bracing for more disruption. Europe is once again poised to ratchet up the pressure on Russia's oil revenues, seeking to deplete President Vladimir Putin 's war chest as the Kremlin's nearly year-long onslaught in Ukraine drags on. But some energy analysts are worried that the proposed measures could cause ""significant market dislocations."" The European Union's ban on Russian oil product exports is slated to kick in on Feb. 5. The embargo will take effect exactly two months after the West took by far the most significant step to curtail fossil fuel export revenue funding Russia's war. The Group of Seven implemented a $60 price cap on Russian oil on Dec. 5. That came alongside the EU's import ban on Russian seaborne crude, as well as the corresponding bans of other G-7 partners. It is thought that the EU's forthcoming embargo on Russian petroleum products will be both more complex and more disruptive than what has come before. As part of the European Union's sixth package of sanctions against Russia, adopted in June last year , the 27-member bloc imposed a ban on the purchase, import or transfer of seaborne crude oil and petroleum products from Russia. The restrictions on Russian crude oil took effect on Dec. 5, while the measures targeting Moscow's refined petroleum products will apply from Feb. 5. Analysts at political risk consultancy Eurasia Group warned the EU's imminent ban ""will probably have a more disruptive effect than previous EU crude-import sanctions."" Concerns about further supply disruptions come amid talks regarding further oil price caps. The EU and its G-7 allies are reportedly considering a $100 per barrel price cap on premium Russian oil products like diesel and a $45 cap on discounted products like fuel oil and industrial lubricant oil. The thresholds, first reported by Bloomberg last week , are also expected to take effect on Feb. 5, although the figures may change during talks between member states and the bloc's allies. A spokesperson for the European Commission, the EU's executive arm, said discussions between member states were ongoing but declined to provide any further details. ""If it is introduced, it would be last minute, potentially creating more confusion in the market,"" analysts at Eurasia Group said. ""We expect some disruption, especially in the immediate aftermath of the ban as EU markets continue to line up alternative supplies,"" Matthew Sherwood, an analyst at the Economist Intelligence Unit, told CNBC via email. ""We also expect this to put upward pressure on prices for oil products more generally."" Sherwood said the team at EIU anticipates some rerouting of flows, with Moscow sending more barrels to China, India, the Middle East and Africa, and Europe ramping up imports from India, China, the Middle East and the U.S. This, he added, would likely increase transport costs. Energy analysts had been skeptical about the impact of the G-7 price cap on Russian oil, particularly as Moscow had been able to reroute much of its European seaborne shipments to the likes of China, India and Turkey. The EU urged India and China to support a price cap on Russian oil. Nonetheless, India's oil imports were reported to have jumped to a five-month record in December as the country actively ramped up its purchases of Russian crude, while China was seen as the second largest buyer of Urals in January. ""The impact of sanctions on Russian crude exports after two months of the European Union embargo has not been as devastating as some predicted,"" Stephen Brennock, senior analyst at PVM Oil Associates in London, said in a research note. His comments come shortly after Reuters reported that oil loadings from Russia's Baltic ports were poised to jump by 50% in January from December. ""Not bad for the world's most sanctioned country,"" Brennock said. ""The same fate may however not await its refined oil products,"" he added. ""China and India have been a lifeline for Russian crude exports given their large refining capacities. Yet this also means that they will continue to take cheap imported crude oil and process it domestically rather than buying refined oil."" Shipping and pricing issues are key concerns when it comes to the EU's ban on Russian oil product exports. Indeed, it is when these challenges are factored in that analysts at Eurasia Group believe the product ban could have an even bigger impact on markets than its predecessor crude embargo. The seaborne transport of Russian oil products is thought to be more difficult because tankers must be deep cleaned when switching from carrying one fuel to another, such as from gasoline to lubricants. It also requires more vessels than the crude sector since fuel tankers are smaller than crude carriers. ""This will create logistical challenges and higher transport costs if Russia seeks to redirect product flows to Asia, as it has done with crude oil,"" analysts at Eurasia Group said. Russia retaliated against the Western measures implemented in late 2022 by banning oil sales to countries that abide by the price cap. Kremlin spokesperson Dmitry Peskov previously said a Western price cap on Russian oil would not affect its ability to sustain what it describes as its ""special military operation"" in Ukraine. ""Once the EU embargo on Russian seaborne fuel exports kicks in, we are likely to see prices for gasoline and especially diesel remain supported by tightening supply - not least if the embargo is being followed up by a $100 per barrel price cap on diesel,"" Ole Hansen, head of commodity strategy at Saxo Bank, said in a research note. Hansen said on Jan. 27 that this proposed level was some $30 below current market levels. ""Russia may, however, struggle to offload its diesel to other buyers, with key customers in Asia being more interested in feeding their refineries with heavily discounted Russian crude, which can then be turned into fuel products selling at the prevailing global market price,"" he added. Hansen said the supply of diesel to Europe from the U.S. and the Middle East could make up some of the missing barrels from Russia, ""but a shortfall seems likely.""",1289,True,3,False,Energy,2023-02-05,True,42.705,2023-02-08
https://www.cnbc.com/2023/05/04/russia-china-would-use-debt-ceiling-default-against-us-haines.html,2023-05-05 03:00:00 AM WIB,"Russia and China would use debt default to portray U.S. as chaotic, intel chief warns","Russia and China would use debt default to portray U.S. as chaotic, intel chief warns. WASHINGTON - The director of America's top spy agency warned lawmakers Thursday that Russia and China will take advantage of the U.S. potentially defaulting on its debt, which the Treasury Department says could happen as early as June 1. ""It would be almost a certainty that they would look to take advantage of the opportunity,"" U.S. Director of National Intelligence Avril Haines said before the Senate Intelligence Committee when asked about the national security consequences of the U.S. teetering on the edge of a fiscal cliff. Haines, who leads America's 18 intelligence agencies, said that Russia and China would attempt to highlight ""the chaos within the United States, that we're not capable of functioning as a democracy."" ""Almost certainly it would create global uncertainty about the value of the U.S. dollar and U.S. institutions and leadership, leading to volatility in currency and financial markets and commodity markets that are priced in dollars,"" she said. Haines added that she is not following each development regarding debt limit negotiations on Capitol Hill. The debt ceiling, which was first put in place by Congress during World War I, is the limit on the amount of money the federal government can borrow to pay for defense expenditures as well as mandatory programs, such as social security and Medicaid. In January, Treasury Secretary Janet Yellen notified Congress that the U.S. government started to use extraordinary measures to fend off default . ""Failure to meet the government's obligations would cause irreparable harm to the U.S. economy, the livelihoods of all Americans, and global financial stability,"" Yellen wrote in a Jan. 13 letter. ""I respectfully urge Congress to act promptly to protect the full faith and credit of the United States."" Since 1960, Congress has raised the debt ceiling 78 separate times under both Republican and Democratic presidents. Read more: What is the debt ceiling? Why it's important and how it affects you Shalanda Young, the director of the Office of Management and Budget, echoed Haines' concerns when asked at the White House whether foreign adversaries would benefit from a U.S. default. ""They love this. They love to see chaos in the American system. They love to see that we can't do our basic jobs,"" Young told reporters during a press briefing at the White House. ""The bottom line here, Congress needs to act. Preventing default is their basic constitutional responsibility and they need to get it done,"" she said. Read more: Democrats quietly pave the way for a debt ceiling deal In February, former Secretaries of Defense Leon Panetta and Chuck Hagel warned that the federal government defaulting on its bills, a historic first, will weaken America's national security. ""The consequence of debt-ceiling brinksmanship is a dangerous self-inflected wound that tells both our friends and our enemies that we cannot be trusted. Such brinksmanship weakens our national security,"" the former Pentagon chiefs wrote in a letter . The former secretaries added that Russian President Vladimir Putin ""will be watching to measure the credibility of U.S. economic power"" while Washington leads efforts to provide Kyiv with security assistance and coordinate global sanctions on Moscow. ""To default on our financial obligations at this time would both undermine our own power and encourage Putin to continue his futile war on democracy,"" Panetta and Hagel said. What's more, a default would also impact the U.S. governments' ability to pay the 3.4 million men and women in the sister service branches, National Guard and civilian employees that make up the Defense Department",763,True,2,False,Politics,2023-05-05,False,5.0,2023-05-06
https://www.cnbc.com/2023/05/25/investment-in-fossil-fuels-set-to-exceed-1-trillion-in-2023-iea-says.html,2023-05-25 12:15:22 PM WIB,"Solar investment set to overtake oil production and attract over $1 billion a day in 2023, IEA says","Solar investment set to overtake oil production and attract over $1 billion a day in 2023, IEA says. Global investment in energy is slated to hit roughly $2.8 trillion in 2023, according to a new report from the International Energy Agency, with over $1.7 trillion of that set to go on clean energy technologies such as EVs, renewables and storage. In a sign of how the energy transition is progressing, the IEA's World Energy Investment report said solar investments were expected to attract over $1 billion a day in 2023. In a statement, Fatih Birol, the IEA's executive director, said investment in solar was ""set to overtake the amount of investment going into oil production for the first time."" Speaking to CNBC's Arabile Gumede Thursday morning, Birol said there was a ""growing gap between the investment in fossil energy and investment [in] clean energy."" There were three reasons for this, he argued. Firstly, the cost of clean energy such as solar and wind was ""getting cheaper and cheaper,"" he said. Secondly, Birol noted that many governments now saw ""clean energy sources - renewables, electric cars, nuclear power - as a lasting solution to their energy security problem, in addition to climate change."" Industrial strategy was the third factor, Birol said, namechecking the United States' Inflation Reduction Act and other programs and policies in Europe, Japan, India and China. ""Governments, investors, see that the next chapter of the industry is clean energy technology manufacturing - batteries, electric cars, solar panels - and they are providing huge incentives to investors,"" he explained. While advocates of the transition to a sustainable future will welcome the above, they'll likely be disheartened by the IEA's projection that coal, gas and oil are still on course to attract ""slightly over"" $1 trillion of investment this year. ""Today's fossil fuel investment spending is now more than double the levels needed in the Net Zero Emissions by 2050 Scenario,"" the IEA's report said. ""The misalignment for coal is particularly striking: today's investments are nearly six times the 2030 requirements of the NZE Scenario,"" it added. These energy investments spin out attractive income, even as oil prices have fallen 'Too cheap to ignore': Bernstein predicts huge upside for these 3 clean energy stocks Outperforming fund manager shares tips on investing sustainably - and generating big return The effect of fossil fuels on the environment is considerable. The U.N. says that, since the 19th century, ""human activities have been the main driver of climate change, primarily due to burning fossil fuels like coal, oil and gas."" The shadow of 2015′s Paris Agreement looms large over the IEA's report. The landmark accord aims to ""limit global warming to well below 2, preferably to 1.5 degrees Celsius, compared to pre-industrial levels."" Cutting human-made carbon dioxide emissions to net-zero by 2050 is seen as crucial when it comes to meeting the 1.5 degrees Celsius target. Over the past few years, high profile figures such as U.N. Secretary General Antonio Guterres have made their feelings on fossil fuels known. In June last year, Guterres slammed new funding for fossil fuel exploration. He described it as ""delusional"" and called for an abandonment of fossil fuel finance. Despite these concerns, the oil and gas industry continues to develop projects around the world. In Oct. 2022, for instance, BP chief Bernard Looney said his firm's strategy was centered around investing in hydrocarbons whilst simultaneously putting money into the planned energy transition. While there will be concerns about the money flowing to fossil fuels, the IEA's Birol sought to highlight what could be a significant shift going forward. ""Clean energy is moving fast - faster than many people realise,"" he said in a statement issued alongside the IEA's report. ""This is clear in the investment trends, where clean technologies are pulling away from fossil fuels."" ""For every dollar invested in fossil fuels, about 1.7 dollars are now going into clean energy,"" Birol added, explaining that this ratio had been one-to-one just five years ago. Others commenting on the IEA's report included Dave Jones, head of data insights at energy thinktank Ember. ""This crowns solar as a true energy superpower,"" he said. ""It is emerging as the biggest tool we have for rapid decarbonisation of the entire economy, especially as solar is increasingly used to power cars in place of oil,"" he added. ""The irony remains that some of the sunniest places in the world have the lowest levels of solar investment, and this is a problem that needs attention.""",1005,True,3,False,Sustainable Future,2023-05-26,True,19.74388888888889,2023-05-29
https://www.cnbc.com/2023/06/19/afghanistan-iran-border-flare-up-spotlights-water-scarcity-crisis.html,2023-06-19 08:37:35 AM WIB,Water wars: Afghanistan and Iran's deadly border flare-up spotlights scarcity crisis,"Water wars: Afghanistan and Iran's deadly border flare-up spotlights scarcity crisis. Iran and Afghanistan are going head to head over control of the supply of a crucial resource that's shrinking by the day: water. Violence along the border between the two tumultuous countries flared up in recent weeks, stoked by a dispute over the water flowing from Afghanistan's Helmand river into Iran. Tehran says Afghanistan's Taliban government is deliberately depriving Iran of sufficient water supplies in order to bolster its own; but the Taliban says there isn't enough water anymore to begin with, thanks to plummeting rainfall and river levels. Iranian and Afghan border guards clashed on May 27, exchanging heavy gunfire that killed two Iranian guards and one Taliban soldier and wounded several others. Both sides blame each other for provoking the fighting, which has thrust the region's water issues back into the spotlight. The situation risks destabilizing an already poor and water-deprived part of Iran, where serious protests against the government have taken place in recent years. ""The water dispute with Afghanistan is not something Iran can take lightly,"" Torbjorn Soltvedt, principal Middle East and North Africa analyst at Verisk Maplecroft, told CNBC. ""Water resources in Iran are under severe pressure and water stress has been a trigger of large-scale civil unrest in recent years."" In the summer of 2021, protests began in Iran's western Khuzestan province over water shortages and subsequent power outages as hydroelectric power stations ran out of supply. Dubbed ""the uprising of the thirsty,"" the demonstrations soon spread to several cities around Iran including the capital Tehran, and drew a heavy government crackdown that ended in both police and civilian casualties. Grappling with U.S. sanctions, a severely weakened economy and a continuing anti-government protest movement, Iran is already under significant pressure. ""With the authorities still struggling to keep a lid on nationwide protests,"" Soltvedt said, ""a water security crisis in eastern Iran would come at a particularly bad time."" The 580-mile border between Afghanistan and Iran is porous and crawling with crime, predominantly coming from the Afghan side into Iran. Afghanistan has been wracked with instability and war for decades, and the ruling Taliban government derives a significant part of its revenue from illicit trades. ""Iran's Afghan border has always been its most vulnerable,"" said Kamal Alam, a nonresident senior fellow at the Atlantic Council's South Asia Center. It's host to ""a number of issues including narcotics smuggling, human trafficking, and terrorism"" - but is simultaneously an all-important source for water, Alam said. Water tensions between the two countries go way back. In the 1950s, Afghanistan built two major dams that limited the flow of water from the Helmand river into Iran. This angered Tehran and threatened relations, ultimately leading to the signing of a treaty in 1973 that allotted Iran 850 million cubic meters of Helmand water yearly. But subsequent revolutions, invasions, wars and dramatic government changes in both countries meant the treaty was never fully implemented. ""Since the 1973 water treaty between the two, they have come close to war a number of times due to various Afghan governments using Iran's water vulnerability as a leverage on bilateral issues,"" Alam said. Scientists have long warned that climate change increases the risk of wars and refugee crises as countries fight over the natural resources they need to live. ""The disagreements over water allotments for the Helmand River are hard to overcome because neither country has the ability to bring more water to the region,"" said Ryan Bohl, a senior Middle East and North Africa analyst at Rane. ""It's already an extremely dry area, but issues like climate change and overfarming are making it worse."" ""In a way,"" he said, ""it's a classic driver of conflict, a competition for a scarce resource neither side can live without."" In mid-May, a Taliban press release expressed Afghanistan's support for the 1973 treaty, but said: ""Since there has been a drought in Afghanistan and the region in recent years and the water level has dropped ... provinces of the country are suffering from drought and there is not enough water. In such a situation, we consider Iran's frequent demand for water and inappropriate statements in the media as harmful."" Iranian President Ebrahim Raisi, in response, told Afghanistan's leaders to take his words ""very seriously,"" saying ""I warn the rulers of Afghanistan to give the rights of the people in [the Iranian border regions of] Sistan and Baluchistan immediately."" A Taliban commander hit back, saying there was no water for them to give Iran and warning, ""Do not attack us. We are not afraid."" Tehran then made a statement emphasizing the fact that it doesn't recognize the Taliban as Afghanistan's ruling body. The back-and-forth only heightened tensions, and some worry that May's border shootout could be a sign of worse to come. Rane's Bohl expects the issue to fester as ""water scarcity is a very complicated problem that requires extensive and expensive infrastructure investments to overcome, neither of which heavily-sanctioned Iran or Afghanistan is in a position to fix,"" he said. He expects flare-ups between the two to continue, as well as continued interruptions to Afghanistan's water supply - bad news for an already desperately impoverished country. That ""could harm Afghanistan's farming output over time and damage its already frail economy and worsen food shortages,"" Bohl said",1150,True,3,False,World News,2023-06-20,True,23.37361111111111,2023-06-21
https://www.cnbc.com/2023/06/26/russia-rebellion-joe-biden-says-us-not-involved.html,2023-06-26 11:39:27 PM WIB,"Biden says U.S. is not part of aborted Russia rebellion, and it's too early to determine the cause","Biden says U.S. is not part of aborted Russia rebellion, and it's too early to determine the cause. WASHINGTON - President Joe Biden said Monday that the United States was not involved in the aborted weekend rebellion in Russia led by the leader of the mercenary Wagner Group. ""We made clear we are not involved, we had nothing to do with it, this was part of a struggle within the Russian system,"" Biden said from the White House. Biden said he monitored developments as they unfolded with his security team and spoke with close allies over Zoom. They agreed not to allow Russian President Vladimir Putin to blame the situation on the West or NATO, he added. ""It's still too early to reach a definitive conclusion about where this is going. The ultimate outcome of all this remains to be seen,"" Biden said. ""But no matter what comes next, I will keep making sure that our allies and our partners are closely aligned in how we are reading and responding to situations."" Biden said he also spoke at length with Ukrainian President Volodymyr Zelenskyy to assure him the United States would keep supporting Ukraine's defense as Russia continues its assault on his country. Biden said he was convening a call with heads of state after he finished his remarks to ensure they are ""on the same page."" Yevgeny Prigozhin, leader of the Wagner Group, took control of the strategic city of Rostov-on-Don on Saturday and advanced an army within 200 kilometers (124 miles) of Moscow. The rebellion lasted less than 24 hours, but marked a significant challenge to Putin's control of the nation. The revolt ended after Belarusian President Alexander Lukashenko brokered a deal between Prigozhin and the Kremlin. Prigozhin, whose private army has supplemented Russian troops during Putin's assault on Ukraine , had criticized Russian military leaders throughout the campaign. The mercenary chief on Monday denied he planned to overthrow Putin, according to an NBC News translation. Prigozhin in an audio address said he acted to prevent the ""destruction"" of the military group after an attack on a Wagner camp. The revolt came after more than 15 months of war in Ukraine, where Wagner has been in the thick of some of the fiercest fighting. White House national security spokesman John Kirby told reporters Monday that ""we're focused on what's going on in Ukraine."" He called the rebellion ""an internal Russian matter."" Kirby also said it was ""too soon to know what impacts this will have on Ukraine, on Russia and the rest of Europe.""",538,True,2,False,Politics,2023-06-27,True,8.3425,2023-07-02
https://www.cnbc.com/2023/06/29/mike-pence-meets-with-volodymyr-zelenskyy-in-surprise-trip-to-ukraine.html,2023-06-29 10:13:43 PM WIB,Mike Pence meets with Volodymyr Zelenskyy in surprise trip to Ukraine,"Mike Pence meets with Volodymyr Zelenskyy in surprise trip to Ukraine. Former Vice President Mike Pence made a surprise visit to Ukraine on Thursday, becoming the first Republican presidential candidate to meet with Ukrainian President Volodymyr Zelenskyy during the campaign. The visit comes at a crucial moment in the war, just after the Wagner mercenary group's rebellion and the deadly Russian missile strike on a pizza restaurant in Kramatorsk, Ukraine. Pence has been outspoken about his support for Ukraine, and the move sends a resounding message that he believes the U.S. should play a leading role in the country's fight against Russia. It also puts Pence in a unique position within the GOP - a party once dominated by hawks who advocated against growing Russian influence but is now led by a man who has repeatedly praised Russian President Vladimir Putin, and whose base is largely uninterested in supporting Ukraine. ""I believe America's the leader of the free world,"" Pence told NBC News. ""But coming here just as a private citizen - being able to really see firsthand the heroism of the Ukrainian soldiers holding the line in those woods, see the heroism of the people here in Irpin that held back the Russian army, to see families whose homes were literally shelled in the midst of an unconscionable and unprovoked Russian invasion - just steels my resolve to do my part, to continue to call for strong American support for our Ukrainian friends and allies."" Pence is spending the day getting a firsthand look at the atrocities Ukrainians have experienced over the last 16 months and visiting Moshchun, Bucha and Irpin - three cities the Russian forces occupied and ravaged - in addition to meeting with Zelenskyy. One of Zelenskyy's top advisers, Mykhailo Podolyak, said Pence ""understands absolutely clearly what Russia is."" ""He deeply understands Russia and deeply understands the nature of this conflict, that it is not about territories, not about any businesses, not about anything except the main thing ... those values for which the United States were created,"" Podolyak said, naming ""freedom, competition and democracy."" ""This is about helping a country that is willing to defend the fundamental, core values on which the United States as a whole is built,"" he added. Read more on NBC News The future of U.S. support for the Ukrainian war effort is in question, and the voters Pence is trying to woo in the Republican primary aren't eager to aid the country. In the latest NBC News national poll, 52% of GOP primary voters said they would be less likely to back a candidate who supports sending more funding and weapons to Ukraine, while just 28% said they would be more likely. ""I'm here because it's important that the American people understand the progress that we've made and how support for the Ukrainian military has been in our national interest,"" Pence said when asked by NBC News about the poll results. ""I truly do believe that now, more than ever, we need leaders in our country who will articulate the importance of American leadership in the world."" ""We'll let the polls and the politics take care of themselves, but for me it was important to be here to better understand what the people of Ukraine have endured, the mindless violence that was perpetrated on them in an unprovoked invasion by the Russian military and the progress that they've made in pushing back that military,"" he added. ""It's steeled my resolve, and it's made me better equipped to be able to go home as I speak to the American people about the vital importance of American support to repel Russian aggression."" Pence's stance also sets him apart from some of his Republican rivals. And when talking about his views on foreign policy Thursday, he looked back to former President Ronald Reagan as his guiding star. ""Ever since the days of Ronald Reagan, the American people have always stood with those who fought back to defend their own freedom,"" he said. ""We actually called it the Reagan doctrine - the idea that if you were willing to fight the Communists back in the day in your country, we'll give you the means to fight them there so that we don't ever have to fight them on our soil. It's part and parcel of what brought down the Soviet Union and made it possible for Ukraine to live in freedom to begin with. But I do believe that the majority of Republicans and the majority of Americans still hold to that cause of freedom."" Florida Gov. Ron DeSantis initially stumbled in his response to the war, getting criticism from within the party for calling it a "" territorial dispute "" and saying backing Ukraine isn't a ""vital"" U.S. interest. He later changed course and called Putin a "" war criminal ."" And the GOP front-runner in the polls, former President Donald Trump, initially praised Putin when he invaded Ukraine, saying he was "" very savvy ."" Trump has also claimed that he would be able to end the war in just 24 hours . ""Anyone can express their vision of how things should develop in a historical sense,"" Podolyak said, ""but we live in the real world.""",1104,True,3,False,Politics,2023-07-02,True,57.771388888888886,2023-07-03
https://www.cnbc.com/2023/07/11/putin-went-to-war-for-less-nato-military-alliance-chief-says-and-thats-backfired.html,2023-07-11 06:24:13 PM WIB,"Putin went to war for 'less NATO,' military alliance chief says — and that's backfired","Putin went to war for 'less NATO,' military alliance chief says - and that's backfired. Russia's war in Ukraine has helped enlarge, rather than rein in the expansion of the NATO military alliance, Secretary-General Jens Stoltenberg said Tuesday, a day after Turkey endorsed Sweden's membership bid. Before his full-fledged invasion of Ukraine last year, Russian President Vladimir Putin cited supposed national security risks resulting from Kyiv's ambitions to join NATO. ""[Putin] went to war because he wanted less NATO. He's getting more NATO,"" Stoltenberg told reporters on Tuesday at the start of the NATO summit in Vilnius, Lithuania. ""Moscow, President Putin, does not have a veto on NATO enlargement."" Stoltenberg's comments come after Turkey on Monday agreed to back Sweden's accession bid into the NATO alliance, after withholding its endorsement for more than a year. Ankara's diplomatically complex objections centered primarily on Sweden's support for Kurdish groups that Turkey designates as terrorist. Stockholm and Helsinki abandoned their historical conflict neutrality and submitted their applications to join NATO in May 2022 , in the wake of Russia's invasion of Ukraine . Finland became the 31 st member of the alliance in April this year and has participated in its first drill exercises with the coalition since. Ukraine has been pushing to advance its own NATO membership, but alliance officials have repeatedly said its accession is unlikely while war is still being waged on its territories. Kyiv's bid to enter the European Union has likewise stalled, as Ukraine pushes forward with judicial and anti-corruption reforms. Still, Stoltenberg on Tuesday noted that Kyiv has made significant progress in deepening its relations with NATO since the April 2008 summit in Bucharest where it was agreed that Ukraine and Georgia would join the alliance . ""Ukraine has come a long way since we made that decision in 2008 that the next step will be a membership action plan,"" he said. ""Ukraine is much closer to NATO, so I think the time has come to reflect that in also the NATO decisions."" Stoltenberg also stressed that ""NATO allies will send a strong, positive message on the path forward for Ukraine"" in its communique later in the day. Questions linger over the security guarantees that NATO can offer Ukraine and the extent to which these commitments can survive a potential leadership change in the U.S., which is set to hold elections in November 2024. The protracted accession progress is wearing thin for Ukrainian President Volodymyr Zelenskyy, however. ""Unprecedented and absurd - when there is no time frame for both the invitation (!) and Ukraine's membership; and when instead some strange wording is added about the 'conditions' even for inviting Ukraine,"" he wrote Tuesday on Telegram , according to a Google translation. ""It looks like there is no readiness either to invite Ukraine to NATO or to make it a member of the Alliance,"" he added. ""And for Russia, this means motivation to continue its terror."" Stoltenberg has confirmed that Zelenskyy will be attending the NATO summit. In Google-translated comments carried by Russian state news agency Tass on Telegram, Kremlin spokesperson Dmitry Peskov on Tuesday warned that Ukraine's potential membership in NATO is ""very dangerous for European security,"" adding that Sweden's entry into the alliance will have ""negative consequences."" Russia will closely monitor the NATO summit to take steps to ensure its own security, Peskov said. Russia strongly opposes NATO expansion and regularly cites concerns over the spread of Western influence close to its borders. Kyiv officially wrested its independence from the Soviet Union in August 1991, but Putin maintains Russians and Ukrainians are "" one people"" - a claim that is rejected by many in Ukraine. Moscow seized the Crimean Peninsula from Ukraine in 2014 and last September illegally annexed four other Ukrainian areas: Donetsk, Kherson, Luhansk, and Zaporizhzhia. The Russian invasion has spurred NATO to strengthen, rather than withdraw its presence in Eastern Europe. ""NATO has increased its military presence in the eastern part of the Alliance as a direct result of Russia's behaviour, which reflects a pattern of aggressive actions against its neighbours and the wider transatlantic community,"" the alliance said last month",877,True,2,False,Europe Politics,2023-07-12,True,13.596388888888889,2023-07-13
https://www.cnbc.com/2023/07/17/wagners-rebellion-could-hit-kremlins-pro-russian-state-in-africa.html,2023-07-17 01:19:08 PM WIB,Wagner's failed rebellion could hit the Kremlin's ambitions for a 'pro-Russian state' in Africa,"Wagner's failed rebellion could hit the Kremlin's ambitions for a 'pro-Russian state' in Africa. Since the Wagner Group's aborted rebellion against the Russian military late last month, a cloud of uncertainty has hovered over the mercenary force's operations around the world. The Wagner Group, a paramilitary unit founded by Yevgeny Prigozhin in Russia, is known for both brutality and effectiveness in its role as a private mercenary contractor with close ties to the Kremlin, often popping up on conflict-ridden states to help fragile governments repel armed insurgencies. Its fighters have played a key role in Russia's full-scale invasion of Ukraine, securing crucial territories in some of the conflict's bloodiest battles to date. But the group also has a significant presence elsewhere in the world - not least in Africa. Hundreds of Wagner troops were spotted last week departing from Bangui, the capital of Central African Republic (CAR), where the Kremlin-linked group has its largest and broadest overseas presence. It comes just weeks after Wagner boss Prigozhin embarked on an ill-fated rebellion in Russia, ordering his troops fighting in Ukraine to march toward Moscow. The mutiny ended with a deal brokered by Belorussian leader Alexander Lukashenko that saw Prigozhin seemingly exiled to Belarus, but a lack of clarity has ensued over his whereabouts. Meanwhile, Wagner's chain of command has been called into question, with the Kremlin attempting to re-establish its control over the previously allied mercenary force. Russian President Vladimir Putin suggested that mercenaries who were not involved in the mutiny may be offered the opportunity to sign contracts with the Russian armed forces, rather than handing over their arms. Sky News reported Friday that the Wagner personnel who left CAR had refused to sign new these contracts. It remains unclear whether the exodus of Wagner personnel in CAR last week was related to a routine rotation of troops, a refusal to sign contracts, or a Moscow-ordered withdrawal designed to curb Prigozhin's empire. However, the Officers' Union for International Security (OUIS), a U.S.-sanctioned Wagner front company operating in CAR, announced over the weekend that a fresh wave of fighters had arrived in the CAR capital of Bangui. ""The planned rotation continues. Several hundred experienced professionals from the Wagner company are joining the team working in CAR,"" the OUIS said in a statement on Telegram. ""Russian instructors will continue to aid soldiers in the Central African armed forces to ensure security in anticipation of the constitutional referendum scheduled for July 30."" Whatever the reason for the rotation, Alex Vines, director of the Africa Programme at Chatham House, told CNBC on Wednesday that the number of troops departing ""seems higher than normal."" Chris Weafer, CEO of Moscow-based Macro-Advisory, noted that Prigozhin appears to have reached an ""understanding"" with the Kremlin. ""He will not again threaten the regime, and in exchange, he can remain free to manage his business interests and, possibly, to continue managing Wagner,"" he told CNBC. Weafer suggested that Wagner, or some variation of it, will ""continue to be useful for the Kremlin"" in several countries in Africa, adding that it is ""unlikely they will again operate in eastern Ukraine."" ""It is a very Russian solution to what is essentially an internal power dispute,"" he added. Over the past six years, Wagner has established a significant presence on the African continent , both militarily and in terms of political and economic influence, serving as an important vehicle for Russia to expand its diplomatic and economic interests. Mercenary activities have been confirmed in CAR, Sudan, Libya, Mali and Mozambique, but Chatham House's Vines noted that only in the CAR has Wagner been able to establish an all-encompassing military, economic and political presence. Wagner entered CAR in 2018 at the request of President Faustin-Archange Touadéra to protect the government and lucrative mines against armed rebels amid an ongoing civil war. The group's influence has since expanded to include the mining of gold and other natural resources. It proved an opportune moment for Moscow, which saw the potential to expand its geopolitical reach as France began to loosen ties to its former colonies in Africa. Vines noted that the Kremlin had initially planned to build on its warm relationship with former Sudanese dictator Omar al-Bashir to establish a pro-Russian, geostrategically significant state, until the Bashir regime was overthrown in a military coup in 2019. It was then that Wagner's presence in CAR, and Touadéra's growing dependence on the mercenary force, took on additional importance. ""Originally, [the Russians] saw it as an extension of their ambition to use Sudan as a big platform with Al-Bashir - and have a big corridor going through - but then Al-Bashir collapsed, but they continued on experimentation on how to create a pro-Russian state in Africa, which is what I think we have in the Central African Republic,"" Vines explained. The Russian foreign ministry has been contacted for comment by CNBC. CAR has since become a vehicle for Russia's ambitions in Africa, however a divisive referendum at the end of the month - called by Touadéra in an effort to override the country's constitution and run for a third term in office - will offer a stern test of its efforts to prop up the government against a backdrop of widespread conflict and human rights abuses. Wagner itself has been accused by numerous international bodies of perpetrating human rights abuses in CAR, including the torture and killing of civilians, though it maintains a strong public image in the country of having successfully quashed violent rebel uprisings at the government's behest. French President Emmanuel Macron met with Touadéra in Gabon in March, with many commentators suggesting both parties wish to see CAR, which gained independence from France in 1960, diversify its international partnerships away from what has become a heavy dependence on Russia. As well as Western efforts to rebuild ties with CAR and other African nations in which Wagner has a presence, Putin and Prigozhin may also begin to face challenges from other African forces such as Rwanda, Vines noted. Rwandan President Paul Kagame earlier this year signed an agreement to provide security services in Benin, and also visited Guinea, while Rwandan forces have been active in repelling militant factions in northern Mozambique. Although Rwandan forces have proven ""disciplined and effective"" in their more distant security partnerships, they have also been linked to atrocities perpetrated by Kigali-backed M23 rebel groups in the eastern Democratic Republic of Congo. These have included summary executions, rape, forced recruitment of civilians and a litany of alleged war crimes, according to various human rights groups, and Rwanda's support for M23 has taken the country to the brink of war with its vast but unstable neighbor. The Rwandan government has denied supporting the rebels. During his state visit to Benin, Kagame also took shots at the West over its attempts to persuade African states not to engage with Russia and China. ""Those who come to Africa you hear people complain about China, then about Russia, but how about them? What right do they have to be in Africa that others don't have?"" Kagame told a joint press conference with Beninese President Patrice Talon. ""What we need to do in Africa is to be together, to identify what we need in terms of partnerships and who offers what we need."" Another cloud on Wagner's horizon is its future revenue stream, particularly given its tense relationship with Moscow following the rebellion. Putin has previously confirmed that the group receives Kremlin funding, and has been subsidized by Moscow to the tune of $1 billion, but Vines suggested this was primarily directed toward its operation in Ukraine. While Russian government funding may have helped Wagner establish itself in CAR, Vines noted that the group had several years to fully entrench itself in the economy and start generating its own revenue, as part of the broader experiment of creating a ""pro-Russian state."" If brought under the Kremlin's umbrella during a costly ongoing war, that government funding is more likely to be diverted toward the war effort in Ukraine, while any Wagner commercial activity will need to generate quick returns. The state-backed, gradual expanse seen in CAR will not therefore be replicable anywhere else in Africa, Vines suggested, because ""there just isn't the pocket and the strategic patience for it that the Russians had"" back in 2018",1755,True,4,False,Politics,2023-07-18,True,18.68111111111111,2023-07-20
https://www.cnbc.com/2023/08/07/how-us-microchips-are-fueling-russias-military-despite-sanctions.html,2023-08-07 12:10:51 PM WIB,How U.S. microchips are fueling Russia's military — despite sanctions,"How U.S. microchips are fueling Russia's military - despite sanctions. Western microchips used to power smartphones and laptops are continuing to enter Russia and fuel its military arsenal, new analysis shows. Trade data and manifests analyzed by CNBC show that Moscow has been sourcing an increased number of semiconductors and other advanced Western technologies through intermediary countries such as China. In 2022, Russia imported $2.5 billion worth of semiconductor technologies, up from $1.8 billion in 2021. Semiconductors and microchips play a crucial role in modern-day warfare, powering a range of equipment including drones, radios, missiles and armored vehicles. Indeed, the KSE Institute - an analytical center at the Kyiv School of Economics - recently analyzed 58 pieces of critical Russian military equipment recovered from Ukraine's battlefield and found more than 1,000 foreign components , primarily Western semiconductor technologies. Many of these components are subject to export controls. But, according to analysts CNBC spoke to, convoluted trade routes via China, Turkey, the United Arab Emirates and elsewhere mean they are still entering Russia, adding to the country's prewar stockpiles. ""Russia is still being able to import all the necessary Western-produced critical components for its military,"" said Elina Ribakova, senior fellow at the Peterson Institute for International Economics, and one of the authors of KSE Institute's report. ""The sanctions evasion and avoidance is surprisingly brazen at the moment,"" she added. Not all advanced technologies are subject to Western sanctions on Russia. Many are dubbed dual-use items , meaning they have both civilian and military applications, and therefore fall outside of the scope of targeted export controls. A microchip may have applications in both a washing machine and a drone, for instance. Still, many of these products originate from Western nations with sweeping trade bans against Moscow and, specifically, its military. All U.S.-origin items except food and medicine are prohibited from reaching Russia's army. In KSE's study, more than two-thirds of the foreign components identified in Russian military equipment ultimately originated from companies headquartered in the U.S., with others coming from Ukrainian allies including Japan and Germany. CNBC was unable to verify whether the implicated companies were aware of the final destination of their goods. Swiss authorities said they were working with firms to ""educate them on red flags,"" while government spokespeople for the other countries cited did not immediately respond to a request for comment. Separately, a study from the Royal United Services Institute found that Russia's military uses over 450 different types of foreign-made components in its 27 most modern military systems, including cruise missiles, communications systems and electronic warfare complexes. Many of these parts are made by well-known U.S. companies that create microelectronics for the U.S. military. ""Over decades, non-Russian high-tech systems and technologies became more advanced and really have become industry and global standards. So, a Russian military, as well as its civilian economy, have become dependent,"" Sam Bendett, advisor at the Center for Naval Analyses, said. The ubiquity and wide-reaching applications of such technologies have led them to become intertwined in global supply chains and therefore harder to police. Meanwhile, sanctions on Russia are largely limited to Ukraine's Western allies, meaning that many countries continue to trade with Russia. ""It's difficult to stop strictly civilian microelectronics from crossing borders and from taking place in global trade. And this is what the Russian industry as well as the Russian military and its intelligence services are taking advantage of,"" Bendett said. Those trade flows can be messy. Typically, a shipment may be sold and resold several times, often through legitimate businesses, before eventually reaching a neutral intermediary country, where it can then be sold to Russia. Data suggests China is by far the largest exporter to Russia of microchips and other technology found in crucial battlefield items. Sellers from China, including Hong Kong, accounted for more than 87% of total Russian semiconductor imports in the fourth quarter of 2022, compared with 33% in Q4 2021. More than half (55%) of those goods were not manufactured in China, but instead produced elsewhere and shipped to Russia via China and Hong Kong-based intermediaries. ""This should not be taken as a surprise because China is really trying to accumulate and to make profits and gains on the fact that Russia is economically isolated,"" Olena Yurchenko, advisor at the Economic Security Council of Ukraine, said. China's trade department did not respond to a request for comment on the findings, nor did the Russian government. Meantime, Moscow has also increased its imports from so-called intermediary countries in the Caucasus, Central Asia and the Middle East, according to national trade data. Exports to Russia from Georgia, Armenia and Kyrgyzstan , for instance, surged in 2022, with vehicles, aircraft and vessels accounting for a significant share of the uptick. At the same time, European Union and U.K. exports to those countries rose, while their direct trade with Russia plunged. ""A lot of these countries really cannot sever certain types of trade with Russia, especially those nations which are either bordering Russia, like Georgia, for example ... as well as nations in Central Asia, which maintain a very significant trade balance with the Russian Federation,"" Bendett said. The governments of Georgia, Armenia and Kyrgyzstan did not respond to CNBC's request for comment on the increase in trade. The burgeoning trade flows have prompted calls from Western allies to either get more countries on board with sanctions, or slap secondary sanctions on certain entities operating within those countries in a bid to stifle Russia's military strength. In June 2023, the European Union adopted a new package of sanctions which includes an anti-circumvention tool to restrict the ""sale, supply, transfer or export"" of specified sanctioned goods and technology to certain third countries acting as intermediaries for Russia. The package also added 87 new companies in countries spanning China, the United Arab Emirates and Armenia to the list of those directly supporting Russia's military, and restricted the export of 15 technological items found in Russian military equipment in Ukraine. ""We are not sanctioning these countries themselves. What we are doing is preventing an already sanctioned product, which should not reach Russia, from reaching Russia through a third country,"" EU spokesperson Daniel Ferrie said. However, some are skeptical that the measures go far enough - particularly when it comes to major global trade partners. ""[The sanctions] may work against, let's say, Armenia or Georgia, which are not big trade partners for European Union or for the United States. But in when it comes, for instance, to China or to Turkey, that's a very unlikely scenario,"" Yurchenko, of the Economic Security Council of Ukraine, said. Others say that responsibility ultimately lies with the companies, which need to do more to monitor their supply chains and avoid their goods falling into the wrong hands. ""The companies themselves should have the infrastructure to be able to track it and comply with export controls,"" Ribakova said. ""If we have certain moral values or national security objectives, we cannot be giving [to Ukraine] with one hand and then giving to Russia with the other.""",1523,True,4,False,Technology,2023-08-08,True,19.819166666666668,2023-08-09
https://www.cnbc.com/2023/08/30/odni-russias-war-ukraine-has-triggered-food-insecurity-and-instability.html,2023-08-31 01:22:39 AM WIB,"Food insecurity from Russia's war in Ukraine has triggered instability in vulnerable countries, spy agency says","Food insecurity from Russia's war in Ukraine has triggered instability in vulnerable countries, spy agency says. WASHINGTON - America's top spy agency says Russia's war in Ukraine has disrupted global food security and triggered not only higher prices but also political instability in some of the world's most vulnerable countries. The Office of the Director of National Intelligence, which oversees the nation's 18 intelligence agencies, warned that countries located in sub-Saharan Africa, Afghanistan, Pakistan, Syria and Yemen are particularly susceptible to political instability as a result of food insecurity. ""The combination of high domestic food prices and historic levels of sovereign debt in many countries, largely caused by spending and recessionary effects of the Covid-19 pandemic, has weakened countries' capacity to respond to heightened food insecurity risks,"" ODNI wrote in the assessment. The intelligence group also wrote that the war has contributed to the ""immediate and rapid rise in the prices of agricultural inputs, such as fertilizers and fuel."" The unclassified 8-page report mandated by Congress also said Russian forces stole approximately 6 million tons of Ukrainian wheat, likely for export. The Kremlin has previously denied that its troops in Ukraine targeted civilian infrastructure and engaged in looting. Before Russian troops poured over Ukraine's borders in late February 2022, Kyiv and Moscow accounted for almost a quarter of global grain exports. The two countries exported approximately 34% of the world's wheat, 17% of corn and more than 70% of sunflower oil, according to data compiled by the United Nations. Those exports came to a halt for nearly six months until representatives from Ukraine, Russia, the U.N. and Turkey agreed to establish a humanitarian sea corridor under the Black Sea Grain Initiative . The deal, which was brokered last July, eased Russia's naval blockade and reopened three crucial Ukrainian ports. More than 1,000 ships carrying nearly 33 million metric tons of agricultural products departed from Ukraine's war-weary ports for nearly a year before Russia withdrew from the agreement last month . Kremlin spokesman Dmitry Peskov said earlier this month that Russian President Vladimir Putin will meet in-person with Turkish President Recep Tayyip Erdogan to discuss a potential return to the Black Sea grain deal. Peskov said the two would meet ""soon"" but declined to give an exact timeline for the meeting . What's more, China, one of Moscow's most strategic allies and the world's second-largest economy, was the indisputable top recipient of Ukrainian agricultural products under the Black Sea Grain Initiative. Zhang Jun, China's permanent representative to the United Nations, said earlier this month that the Black Sea grain deal had a ""positive impact on maintaining global food security"" and called for the immediate resumption of Ukrainian agriculture exports as well as Russian fertilizer products. ""China hopes that all relevant parties will intensify dialogue and consultation and meet each other halfway,"" Zhang said during a U.N. Security Council meeting on Aug. 3 chaired by U.S. Secretary of State Antony Blinken",635,True,2,False,Politics,2023-08-31,False,6.6225,2023-09-01
https://www.cnbc.com/2023/09/13/eu-should-have-isolated-the-ukraine-war-hungarian-foreign-minister-says.html,2023-09-13 05:13:11 PM WIB,"The EU should have ‘isolated’ the Ukraine war, Hungarian foreign minister says","The EU should have 'isolated' the Ukraine war, Hungarian foreign minister says. The European Union should have ""isolated"" the Ukraine war , Hungary's foreign minister told CNBC in an interview broadcast Wednesday. The ""European Union should have isolated this war in Ukraine, but instead of that [the] European Union has globalized the war,"" Péter Szijjártó said from the Belt and Road Summit in Hong Kong. Szijjártó criticized Europe's response to the conflict, saying it was causing division between East and West. ""One of the global impacts of the war is that the world seems to be divided into blocks again and this is bad because if there's no communication between countries, in case there's no cooperation between the countries, then you basically give up the hope for peace,"" he said. The European Union did not immediately respond to CNBC's request for comment. This is not the first time Hungary's foreign minister has condemned the EU's handling of Russia's full-scale invasion of Ukraine. Szijjártó said in January that Brussels' sanctions against Russia had obviously ""not fulfilled expectations"" and had damaged European economies more than Russia. ""Russia's economy is not on its knees, definitely. We can have different assessments of how badly they perform but they're not on their knees, and the war is not coming to its end. And Europe's economy is suffering more from sanctions than the Russian economy,"" he told CNBC at the World Economic Forum in Davos, Switzerland. Speaking from the Belt and Road Summit, Szijjártó highlighted how successful he thought the Belt and Road Initiative, a spending plan intended to strengthen trade infrastructure between China and around 150 other countries, would be. ""BRI is not only going to survive, but is going to be more and more successful ... because all the participants, including the European countries, are taking a lot of benefits out of it,"" he said. ""Europe is in a bad shape, economically and security-wise as well, so we need partners of cooperation who are successful, who are giving us impetus, who are giving us the chance to grow more rapidly,"" he added. The initiative was initially launched in 2013 by Chinese President Xi Jinping , but the ambitious strategy has met myriad hurdles in the last decade, both politically and logistically",488,False,1,False,Europe News,2023-09-14,True,14.780277777777778,2023-09-15
https://www.cnbc.com/2023/09/13/elon-musk-calls-for-federal-department-of-ai-after-capitol-hill-summit.html,2023-09-14 12:27:58 AM WIB,Elon Musk calls for federal department of AI after Capitol Hill summit,"Elon Musk calls for federal department of AI after Capitol Hill summit. Tesla CEO Elon Musk called for a federal department of artificial intelligence in a conversation with reporters following a Capitol Hill summit that featured high-profile tech leaders, activists and researchers. Musk arrived at the Capitol in a black Tesla on Wednesday morning to share his thoughts with Congress and other tech executives, including OpenAI CEO Sam Altman and Google CEO Sundar Pichai. Musk has previously said that unchecked AI presents a dire risk to humanity and reiterated that stance in his comments Wednesday. ""I think this meeting could go down in history as important to the future of civilization,"" Musk told reporters after the summit. AI development, the billionaire continued, ""is potentially harmful to all humans everywhere."" Musk expressed optimism about the meeting, saying there seemed to be a ""strong consensus."" Musk thought it's likely the federal AI department could operate similarly to the Federal Aviation Administration or the U.S. Securities and Exchange Commission, adding that those in the space had to be ""proactive while reactive."" Musk in July launched his own AI firm, xAI. There has been little news from within the company, but Musk has made repeated public statements that AI development must have strong guardrails",266,False,1,False,Technology,2023-09-14,False,7.533888888888889,2023-09-15
https://www.cnbc.com/2023/09/14/ukraine-war-live-updates-latest-news-on-russia-and-the-war-in-ukraine.html,2023-09-14 02:33:48 PM WIB,Ukraine ramps up attacks on occupied Crimea; Russia says U.S. 'has no right to lecture us how to live',"Ukraine ramps up attacks on occupied Crimea; Russia says U.S. 'has no right to lecture us how to live'. There have been further reports of blasts in Crimea overnight, with Russian authorities in the occupied peninsula closing a key bridge Thursday morning",52,False,1,True,Politics,2023-09-15,True,17.436666666666667,2023-09-18
https://www.cnbc.com/2023/10/10/asia-stock-markets-today-live-updates-.html,2023-10-10 06:35:44 AM WIB,Japan leads gains in Asia as investors shake off pressures from Hamas attack,Japan leads gains in Asia as investors shake off pressures from Hamas attack. Japan and South Korea returned to trade for the first day since the Hamas attack on Israel,33,False,1,True,Asia Markets,2023-10-10,False,1.4044444444444444,2023-10-11
https://www.cnbc.com/2023/10/13/oil-prices-crude-futures-rise-after-us-tightens-sanctions-on-russia.html,2023-10-13 05:13:34 PM WIB,"Oil prices jump nearly 6% amid geopolitical tensions, post best day since April","Oil prices jump nearly 6% amid geopolitical tensions, post best day since April. Oil prices rose more than 5% on Friday as investors remained on edge about escalating geopolitical tensions in the Middle East. U.S. West Texas Intermediate crude futures jumped 5.8% to settle at $87.7 per barrel for the best day since April 3. International benchmark Brent crude futures with December expiry climbed $4.89, or 5.7%, to $90.89 per barrel. WTI crude gained more than 4% this week, posting its biggest weekly gain since Sept. 1. The Israel-Hamas conflict has ratcheted up concerns that the fighting may affect regional energy production. The Middle East accounts for more than one third of global seaborne trade. The International Energy Agency on Thursday described market conditions as "" fraught with uncertainty "" but said the Israel-Hamas war had not yet had a direct impact on physical supply. The IEA sought to assuage market concerns by saying it stands ready to act to ensure markets remain ""adequately supplied"" in the event of an abrupt supply shortage. The energy agency's response includes member countries releasing emergency stocks and/or implementing demand restraint measures. Israel is not a major oil producer and no major oil infrastructure runs close to the Gaza Strip. The U.S. on Thursday tightened sanctions against Russian crude exports, restricting two shipping companies that it said violated the G7's oil price cap, a mechanism designed to retain a reliable supply of Russian flows in the market while curbing the Kremlin's war chest. ""Enforcing our sanctions is central to our effort to limit Russia's profits on its oil trade. The price cap is designed to keep Russian oil flowing while imposing new costs on Russia, not to reduce oil supply,"" a Treasury spokesperson told CNBC via email. ""Indeed, oil prices fell in the hours following the announcement. Of course, oil prices are sensitive to many factors, including ongoing conflict in the Middle East,"" they added. The G7, Australia and the EU implemented a $60-per-barrel price cap on Russian oil on Dec. 5 last year. It came alongside a move by the EU and U.K. to impose a ban on the seaborne imports of Russian crude oil. Together, the measures were thought at that time to reflect by far the most significant step to curtail the fossil fuel export revenue that is funding Russia's war in Ukraine. On Thursday, the U.S. Department of the Treasury's Office of Foreign Assets Control (OFAC) said it was imposing sanctions on two owners of tankers carrying Russian oil priced above the price cap: one in Turkey and one in the United Arab Emirates. The YasaGolden Bosphorus tanker, which is owned by Turkey-based Ice Pearl Navigation Corp, was said to have carried crude oil priced above $80 a barrel after the price cap took effect. Meanwhile, OFAC said the SCF Primorye, which is owned by UAE-based Lumber Marine SA, carried Russian oil priced above $75 a barrel from a port in Russia after the price cap mechanism came in. The move to clamp down on Russian oil sales ""demonstrates our continued commitment to reduce Russia's resources for its war against Ukraine and to enforce the price cap,"" said Deputy Secretary of the Treasury Wally Adeyemo. ""We remain committed to implementing a price cap policy that has two goals: reducing the oil profits upon which Russia relies to wage its unjust war against Ukraine and keeping global energy markets stable and well-supplied despite turbulence caused by Russia's unprovoked invasion of Ukraine,"" Adeyemo added",757,True,2,False,Energy,2023-10-16,True,62.77388888888889,2023-10-17
https://www.cnbc.com/2023/10/13/uaw-strikes-what-to-make-of-the-latest-escalation-at-ford.html,2023-10-14 02:15:35 AM WIB,What to make of the UAW's shifting strike tactics after the latest escalation,"What to make of the UAW's shifting strike tactics after the latest escalation. DETROIT - A shift in strategy by the United Auto Workers union this week has some analysts wondering if the parties are - perhaps, counterintuitively - getting closer to a deal. On Wednesday the union initiated a surprise work stoppage at Ford Motor's Kentucky Truck Plant. The strike involves 8,700 workers and affects the most crucial plant, by far - responsible for $25 billion in revenue annually - that the union has walked out on since the strikes began Sept. 15 . It's expected to quickly have a ripple effect on other Ford plants and suppliers. It also ushered in what UAW President Shawn Fain characterized as a ""new phase"" of strikes and contract negotiations with Ford, General Motors and Chrysler-parent Stellantis , giving the union the element of surprise to keep the automakers on edge during the ongoing negotiations, Fain told members in a Friday presentation. ""We're entering a new phase of this fight and it demands a new approach,"" Fain said Friday. ""We're done waiting until Fridays to escalate our strike. ""We are prepared at any time to call on more locals to stand up and walk out,"" he said. Until this week, Fain had announced all of the union's new strikes on Fridays, during what has become a weekly livestreamed update for union members. Some Wall Street analysts and industry experts think this week's shift in strategy could be a sign that UAW leaders feel a deal with Ford is close, and that they're increasing pressure as a tactic to get the deal over the finish line - and to help sell a potential tentative deal to their members. ""We continue to believe the escalation at [Ford] this week is a sign the talks may be coming to an end. KY Truck is likely Ford's most profitable plant, and therefore the strike is the highest level of escalation, aside from a national strike,"" Wells Fargo analyst Colin Langan wrote in a Friday note. ""This escalation would likely be done to push for final terms."" But the UAW's leaders may be looking one more step ahead, to the process of selling a tentative deal with Ford to their members. The thinking is that to convince members to ratify a potential new contract, UAW President Shawn Fain and the union's leadership will need to convince autoworkers that the union has fought as hard as possible to have their demands met. Striking Ford's most profitable factory might be one way to do that. Wolfe Research's Rod Lache argued the Kentucky strike may allow UAW leadership to claim that they did all that could be done, especially if it leads to one or two more concessions from Ford. ""In another week or two, Fain should be able to credibly announce that he has forced Ford into one last capitulation (battery plants?), and that UAW members have secured the last few ounces of wage, benefits, and job protection concessions that they can get,"" Lache wrote Thursday to investors. Only about 34,000 U.S. automakers with the companies, or roughly 23% of UAW members covered by the expired contracts with the Detroit automakers, are currently on strike. ""Hitting a very high-dollar, high-profitable plant, it certainly gets Ford's attention very quickly,"" said Art Wheaton, a labor professor at the Worker Institute at Cornell University. ""It also sends a huge message to Stellantis and General Motors."" Wheaton argues the escalation in Kentucky may just be the beginning. There are plenty more plants the union could hit for each of the automakers, including the full-size pickup truck plants owned by all three and large SUV plants at GM and Stellantis. GM avoided a strike at its most profitable SUV plant in Texas last week with a last-minute offer to include battery cell plant workers under the company's national agreement, however details regarding how that will be done are believed to be still being negotiated. While Fain declined to expand strikes against GM and Stellantis Friday, Wells Fargo's Langan thinks that doesn't necessarily mean they're spared. ""The lack of GM & STLA strike today, even though both have not matched F's offer, would be consistent with the UAW holding out the most profitable plants for a final push,"" he wrote in a Friday note. All of that tea-leaf reading aside, rapid escalation-turned-resolution is just one potential outcome. Another includes the automakers holding out for the union to deplete its resources, specifically its strike and defense fund. Or, the UAW could continue rotating strikes or filing additional unfair labor practice charges against the companies. Yet another outcome could see the sides seeking mediation or legal resources. ""I think they've got to be getting close to some sort of an agreement, or you just have to conclude a reasonable deal is not in the making - and that this is really more a matter of a test of will than anything else,"" said Marick Masters, a business professor at Wayne State University in Detroit who specializes in labor issues. An automaker also could submit what's known as a ""last, best and final offer,"" which, as it states, is typically a final proposal when bargainers have reached an impasse. Ford may be close to that point. An executive said Thursday the automaker was ""at the limit"" of what it can offer UAW in terms of economic concessions. The Detroit automakers have largely given into many of the union's demands, but not all of them. The companies haven't waved the white flag on demands for a 32-hour workweek - which was always a nonstarter for the companies and which has largely fallen out of union talking points - and a 40% wage increase. Ford was up to a record 23% wage increase in its recent contract proposal, with the others not far behind. Then there's the outstanding issues of benefits for retirees as well as a return to traditional pension plans and future battery plant jobs and workers. Industry experts and sources familiar with the talks believe regardless of the outcome, the contracts will have ripple effects on the companies potentially in the way of reorganizations, cost cuts and future investments and jobs. A former high-ranking bargainer for one of the automakers told CNBC that it's nearly guaranteed that the companies will cut union jobs through product allocation, plant closures or other means to offset increased labor costs once the contracts are set. ""They're going to have to pay up. The question is how much,"" said the longtime bargainer, who agreed to speak on the condition of anonymity. ""This ends up with fewer jobs. That's how the automakers cut costs.""",1413,True,3,False,Autos,2023-10-16,True,53.74027777777778,2023-10-17
https://www.cnbc.com/2023/10/19/israel-recession-likely-as-war-drags-on-economist-says.html,2023-10-19 08:33:14 PM WIB,A top Israeli economist says a recession is almost certain as leaders warn of a long war,"A top Israeli economist says a recession is almost certain as leaders warn of a long war. Israeli ground troops are massed near the border with Gaza, following Hamas' brutal terrorist attacks that killed 1,400 people. But after more than a week of deadly air strikes in Gaza, an expected ground invasion hasn't begun, surprising many military analysts, while officials warn of a long fight with Hamas. The war has also left much of Israel's economy in limbo. More than 360,000 reservists, the backbone of Israel's Defense Forces, are now in uniform and away from their jobs. ""The economic impact of something like this is immediate,"" said Joseph Zeira, a prominent economist, former professor at Hebrew University and author of ""The Israeli Economy: A Story of Success and Costs."" A recession is almost guaranteed, Zeira predicts, as many parts of Israel are facing a drop in productivity. ""Tourism has stopped. People in Israel aren't going out right now to eat or shop"" said Zeira. The financial world is paying attention, too. On Tuesday, Fitch put Israel's long-term debt on rating watch negative , meaning it is prepared to lower the credit rating. ""The risk that other actors hostile to Israel, such as Iran and Hezbollah, could join the conflict at scale has risen significantly, as indicated by regular fire exchanges on the Israel-Lebanon border and declarations from high-ranking officials in Iran and from Hezbollah,"" Fitch wrote. Fitch fears the fighting could take a long time. Indeed, Prime Minister Benjamin Netanyahu on Thursday warned of a ""long war."" Israel has often won wars by striking fast and hard inside enemy territory, but due to the complexity of fighting in Gaza, the next phase is coming slower than expected. There is also a fear among army officers and the government that once they fully commit to a ground invasion in the south, where Gaza is located, Hezbollah will take advantage to launch an invasion from Lebanon in the north. Zeira, the economist, is also worried about a protracted fight. ""The military is going to want to move slowly to avoid casualties, but the longer this goes, the more damaging it is to the economy,"" he said. ""I don't know how the government will solve this problem."" Israel's Ministry of the Economy could not estimate which economic sectors have lost the most reservists, but most of those who joined the fight are under 40 years old. That younger population plays an outsized role in Israel's technology economy which accounts for about a third of Israel's exports and a fifth of its annual gross domestic product. The war is having a particularly big impact on Israel's dynamic tech sector. Varonis is a cybersecurity company, one of many in Israel that's found large parts of its workforce reporting for military duty. The company's main campus is in Herzliyah, north of Tel Aviv. When Israel went to war with Hamas earlier this month, Varonis told its 750 Israel-based employees to work from home. Read more: How Israeli's tech community is responding to the war ""We transformed our office into a temporary home with mattresses, pillows, food and clothes for 250 people who had just fled towns near Gaza,"" Chief Operating Officer Guy Melamed told CNBC in a telephone interview. The company brought in social workers to help panicked survivors while supplying activities for children. ""Nobody here had ever worked in the hotel industry, but we were able to use our high-tech experience to predict metrics and help with the process,"" Melamed said. Over the last few days the 250 evacuees have moved on to hotels with government help. Melamed said ""we were able to help with some light in a time of darkness."" But it's increasingly looking like the war won't be a mere short-term concern for Varonis and other Israeli companies. At a funeral Thursday for one of the civilians killed in the Hamas attack, former Minister of Defense Benny Gantz who is now one of three members of Israel's ""war cabinet"" warned the fighting is likely to take months to complete. To compare, Israel's 2006 war with Hezbollah in Lebanon took 34 days. Don't miss these CNBC PRO stories:",886,True,2,False,Politics,2023-10-20,True,11.446111111111112,2023-10-23
https://www.cnbc.com/2023/10/24/stock-markets-oil-deals-ahead-of-big-tech-earnings.html,2023-10-24 01:00:01 PM WIB,CNBC Daily Open: Oil deals ahead of Big Tech earnings,"CNBC Daily Open: Oil deals ahead of Big Tech earnings. Markets attempt comeback The Nasdaq Composite snapped a four-day losing streak on Monday as Treasury yields retreated from their highs. Investors awaited the release of corporate earnings from tech giants including Alphabet and Microsoft . Asia-Pacific markets were higher in midday trading as investors assessed private surveys of business activity from Japan and Australia . Another oil mega-merger Chevron on Monday said it agreed to buy Hess for $53 billion in stock. It's the second proposed mega merger among the biggest U.S. oil players after Exxon Mobil bid $60 billion for Pioneer Natural Resources earlier this month. The proposed deal also raises the competition between Chevron and Exxon to develop drilling in nascent producer Guyana. Nvidia's latest blow to Intel Nvidia is working on building personal computer chips which would use technology from Arm Holdings , Reuters reported on Monday. The plans mean the chipmaker would challenge Intel in its longtime stronghold of personal computers. Advanced Micro Devices also reportedly plans to make chips for PCs with Arm technology. Bitcoin breaches $34,000 to highest since May 2022 The price of bitcoin breached the $34,000 level to hit its highest since May last year, bolstered by positive sentiment about a bitcoin exchange-traded fund. The world's largest cryptocurrency was trading 4.97% higher at $34,596.40 on Tuesday, according to data from Coin Metrics . [PRO] Portfolio manager names the new growth stocks Markets may be facing an ""unusual amount"" of uncertainty, but there still are very good opportunities right, according to one portfolio manager, who tells CNBC Pro about three new growth areas he likes: obesity drugs, reshoring and artificial intelligence. Markets had an eventful start to the week, with just enough optimism ahead of Big Tech earnings reports to help the Nasdaq close higher for the first time in five sessions. Deal making was also at play on Monday as Chevron bet big on buying Hess to compete with larger rival Exxon Mobil. Stocks have been feeling the pressure from multiyear highs in Treasury yields and worries about how that stands to affect the American economy. Some analysts think the benchmark 10-year yield could still have further room to run. The rapid rise in yields ""should accelerate an already weakening economic picture that is masked by higher rates,"" said Canaccord Genuity chief market strategist Tony Dwyer. Microsoft, which is slated to report earnings after the close Tuesday, is seen by UBS as a potential hedge against a recession next year. Unlike more focused software companies, Microsoft ""has full geographic coverage across all industry verticals,"" UBS analyst Karl Keirstead said, and that makes Microsoft less susceptible to downturns in any one sector or region. Alphabet is also set to report quarterly results Tuesday afternoon. Wall Street analysts also made fresh calls on what is quickly becoming one of this year's hottest segments in pharmaceuticals - weight loss drugs . Most analysts predict the sales of weight loss drugs such as Wegovy and Mounjaro could easily exceed $100 billion. Citi most recently raised its sales estimates for such drugs to $71 billion by 2035, up from its prior estimate of $55 billion. Still, that's conservative compared to Guggenheim's expectations of $150 billion to $200 billion in sales. Europe's most valuable publicly listed company, Novo Nordisk makes Wegovy, which is also sold under the brand name Ozempic. U.S. drugmaker Eli Lilly makes Mounjaro. Investors were also closely watching the crypto industry as bitcoin touched its highest level in over a year on Tuesday, on hopes of a bitcoin exchange-traded fund. A bitcoin ETF would give investors a way to gain exposure to bitcoin's price movements without owning the volatile cryptocurrency directly",809,True,2,False,Daily Open,2023-10-25,True,18.99972222222222,2023-10-26
https://www.cnbc.com/2023/10/26/americans-with-family-in-gaza-fear-for-loved-ones.html,2023-10-26 07:46:13 PM WIB,Americans with family in Gaza fear for loved ones,"Americans with family in Gaza fear for loved ones. Adnan Sawada was at work in Maryland on Oct. 17 when he got a frantic phone call from thousands of miles away in Gaza. It was his 36-year-old nephew calling with devastating news. His father, Adnan's oldest brother, had just died at a Gaza hospital. ""His son was screaming,"" Adnan said in a phone interview. ""They got to him too late."" Shaaban Sawada, Adnan's brother, is one of the countless Gaza residents who were injured in airstrikes but were then unable to receive the care they needed at the enclave's overwhelmed hospitals. According to the Palestinian Health Ministry, more than 6,500 people have been killed in the Israeli bombing of Gaza, which began after Hamas' surprise terrorist attack on Israel on Oct. 7, which killed 1,400 people. On Tuesday, the World Health Organization said in a statement that Gaza's largest hospital, al-Shifa, was at 150% capacity. Others are shut down or partially out of service because of damage from airstrikes and lack of fuel to supply electric generators. The United Nations said fuel supplies in the Gaza Strip would run out by Thursday. At al-Shifa hospital Tuesday, the scene was pure chaos - hallways filled with children screaming out in pain and bloodied with severe injuries. Dr. Ghassan Abu-Sittah, a British plastic and reconstructive surgeon at al-Shifa, who traveled to Gaza at the start of the war to help, said 40% of the wounded he has been treating are children. Many of their injuries include burns covering huge parts of their bodies. ""Over the past 24 hours, we have received 600 dead and three times the number of wounded,"" he said. ""This is putting even more pressure on the system that's falling apart."" Al-Shifa was already running out of supplies two weeks ago when Abu-Sittah arrived. Now hospital workers lack simple dressings for all the burns they're treating. Because there's not enough anesthesia equipment or anesthesiologists for surgery, the medical staff has been forced to use ketamine as an anesthetic, Abu-Sittah said. Ketamine can be used for general anesthesia, but it's typically used only for shorter procedures, like fixing dislocations and fractures. More from NBC News: Adnan Sawada's brother Shaaban never got anesthesia when he went to one of the Gaza hospitals. He had been standing outside in southern Gaza when the building next door was hit, Adnan said. His leg was severely cut in the blast. ""The hospital didn't take him right away,"" Adnan said. ""My thinking is that they didn't take him right away because the hospital is filled with injured people, especially young people."" Adnan said his nephew told him that Shaaban bled to death while he was waiting for a doctor to see him. ""He could have been saved,"" Adnan said. ""I'm not angry about the doctors. I'm angry about the lack of help."" For Americans with family in Gaza, the humanitarian crisis continues to spark deep fears that their loved ones won't make it. ""Every conversation, we just don't know if it's going to be the last time you talk to them,"" said a Houston man of Palestinian descent, who still has many family members in Gaza. He requested that his name not be used out of fear that his family could become targets. He has already lost one cousin in the conflict, he said in an interview. Another cousin lost a hand in a blast and couldn't get care at the hospital. One of his aunts has Type 1 diabetes and is running out of insulin. Another cousin is pregnant in her third trimester. ""Not only is my pregnant cousin not able to see a doctor to get routine checkups;, we're worried she's going to have to have the baby in the current conditions,"" he said, adding that she's an American citizen. ""There's just too much. It's overwhelming."" - Ellison Barber contributed",876,True,2,False,World Politics,2023-10-27,True,12.229722222222222,2023-10-30
https://www.cnbc.com/2023/10/31/what-you-need-to-know-about-uk-ai-summit-attendees-agenda-and-more.html,2023-10-31 03:59:12 PM WIB,The UK is gearing up for a pivotal summit on AI. Here's what you need to know,"The UK is gearing up for a pivotal summit on AI. Here's what you need to know. The U.K. is set to hold its landmark artificial intelligence summit this week, as political leaders and regulators grow more and more concerned by the rapid advancement of the technology. The two-day summit, which takes place on Nov. 1 and Nov. 2, will host government officials and companies from around the world, including the U.S. and China, two superpowers in the race to develop cutting-edge AI technologies. It is Prime Minister Rishi Sunak's chance to make a statement to the world on the U.K.'s role in the global conversation surrounding AI, and how the technology should be regulated. Ever since the introduction of Microsoft -backed OpenAI's ChatGPT, the race toward the regulation of AI from global policymakers has intensified. Of particular concern is the potential for the technology to replace - or undermine - human intelligence. The AI summit will be held in Bletchley Park, the historic landmark around 55 miles north of London. It's the location where, in 1941, a group of codebreakers led by British scientist and mathematician Alan Turing cracked Nazi Germany's notorious Enigma machine. It's also no secret that the U.K. is holding the summit at Bletchley Park because of the site's historical significance - it sends a clear message that the U.K. wants to reinforce its position as a global leader in innovation. The main objective of the U.K. AI summit is to find some level of international coordination when it comes to agreeing some principles on the ethical and responsible development of AI models. The summit is squarely focused on so-called ""frontier AI"" models - in other words, the advanced large language models, or LLMs, like those developed by companies such as OpenAI, Anthropic, and Cohere. It will look to address two key categories of risk when it comes to AI: misuse and loss of control. Misuse risks involve a bad actor being aided by new AI capabilities. For example, a cybercriminal could use AI to develop a new type of malware that cannot be detected by security researchers, or be used to help state actors develop dangerous bioweapons. Loss of control risks refer to a situation in which the AI that humans create could be turned against them. This could ""emerge from advanced systems that we would seek to be aligned with our values and intentions,"" the government said. Major names in the technology and political world will be there. They include: Several leaders have opted not to attend the summit. They include: When asked whether Sunak feels snubbed by his international counterparts, his spokesperson told reporters Monday, ""No, not at all."" ""I think we remain confident that we have brought together the right group of world experts in the AI space, leading businesses and indeed world leaders and representatives who will be able to take on this vital issue,"" the spokesperson said. ""This is the first AI safety summit of its kind and I think it is a significant achievement that for the first time people from across the world and indeed from across a range of world leaders and indeed AI experts are coming together to look at these frontier risks."" The British government wants the AI Summit to serve as a platform to shape the technology's future. It will emphasize safety, ethics, and responsible development of AI, while also calling for collaboration at a global level. Sunak is hoping that the summit will provide a chance for Britain and its global counterparts to find some agreement on how best to develop AI safely and responsibly, and apply safeguards to the technology. In a speech last week , the prime minister warned that AI ""will bring a transformation as far reaching as the industrial revolution, the coming of electricity, or the birth of the internet"" - while adding there are risks attached. ""In the most unlikely but extreme cases, there is even the risk that humanity could lose control of AI completely through the kind of AI sometimes referred to as super intelligence,"" Sunak said. Sunak announced the U.K. will set up the world's first AI safety institute to evaluate and test new types of AI in order to understand the risks. He also said he would seek to set up a global expert panel nominated by countries and organizations attending the AI summit this week, which would publish a state of AI science report. A particular point of contention surrounding the summit is Sunak's decision to invite China - which has been at the center of a geopolitical tussle over technology with the U.S. - to the summit. Sunak's spokesperson has said it is important to invite China, as the country is a world leader in AI. International coordination on a technology as complex and multifaceted as AI may prove difficult - and it is made all the more so when two of the big attendees, the U.S. and China, are engaged in a tense clash over technology and trade. Washington recently curbed sales of Nvidia's advanced A800 and H800 artificial intelligence chips to China. Different governments have come up with their own respective proposals for regulating the technology to combat the risks it poses in terms of misinformation, privacy and bias. The EU is hoping to finalize its AI Act, which is set to be one of the world's first pieces of legislation targeted specifically at AI, by the end of the year, and adopt the regulation by early 2024 before the June European Parliament elections. Stateside, Biden on Monday issued an executive order on artificial intelligence , the first of its kind from the U.S. government, calling for safety assessments, equity and civil rights guidance, and research into AI's impact on the labor market. James Manyika, senior vice president of research, technology, and society at Google , said AI was a ""transformative technology"" with potential to help address some of society's most pressing challenges"" - but he added it was vital to ensure the benefits are ""broadly distributed."" ""Our hopes for the Summit are twofold. First, that it helps facilitate countries across the world developing a shared understanding of both the near and long-term opportunities and risks of frontier AI models. Second, that it prioritizes international coordination to ensure a consistent approach to AI governance,"" ,"" Manyika said in emailed comments shared with CNBC ahead of the summit. Emad Mostaque, CEO of open-source British AI company Stability, said the U.K. has a ""once in a generation opportunity to become an AI superpower"" and ensure that AI benefits all, not just the Big Tech firms. ""We believe this is best achieved through a shared vision of the positive transformation this technology will unleash as well as a clear understanding of the emerging risks, so that we can innovate with integrity and align our efforts and systems to ensure our safety and security,"" Mostaque said. Some tech industry officials think that the summit is too limited in its focus. They say that, by keeping the summit restricted to only frontier AI models, it is a missed opportunity to encourage contributions from members of the tech community beyond frontier AI. ""I do think that by focusing just on frontier models, we're basically missing a large piece of the jigsaw,"" Sachin Dev Duggal, CEO of London-based AI startup Builder.ai, told CNBC in an interview last week. ""By focusing only on companies that are currently building frontier models and are leading that development right now, we're also saying no one else can come and build the next generation of frontier models."" Some are frustrated by the summit's focus on ""existential threats"" surrounding artificial intelligence and think the government should address more pressing, immediate-term risks, such as the potential for deepfakes to manipulate 2024 elections. ""It's like the fire brigade conference where they talk about dealing with a meteor strike that obliterates the country,"" Stef van Grieken, CEO of generative AI firm Cradle, told CNBC. ""We should be concentrating on the real fires that are literally present threats."" However, Marc Warner, CEO of British AI startup Faculty.ai, said he believes that focusing on the long-term, potentially devastating risks of achieving artificial general intelligence to be ""very reasonable."" ""I think that building artificial general intelligence will be possible, and I think if it is possible, there is no scientific reason that we know of right now to say that it's guaranteed safe,"" Warner told CNBC. ""In some ways, it's sort of the dream scenario that governments tackle something before it's a problem rather than waiting until stuff gets really bad.""",1807,True,4,False,Technology,2023-11-01,True,16.013333333333332,2023-11-04
https://www.cnbc.com/2023/11/14/march-for-israel-rally-to-condemn-rising-antisemitism-at-dcs-national-mall.html,2023-11-14 06:47:08 PM WIB,'March for Israel' rally to condemn rising antisemitism at D.C.'s National Mall,"'March for Israel' rally to condemn rising antisemitism at D.C.'s National Mall. WASHINGTON - Tens of thousands of demonstrators are expected to gather Tuesday afternoon on the National Mall in a forceful show of support for Israel and to condemn antisemitism in the wake of increased bias incidents across the U.S. A ""March for Israel"" in Washington, D.C., comes as the war between Israel and Hamas enters its sixth week, with Israeli Prime Minister Benjamin Netanyahu rejecting calls for a cease-fire but suggesting Sunday there might be a possible deal to release hostages Hamas took from Israel last month. Palestinians also face a humanitarian crisis while they evacuate from Gaza amid heavy fighting as the death toll climbs, hospitals crumble and resources like fuel, food and power remain scarce. More from NBC News: Organizers of Tuesday's event said they not only are calling for the return of the hostages, about 220 people, but also want to underscore ""Israel's right to remain free from violence and the right of Jewish communities in North America and around the world to live free from hate."" ""There's no place for such an ancient form of hate,"" said Gil Preuss, the CEO of the Jewish Federation of Greater Washington, a chapter of the Jewish Federations of North America, an event organizer. He added that Hamas' surprise ambush on Israel, which left hundreds dead, should be an opportunity for peace-seeking Israelis and Palestinians to seek the eradication of the militant group. ""I firmly believe that Israelis and Palestinians need to be able to live in freedom and security, and it is the goal that both populations would like to have,"" Preuss said. ""The question is how do we get there?"" With such a large-scale rally set to draw busloads of supporters from throughout the Northeast, Washington Mayor Muriel Bowser said Monday that the National Guard will coordinate with local police. In addition, the event's security level was raised to the highest designation under a system communicated by the Department of Homeland Security, typically done based on crowd size, expected attendance of members of Congress and perceived threat level. Organizers expect congressional leaders, actors, activists and family members of the hostages to be among the speakers. The event, while it is billed as a ""march,"" is expected to stay within the National Mall rather than spill out into the streets, as organizers have said upward of 60,000 people may attend. A march through the streets of Paris against antisemitism attracted about 100,000 people Sunday, and it was supported by representatives of the major political parties. At least one pro-Palestinian group, the Washington chapter of the Palestinian Youth Movement, asked its supporters on Instagram ""not to engage"" with Tuesday's pro-Israel event. Since the fighting began on Oct. 7, pro-Palestinian organizations have held their own rallies in cities across the U.S. and globally. Demonstrations have also roiled college campuses as schools struggle to contain escalating rhetoric and threats of violence. They include an Arab Muslim student at Stanford University who was struck in a hit-and-run that authorities are investigating as a hate crime and the arrest last month of a Cornell University junior accused of making online threats to Jewish students. The Anti-Defamation League said Monday that in the month since the war between Israel and Hamas began, it has documented 832 antisemitic incidents of assault, vandalism and harassment across the U.S., a 316% increase from the same period last year. ""As we have seen repeatedly, when conflict arises in the Middle East, particularly when Israel exercises its right to self-defense, antisemitic incidents increase here in the U.S. and around the world,"" Jonathan Greenblatt, the league's CEO, said in a statement. The Council on American-Islamic Relations also said it has seen a sharp rise in bias incidents since Oct. 7. Since then, the group said, it has received 1,283 ""requests for help and reports of bias,"" a 216% increase from an average period last year. Corey Saylor, the council's research and advocacy director, said it was the largest wave of Islamophobic bias the group has documented since the Trump administration implemented an immigration ban. ""Both Islamophobia and anti-Arab racism are out of control in ways we have not seen in almost 10 years,"" Saylor said in a statement",912,True,2,False,Politics,2023-11-15,True,13.214444444444444,2023-11-16
https://www.cnbc.com/2023/11/27/climate-uae-reportedly-planned-to-use-cop28-to-lobby-for-oil-deals.html,2023-11-27 09:24:07 PM WIB,UAE reportedly planned to use COP28 climate summit to lobby for oil and gas deals,"UAE reportedly planned to use COP28 climate summit to lobby for oil and gas deals. The United Arab Emirates planned to use its role as the host of the biggest and most important annual climate conference as a platform to lobby foreign government officials for oil and gas deals, according to a cache of internal documents obtained by a not-for-profit investigative journalism organization. The leaked records show that Sultan al-Jaber, who controversially serves as both COP28 president-designate and chief executive of state oil giant ADNOC (the Abu Dhabi National Oil Co.), planned to discuss fossil fuel deals with 15 countries during the forthcoming climate conference. Al-Jaber was the founding CEO of Abu Dhabi state-owned renewable energy firm Masdar. The documents were published Monday by the Centre for Climate Reporting, which worked in collaboration with the BBC. CCR, which has received funding from the likes of Greenpeace and Rockefeller Philanthropy Advisors, said it was able to verify the accuracy of the leaked documents via an unnamed whistleblower. ""The documents referred to in the BBC article are inaccurate and were not used by COP28 in meetings. It is extremely disappointing to see the BBC use unverified documents in their reporting,"" a COP28 spokesperson said. A spokesperson for ADNOC was not immediately available for comment when contacted by CNBC. Masdar declined to comment. The documents purportedly show briefing notes prepared by the UAE's COP28 team for meetings with almost 30 foreign governments ahead of the summit, which starts Thursday and is scheduled to run through to Dec. 12. Among some of the proposed talking points for al-Jaber were the UAE's hope to get off the Brazilian ""tax haven"" list to help facilitate new investments from Masdar, its desire to consider a possible deal with China over liquified natural gas projects and its position that ADNOC ""stands ready to support the supply of petrochemicals to Egypt."" COP28 is the United Nations' upcoming round of global climate talks. The two-week-long summit will be held in Dubai, with scores of world leaders and government ministers from nearly 200 countries expected to attend - alongside an estimated 70,000 delegates. It is regarded as a pivotal opportunity to accelerate action to address the climate crisis at a time when global temperatures are hitting record highs and extreme weather events are affecting people worldwide. The United Nations Framework Convention on Climate Change did not immediately respond to a CNBC request for comment on the leaked documents. The Conference of the Parties (COP) is the supreme decision-making body of the UNFCCC. Human rights group Amnesty International repeated its call for al-Jaber to stand down from his role at ADNOC to ensure the success of the COP28 summit. ""Sultan Al Jaber claims his inside knowledge of the fossil fuel industry qualifies him to lead a crucial climate summit but it looks ever more like a fox is guarding the hen house,"" Amnesty International's climate advisor, Ann Harrison, said in reaction to the leaked documents. ""Our calls on Sultan Al Jaber to step down from his role at ADNOC if he wishes to lead a successful summit remain valid,"" Harrison said. ""Documents suggesting he was briefed to advance business interests in COP meetings only fuel our concerns that COP28 has been comprehensively captured by the fossil fuel lobby to serve its vested interests that put the whole of humanity at risk."" In a statement confirming his appointment as COP28 boss at the start of the year, al-Jaber said, ""The UAE is approaching COP28 with a strong sense of responsibility and the highest possible level of ambition."" ""Pragmatism and constructive dialogue must be at the forefront of our progress,"" he added. Al-Jaber's office said at the time that the minister had played a ""proactive participatory role"" at more than 10 COP summits and brings to his role two decades of business and leadership experience in government, climate policy, and across the renewable and energy sectors. ADNOC, which recently became the first among its peers to bring forward its net-zero ambition to 2045, said in January of this year that it would allocate $15 billion for investment in ""low-carbon solutions"" by 2030, including investments in clean power, carbon capture and storage, and electrification projects. Masdar, meanwhile, works in more than 40 countries worldwide and has invested in or committed to invest in renewable energy projects with a total value of over $30 billion",919,True,2,False,Climate,2023-11-28,True,10.598055555555556,2023-11-29
https://www.cnbc.com/2024/01/10/biden-and-speaker-johnson-talk-border-security-amid-shutdown.html,2024-01-11 02:02:54 AM WIB,Biden and Speaker Mike Johnson talk border security amid shutdown threats,"Biden and Speaker Mike Johnson talk border security amid shutdown threats. House Speaker Mike Johnson, R-La., spoke with President Joe Biden about border security Wednesday, according to Johnson spokesman Raj Shah. ""Speaker Johnson spoke with President Biden today,"" Shah said in a statement. ""The Speaker strongly encouraged the President to use his executive authority to secure the southern border and reiterated the contents of his letter to the President dated December 21, 2023."" In the letter, Johnson urged Biden to take several steps to secure the border , including ending the policy that allows Customs and Border Protection to release migrants in the U.S. without court dates; denying entry or detaining undocumented immigrants at ports of entry; restricting parole, which allows the administration to temporarily admit some migrants; and pursuing agreements with other countries like Canada to take those seeking U.S. asylum. A senior Biden administration official said the White House has not closed the door to an in-person meeting between Biden and Johnson, but no such meeting has been scheduled. The communication between the two leaders comes at a critical time, as some House Republicans are calling for a government shutdown if Biden and congressional Democrats don't agree to tougher border policies. Congress must pass some spending bills by Jan. 19 and others by Feb. 2 to avoid a government shut down. House and Senate leaders announced a deal on topline spending numbers on Sunday evening. More from NBC News Republicans have railed against Biden and his administration over their handling of the influx of migrants at the border. The House Homeland Security Committee held its first hearing Wednesday in the GOP's effort to impeach Homeland Security Secretary Alejandro Mayorkas. ""We take no pleasure in this,"" Johnson told reporters Wednesday. ""There hasn't been a Cabinet secretary impeached in over ... since the late 1800s. But we live in unprecedented times, we've never had a Cabinet secretary who openly flouted federal law, who refused to enforce the law and then comes before Congress, raises his hand, takes the oath and tells us things that he knows and everyone knows are obviously untrue, insisting that the border is secure, and that they've got operational control of that is just simply not true."" Earlier this month, Johnson led a group of House Republicans to the border in Texas recently to highlight record migrant crossings and denounce the Biden administration's enforcement of immigration laws. Meanwhile, negotiators in the Senate have been trying to reach an agreement on border policy. One of the key members of the talks, Sen. James Lankford, R-Okla., said Sunday on Fox News that a deal on immigration and border policy could be reached this week . He made clear that it has to pass a divided Congress. ""It's a matter of trying to be able to get this out,"" Lankford said. ""But to make law, we've got to have a Democrat Senate, a Democratic White House and a Republican House to be able to go through this. So this agreement has to work. Everyone's counting on this actually working.""",648,True,2,False,Politics,2024-01-11,False,5.951666666666667,2024-01-15
https://www.cnbc.com/2024/01/11/ukraine-war-live-updates-latest-news-on-russia-and-the-war-in-ukraine.html,2024-01-11 03:46:59 PM WIB,Swedish defense officials criticized after warning public to prepare for war; Kyiv rejects idea of cease-fire,Swedish defense officials criticized after warning public to prepare for war; Kyiv rejects idea of cease-fire. Top Swedish defense officials have been accused of alarmism after they warned the public that it should be prepared for war,44,False,1,True,Politics,2024-01-15,True,88.21694444444445,2024-01-16
https://www.cnbc.com/2024/01/17/red-sea-attacks-air-freight-rates-to-rise-as-shippers-enter-survival-mode.html,2024-01-17 07:33:31 AM WIB,Air freight rates could spike as Red Sea attacks disrupt shipments via sea,"Air freight rates could spike as Red Sea attacks disrupt shipments via sea. The Houthi attacks in the Red Sea are not only driving up sea freight - air freights are going to get higher too, as global trade flows get increasingly disrupted. In the past weeks, ocean freight rates have risen as much as $10,000 per 40-foot container , as container ships seeking to avoid the attacks embarked on long detours around the Cape of Good Hope in South Africa, diverting more than $200 billion of cargo away from the critical trade artery. The delays to maritime trade may prompt some retailers to switch to air freight, as companies that normally ship their goods by sea want to ensure faster delivery , analysts said. This means that air cargo is about to play an expanded role in the supply chain ecosystem. Air freight can slash delivery times to just a few days compared to weeks taken by ocean carriers. ""Some shippers are already in survival mode with one goal on their mind: 'Make sure my freight moves by whatever means possible,'"" Matthew Burgess, vice president of global ocean services at C.H. Robinson said. In anticipation of an influx of ocean to air conversions, the transportation logistics firm is already blocking additional air capacity on core trade lanes to keep freight moving, Burgess said. German logistics giant DHL told CNBC via email that the company has received several inquiries but not as many conversions yet. ""We expect that to change should the situation in the Red Sea continue,"" said Andreas Von Pohl, air freight head for DHL Global Forwarding Americas. If that happens, it will inevitably push rates even higher. ""We will see a surge in the air freight rate,"" said HSBC's Global Head of Shipping and Ports Research, Parash Jain. He said industry watchers are expecting to see the hikes in the next two to three weeks, especially as the Chinese New Year holiday in February approaches. Traditionally, there's an increase in exports out of Asia during the annual holiday period as companies try to transport more goods before businesses go offline for two weeks. ""The predictability of air cargo means the industry stands to benefit from escalating international disruption,"" ocean and air freight analytics platform Xeneta wrote in a recent report . The analytics firm noted that overarching air cargo spot rate recorded a 18% year-on-year decline in December. Global average air cargo spot rate peaked at about $2.6 per kg in December, according to Xeneta data",510,False,1,False,State of Freight,2024-01-17,False,0.4413888888888889,2024-01-18
https://www.cnbc.com/2024/01/22/ukraine-war-live-updates-latest-news-on-russia-and-the-war-in-ukraine.html,2024-01-22 02:42:17 PM WIB,"Russia strikes back at Ukraine for 'monstrous act of terrorism' after market, oil terminals attacked","Russia strikes back at Ukraine for 'monstrous act of terrorism' after market, oil terminals attacked. Russia and Ukraine traded retaliatory strikes at the weekend after another Russian oil terminal was attacked Sunday, as were Donetsk and nine Ukrainian regions",49,False,1,True,Politics,2024-01-23,True,17.295277777777777,2024-01-24
https://www.cnbc.com/2024/01/25/trump-lawyer-rudy-giuliani-raises-less-than-1-million-in-legal-defense-fund.html,2024-01-26 04:43:30 AM WIB,Former Trump lawyer Rudy Giuliani raises less than $1 million from 13 donors in legal defense fund,"Former Trump lawyer Rudy Giuliani raises less than $1 million from 13 donors in legal defense fund. Rudy Giuliani was able to raise less than $1 million from just 13 donors, among them his friends and a group of former President Donald Trump 's allies, to help pay off his legal fees as he faces a $146 million defamation judgment and a criminal prosecution, a new Federal Election Commission filing reviewed by CNBC shows. Giuliani's political action committee raised just over $727,000 from August through December, according to the FEC filing Thursday. His son Andrew Giuliani, who is helping run the PAC, did not return a request for comment on the haul. The single biggest donation came from a Corona del Mar, California, woman named Caryn Borland, who donated $300,000, more than 40% of the total donations to Giuliani, the filing shows. Borland, who also is known as Caryn Hildenbrand, did not immediately respond to a request for comment. Last year, the Caryn L Hildenbrand Living Trust donated $1 million to a legal defense fund for Trump, which also was the single largest donation to that fund, which had raised $1.6 million, according to a disclosure filed to the Internal Revenue Service. Hildenbrand and her husband Michael, who donated more than $1 million in campaign-related contributions to Trump' 2020 reelection bid, have shared memes and social media posts about the QAnon conspiracy theory according to T he New York Times . The newspaper last month also reported that Trump's vice president, Mike Pence, had once canceled a fundraiser with the couple because of their QAnon posts. Though the Giuliani PAC misspells Caryn Borland's first name on their filing as ""Garyn,"" the address matches that of the mailing address listed on the IRS filing for the donation made to Trump's defense fund. His PAC has spent over $500,000 on his legal fees so far and had $180,000 on hand entering 2024. The attorney is facing a litany of legal and financial struggles as a result of his work for Trump trying to reverse Trump's loss in the 2020 election to President Joe Biden . In August, Giuliani, Trump and more than a dozen other defendants were criminally charged in Georgia state court with racketeering related to efforts to reverse Trump's 2020 election loss in the state. He also is being sued for defamation by the voting machine manufacturers Dominion Voting Systems and Smartmatic. In December, a federal court jury in Washington, D.C., found Giuliani liable for $146 million in damages for defaming two Georgia election workers whom he falsely accused of ballot fraud in 2020. A week later, Giuliani filed for Chapter 11 bankruptcy protection, citing that judgment, and money he owes various law firms and attorneys. A court filing shows that Giuliani owes more than $1.3 million to the law firm Davidoff Hutcher & Citron. The lawyer Robert Costello sued Giuliani in September for $1.36 million in unpaid legal fees dating to 2019. Giuliani had planned to raise some of his legal defense money at two of Trump's properties, Andrew Giuliani previously said. Donors were asked to each give $100,000 to the PAC to get access to a September event at Trump's golf course in Bedminster, which featured a discussion between him and Giuliani. But just three people are listed on the filing as giving $100,000 or more to the PAC. One of them was Elizabeth Ailes, the widow of former Fox News CEO Roger Ailes, according to the filing . ""Yes, I gave Rudy $100,000 for his legal defense PAC and I was happy to do so,"" Elizabeth Ailes told CNBC. ""I am upset by the way Rudy has been persecuted and I believe it's important to push back against a politicized judicial system,"" Ailes said. She called Giuliani a ""friend"" and noted that as mayor he had officiated at her wedding to Roger Ailes. Roger Ailes resigned from Fox News in 2016 after being accused by current and former Fox News employees of sexual harassment. Settlements based on those accusations reportedly cost Fox's parent company millions of dollars. Before he was ousted from Fox, Roger Ailes' conservative news network tried to bolster Trump's candidacy in 2016. ""They were friends for a very long time, way before Fox News,"" Elizabeth Ailes told Newsmax last May. The only other person closest to Roger [besides Elizabeth] is Donald Trump."" Other Trump backers gave less to Giuliani. Businessman and longtime Trump supporter, Lewis Topper , gave $25,000 to the PAC, according to the filing. And the real estate investment firm Probity International, which is run by Trump donor Robert Zarnegin , gave $35,000 to the Giuliani PAC. Arnold Gumowitz, a veteran real estate executive, gave $50,000 to the PAC. He also donated to Andrew Giuliani's failed gubernatorial run. Matthew Martorano, who donated $5,000 to the Trump Save America Joint Fundraising Committee last year, gave $100,000 to the Giuliani committee. Martorano could not be reached for comment",1107,True,3,False,Politics,2024-01-26,False,3.275,2024-01-29
https://www.cnbc.com/2024/01/29/zelenskyys-income-fell-drastically-following-russias-invasion-new-declaration-reveals.html,2024-01-29 05:50:48 PM WIB,"Zelenskyy's income fell drastically following Russia's invasion, new declaration reveals","Zelenskyy's income fell drastically following Russia's invasion, new declaration reveals. Ukrainian President Volodymyr Zelenskyy published his income for the first time as he looks to promote transparency and tackle corruption as part of the country's push for European Union membership. Ukraine formally started the screening process to begin EU membership last week and faces stringent conditions on addressing its historic corruption problem. The Zelenskyy family income fell almost threefold between 2021 and 2022, according to the declaration Sunday on the presidential website. Zelenskyy and his family members received 10.8 million Ukrainian hryvnias ($286,168) in 2021, the year before Russia invaded Ukraine , which was down almost 12 million hryvnias from the previous year. The 2021 figure included around $142,000 in income from the sale of government bonds. ""Volodymyr Zelenskyy continues to own a number of trademarks. In particular, in 2021, the process of registering 22 trademarks, which began long before his election as President of Ukraine, was completed,"" the president's first-ever public declaration of income said. In 2022, the Zelenskyy family income fell to 3.7 million hryvnias due to the ""temporary termination of lease agreements on the territory of Ukraine as a result of the beginning of Russia's full-scale aggression."" The family's cash balance at the end of 2022 dropped by almost 1.8 million hryvnias, the declaration said, while its asset, real estate and vehicle ownership was unchanged over the two years. Zelenskyy has urged all public officials to disclose their incomes as part of a wider effort to promote transparency, and Ukraine's National Agency on Corruption Prevention last month reopened a register on declared income to public scrutiny. The U.S. and other allies supplying financial aid and weaponry, along with institutions such as the International Monetary Fund, have also sought assurances about Kyiv's efforts to eradicate graft in public office. The Security Service of Ukraine (SBU) revealed on Saturday that it had uncovered a $40 million arms procurement corruption scheme after a two-year investigation. Five employees from Ukrainian arms firm Lviv Arsenal allegedly conspired with Ministry of Defense officials to embezzle funds earmarked for the purchase of 100,000 mortar shells. The SBU said five people had been charged and could face up to 12 years in prison if found guilty",507,False,1,False,Politics,2024-01-30,True,14.153333333333334,2024-01-31
https://www.cnbc.com/2024/01/31/cramer-names-railroad-stocks-to-watch-.html,2024-02-01 06:46:12 AM WIB,Cramer names railroad stocks to watch as Red Sea troubles shake up freight routes,"Cramer names railroad stocks to watch as Red Sea troubles shake up freight routes. CNBC's Jim Cramer on Wednesday suggested railroad stocks may be starting to climb. As Yemen-backed Houthis continue to attack ships traversing a key freight route in the Red Sea, many major shipping companies are paying extra to reroute their vessels. These expensive diversions have the potential to boost the freight industry, which has been mired in recession over the past few years. He noted that these overseas freight disruptions - some of which mean goods are sent to the U.S. via the West Coast rather than the East Coast - may give western railroad companies an edge. ""We know that these shipping disruptions in the Red Sea have forced many companies to take their goods to the West Coast, rather than going through the Suez Canal then the Mediterranean then the Atlantic to get to the East Coast,"" Cramer said. ""Boy is that terrific for the West Coast operators, and there you're thinking about Union Pacific and Canadian Pacific Kansas City."" Cramer reviewed earnings reports from Union Pacific , Canadian Pacific Kansas City , CSX and Norfolk Southern , saying all except the latter have potential. CSX's quarter was better than expected, but still showed decreased earnings. However, Cramer was encouraged by the company's volume growth - which he said is especially important for railroad outfits - and management's fairly positive full-year outlook. Union Pacific's revenue came in higher than expected, and its volume growth is also promising, Cramer said. Canadian Pacific Kansas City saw the largest volume growth of the bunch. Norfolk Southern's quarter came in worse than expected, and Cramer said the stock has been a ""serious laggard"" over the past year since one of its trains derailed in Ohio. ""With the freight recession ending and the disruptions in ocean shipping, we've got a situation that's clearly better for the railroads than others - you've got to focus on this group,"" Cramer said. If investors feel confident about the economy, they have Cramer's ""blessing to stick with Union Pacific, Canadian Pacific, or CSX - in that order, by the way - and forget about Norfolk Southern for the moment.""",454,False,1,False,Mad Money,2024-02-01,False,1.23,2024-02-02
https://www.cnbc.com/2024/02/15/russias-putin-says-he-prefers-more-predictable-biden-over-trump-in-us-election.html,2024-02-15 07:25:56 PM WIB,Russia's Putin says he prefers 'more predictable' Biden over Trump in U.S. election,"Russia's Putin says he prefers 'more predictable' Biden over Trump in U.S. election. Russian President Vladimir Putin said he preferred Joe Biden as the next U.S. president over Republican front-runner Donald Trump , who fell under intense scrutiny for his relationship with the Kremlin during his presidency. ""[Biden] is more experienced and more predictable. He is an 'old school' politician. But we will work with any US leader, elected by the people of America,"" Putin told journalist Pavel Zarubin late Wednesday, according to Russian state-controlled news outlet Tass . The Trump and Biden presidential campaigns did not immediately respond to CNBC's requests for comment. Putin's remarks followed a week of international controversy over Trump's recent NATO comments and mounting tensions between U.S. Democrats and Republicans over a $95 billion aid package that includes military aid to Ukraine. The Kremlin head of state will stand in his own election on 15-17 March, but is widely expected to clinch another presidential mandate after leading Russia as prime minister or head of state since 1999. In the same interview, Putin also appeared to dismiss recently mediatized concerns over Biden's mental acuity after Department of Justice special counsel Robert Hur said the White House leader ""willfully retained and disclosed classified materials"" and exhibited poor memory during a relevant interview. Biden has disputed the claims. Referencing their meeting in Geneva in 2021, Putin said he had noticed no signs of incapacity from Biden. ""Yes, he was peeking at his notes from time to time, but, frankly speaking, I was peeking at mine as well,"" Putin said, adding that there were ""reports of [Biden] banging his head on the helicopter while leaving it, but who didn't?"" Despite these apparently favorable comments, Putin stressed ongoing disagreement with Biden's politics, saying ""the incumbent administration's approach is most harmful and erroneous."" Biden assumed office roughly one year before Moscow's ongoing full-scale invasion of Ukraine in February 2022. His administration has staunchly backed Kyiv with military and financial aid, and Biden has led the White House through a period of deteriorating relations with the Kremlin. Putin has in turn introduced a wide berth between Moscow and Western countries - which have overwhelmingly sanctioned Russia and its officials - and sought fresh ties with various emerging markets, especially China and Iran. Putin's apparent stance of distancing himself from Trump is notable given historical questions over the strength of the pair's relationship. Trump was probed during a nearly two-year special counsel investigation of Russian interference in the election that he won. The former president repeatedly denied claims that he had fallen under the Kremlin's influence. During a campaign rally in South Carolina late last week, Trump signaled that he would ""encourage"" Russia ""to do whatever the hell they want"" to a country member of the NATO military coalition that did not meet its defense spending commitments - triggering widespread international outrage and criticism from NATO chief Jens Stoltenberg that his comments are undermining the security of all NATO allies. Biden characterized Trump's comments as ""dumb,"" ""shameful,"" ""dangerous"" and ""un-American,"" suggesting a close connection between the former U.S. president and the Russian head of state, and introducing distance between himself and Putin. ""Can you imagine? A former president of the U.S. saying that? The whole world heard it. The worst thing is he means it. No other president in our history has ever bowed down to a Russian dictator. And let me say this as clearly as I can: I never will,"" Biden said. The broader Republican Party's support of Ukraine faces an imminent test after a $95 billion bill passed by 70-29 in the Democrat-led U.S. Senate earlier this week . The aid package - which includes assistance for Ukraine, Israel and Taiwan - must win support from the Republican-helmed House of Representatives before becoming law",829,True,2,False,Politics,2024-02-16,True,12.567777777777778,2024-02-19
https://www.cnbc.com/2024/02/17/germanys-scholz-commits-to-spending-2percent-on-defense-over-next-10-years.html,2024-02-17 03:31:10 PM WIB,"Germany's Scholz commits to spending 2% on defense 'in the 2020s, in the 2030s and beyond'","Germany's Scholz commits to spending 2% on defense 'in the 2020s, in the 2030s and beyond'. MUNICH, Germany - German Chancellor Olaf Scholz on Saturday reaffirmed Berlin's commitment to spend 2% of the national gross domestic product (GDP) on defense, this year and over the longer term. ""Germany will invest 2% of its GDP on defense in the 2020s, in the 2030s and beyond,"" Scholz told the Munich Security Conference. Germany has this commitment in 2024 through regular and special budget outlays for the first time since the early 1990s, a defense ministry spokesperson said on Wednesday, according to Reuters. ""We Europeans must take much more care of our own security, now and in the future,"" Scholz said. It comes as NATO members across Europe have committed to upping their defense spending. Eighteen of the US-led military alliance's 31 members will meet the 2% spending target this year, NATO Secretary-General Jens Stoltenberg said on Wednesday. ""We are making real progress,"" Stoltenberg said. ""European allies are spending more."" The announcement came just days after former U.S. President Donald Trump said over the weekend that he would encourage Russia to do ""whatever the hell they want"" to NATO members that fail to meet their 2% spending target. Dutch Prime Minister Mark Rutte on Saturday said that the U.S. had a right to ask European countries to do more to meet their defense spending targets, but he insisted that this should not be at the behest of the potential U.S. presidential candidate. ""Stop moaning and whining and nagging about Trump,"" he said. ""We do not spend more on defense or ramp up ammunition production because Trump might come back. We have to do this because we want to do this, because this is in our interests,"" he continued. Rutte added that it was ""up to the Americans"" whether or not they returned the former president to power at the elections in November, and that Europe would ""have to work with whoever's on the dance floor."" European defense spending currently stands at an average of 1.6% of GDP, according to the International Institute for Strategic Studies. The defense budget of Germany, France and Italy - NATO's highest spending militaries after the U.S. and the U.K. - remained below the alliance's 2% target in 2023, though they have each set out plans to meet the goal in coming years. Germany announced a new 100 billion euro ($107 billion) debt-financed fund for the Bundeswehr - the German armed forces - to beef up its national security in 2022, days after Russia's full-scale invasion of Ukraine. Scholz at the time dubbed the move a ""Zeitenwende"" - or watershed moment - in Germany's modern history, which would allow the country to meet its long-held 2% defense spending goals. The country is expected to spend roughly 72 billion euros on defense this year, but concerns remain over what will happen after these funds run out in 2027. Expert estimates suggest the government would need to find 25-30 billion euros per year to meet that goal, according to the Financial Times, likely leading to cuts in welfare spending. Germany is one of the few countries with a borrowing cap inscribed in its constitution",697,True,2,False,Politics,2024-02-19,True,40.480555555555554,2024-02-20
https://www.cnbc.com/2024/03/15/open-arms-first-ship-carrying-aid-approaches-gaza-strip-as-israel-accused.html,2024-03-15 05:35:26 PM WIB,First ship carrying aid approaches Gaza Strip as Israel accused of stalling supplies,"First ship carrying aid approaches Gaza Strip as Israel accused of stalling supplies. An aid ship was approaching the Gaza Strip's coastline on Friday with much-needed deliveries for the Palestinian people, as relief organizations warn that thousands in the besieged enclave are on the brink of famine. The ship - called Open Arms and run by a Spanish charity of the same name - carries around 200 metric tons of supplies including flour, rice and water, from Larnaca port in Cyprus. Video footage from the AFP news agency showed the ship visible off the shore of the Gaza Strip on Friday morning London time. The circuitous route comes as numerous trucks of food and aid await permission to enter the Gaza Strip via either the Kerem Shalom crossing, which borders Israel and Gaza, or the Rafah crossing, which borders Egypt and Gaza. Israel last year agreed to work with Cyprus in setting up an aid corridor across the sea between the European Union member and the Gaza Strip. Earlier this month, the Israeli Foreign Ministry said it welcomed the finalization of the initiative, which it said ""will allow the increase of humanitarian aid to the Gaza Strip, after security checks are carried out in accordance with Israeli standards."" Juliette Touma, director of communications at the United Nations Relief and Works Agency for Palestine Refugees (UNRWA), said the lack of humanitarian access had made the situation in northern Gaza significantly worse. ""This is where starvation has been identified. We could have prevented that situation, it's a man-made situation,"" she told CNBC. ""The fact that parts of northern Gaza [are] on the verge of famine, could have been prevented, if more humanitarian supplies including and especially food, were allowed to travel to the North on a regular basis."" The Palestinian Health Ministry in Gaza said that, as of March 12, 27 people had died of malnutrition and dehydration in hospitals in the north of the enclave, of which 23 were children. There has been a 50% drop in aid trucks to the Gaza Strip in February compared to the previous month, according to Nebal Farsakh, spokesperson for the Palestine Red Crescent Society. ""If there was one item the Israeli authorities think should not enter, they will stop the whole truck and send it back without telling us the item that was denied access,"" Farsakh told CNBC from the West Bank. Israeli authorities inspect all aid convoys that enter Rafah crossing and the process is lengthy, Farsakh said. ""Thousands of trucks are still waiting at Rafah crossing, but they need to be approved by the Israeli authorities."" A spokesperson for the Israel Defense Forces said it continues to expand its efforts to enable the entry of humanitarian aid into the Gaza Strip. ""The IDF takes great effort to facilitate the entrance of humanitarian aid and acts to enable the entrance of such in a safe and coordinated manner,"" the spokesperson told CNBC. ""A ship carrying humanitarian aid from the WCK (World Central Kitchen) organization and funded by the United Arab Emirates set sail on Tuesday from the port of Larnaca in Cyprus toward the Gaza Strip. This was carried out in coordination with Israeli security and civilian authorities, in accordance with the directive of the government of Israel and at the request of the U.S. government,"" the spokesperson added. O n social media site X , the IDF has also accused Hamas of diverting aid, which the Palestinian militant group denies. Several humanitarian and non-governmental organizations have accused Israel of deliberately targeting aid convoys and workers at the Rafah crossing. ""On three different occasions, our convoys have been hit either on the way in or out of the North. And in the three different incidents, it was the Israeli army that was responsible. So getting to the North is extremely difficult,"" the UNRWA's Touma said. Philippe Lazzarini, commissioner-general of UNRWA, said this week on X that a truck loaded with aid ""has just been turned back because it had scissors used in children's medical kits."" The Israeli army says that scissors are ""dual-use"" and are deployed by Hamas as weapons. Earlier this month, Refugees International released a report that alleges that Israel is obstructing the entry of life-saving supplies into the Gaza Strip. Jesse Marks from the U.S.-based humanitarian organization told CNBC that, while their report is detailed, ""it reinforces what most humanitarian and UN actors know on the ground, that Israeli conduct is consistently impeding aid organizations in Gaza and has blocked legitimate aid efforts from moving forward."" Israel's siege of the Gaza Strip followed a terror attack by Hamas on Oct. 7 in southern Israel that killed approximately 1,200 people and saw more than 240 taken hostage. The subsequent bombardment of the enclave by Israel, and lack of aid to the area, have resulted in growing calls of a worsening humanitarian crisis. It has led countries and organizations from around the world to step up efforts to get food into the Gaza Strip via both air and sea. The United States and Jordan have conducted humanitarian airdrops, although these have been criticized by aid groups which called them ""inefficient"" because of Israel's land blockade. Morocco also sent 40 metric tons of humanitarian supplies via Israel's Ben Gurion airport in the latest effort to find new aid routes into the Strip. Meanwhile, on Tuesday, the UN World Food Programme used a new land route to deliver six trucks of food directly into northern Gaza for the first time since Feb. 20. The Open Arms charity, which is collaborating with chef José Andrés' World Central Kitchen organization, said it was working to establish a ""vital entry route"" into the Gaza Strip for food and necessities. ""Although this mission is highly complex, it is undeniably necessary. Our vessel, the Open Arms, is equipped with tons of food and water, and our dedicated crew is ready to assist the most vulnerable,"" the charity said in a release. The UNRWA's Touma said while these international efforts were welcome, ""there are efficient, easier, cheaper, safer, and reliable ways to get aid to the people of Gaza. And that is via the road through increasing the number of trucks that the Israeli authorities allowed to travel into Gaza by road."" While delivering aid overland remains a challenge, the United States has announced that a temporary pier will be built off the coast of Gaza. U.S. Secretary of State Antony Blinken said that, when construction is completed, the pier ""will enable the distribution of up to 2 million meals every day, as well as medicine, water."" However, he stressed that this is not a substitute for land delivery and that, ""Israel needs to open as many access points as possible and keep them open.""",1383,True,3,False,Politics,2024-03-18,True,62.409444444444446,2024-03-19
https://www.cnbc.com/2024/03/30/hundreds-of-trucks-full-of-aid-sit-idle-near-border-with-gaza-as-crisis-deepens.html,2024-03-30 04:45:35 PM WIB,Hundreds of trucks full of aid sit idle near border with Gaza as crisis deepens,"Hundreds of trucks full of aid sit idle near border with Gaza as crisis deepens. Hundreds of trucks loaded with food and medical aid sat idle on the roads heading into Gaza recently as a senior humanitarian official accused the Israeli government of blocking lifesaving supplies from reaching the devastated enclave. ""They limit the number of trucks that can pass,"" Mohamed Nossair, head of operations at the Egyptian Red Crescent, said of Israeli officials and soldiers charged with inspecting aid destined for Gaza. ""The problem is also they reject these items ... that are very essential."" Oxygen canisters, water filters, metal forks, over-the-counter painkillers and generators were among the items that Nossair said had prevented trucks from entering Gaza, where a vast majority of the people are displaced and more than 32,000 have been killed, according to local health officials. ""If I have a truck with rejected items, they reject all the truck,"" Nossair said during an interview with NBC News. On Thursday, the United Nations' highest court reinforced Nossair's statements, ordering Israel to open more land crossings to allow food, water, fuel and other supplies into Gaza. Israeli officials have been imposing an opaque and cumbersome process and worsening the dire humanitarian crisis in the strip, Nossair and other aid officials charge. These accusations, which come amid warnings of an ""imminent"" famine inside Gaza, have brought increased criticism of Israel's government and triggered a blame game with aid agencies. Israeli officials have repeatedly denied obstructing aid from entering Gaza, and instead blame the U.N. for acute shortages of lifesaving supplies in the strip - particularly the north. Members of an NBC News team in Rafah saw hundreds of vehicles on the road, as well as some in a parking area and more at a tunnel crossing in Ismailia, roughly four hours and 125 miles from the border crossing. Satellite images from the last week also show trucks on the road and parked near the crossing. According to Nossair, at the time, roughly 100 to 120 trucks enter Gaza per day - about half the number able to be processed by Israel, and a fraction of prewar levels. (Aid agencies and the U.N. say Gaza needs between 500 and 600 trucks a day carrying both humanitarian aid and commercial goods.) Unclear restrictions imposed by Israel have resulted in an average of 20 to 25 trucks turned away every day, about a fifth of the number that end up crossing into Gaza, he said. More from NBC News: Supplies taken in wooden crates are rejected outright regardless of what is inside, Nossair said. If pallets of aid don't fit the exact dimensions approved by the Israeli government, he says, those trucks are also rejected. The Israeli government agency responsible for allowing aid into Gaza, Coordination of Government Activities in the Territories, or COGAT, told NBC News that 99% of the aid trucks are approved after being screened. COGAT has said it places ""no limit"" on the amount of aid entering Gaza but subjects some items to higher security scrutiny. ""The State of Israel will continue facilitating humanitarian solutions for the Gaza Strip, however, it has no intention to compromise in any way when it comes to its citizens' security,"" the department said in a statement to NBC News. A recent NBC News request for permission to travel to the Kerem Shalom border crossing to report on this story has been refused by Israeli officials. Both Kerem Shalom and Rafah in Egypt are restricted areas that require permission to access. Israeli officials have also blamed the U.N.'s Palestinian refugee agency (UNRWA) for a failure to distribute aid. According to COGAT, UNRWA has not requested convoys north for six weeks. A representative for UNRWA did not respond to a request for comment on the allegation. UNRWA, meanwhile, also accuses Israel of obstructing aid efforts by rejecting convoys and turning away trucks for carrying items such as scissors included in medical kits. Israeli accusations that at least a dozen UNRWA staffers took part in the Oct 7. Hamas terror attack prompted key donors to pull funding from the group and triggered a raging debate about the limited evidence Israel has produced. Sometimes the issue is not the item itself, but what it is stored in, Nossair said. For example, he said, Israeli officials have turned back insulin because it is kept in freezers. COGAT has a list of what it considers ""dual-use"" items that are subject to stricter scrutiny, which mostly include chemical products, cement, metal and construction items. The list does not include coolers, painkillers, anesthetics or medical equipment, yet Nossair said everything from anesthesia to paracetamol is rejected. Dual-use items are not under a blanket prohibition, COGAT said. ""They are subjected to security screening, since the Hamas terrorist organization cynically uses these means for the advancement of its terrorist objectives,"" COGAT said in a statement when asked why certain items, and thus whole truckloads of aid, were sometimes denied entry and sometimes not. Distribution of aid within Gaza is also a struggle, particularly in the northern area of the strip, where aid has been inconsistent. The World Food Programme has described convoy journeys to the north as dangerous due to desperate crowds and checkpoint delays that often leave teams open to violence. And even when convoys do make it to the area, they can be denied access by the Israeli military. UNRWA Commissioner-General Philippe Lazzarini said Sunday that Israel will no longer approve the agency's convoys to travel to the northern area of Gaza. ""This is outrageous & makes it intentional to obstruct lifesaving assistance during a man made famine,"" Lazzarini said in a post on X. ""These restrictions must be lifted."" COGAT responded to Lazzarini on social media, saying Israel facilitated more than 350 trucks of aid to northern Gaza in the last month. It also invoked Israel's allegations that UNRWA workers had ties to terrorism . The Integrated Food Security Phase Classification initiative, or IPC, released a report earlier this month warning that ""famine is imminent,"" particularly in northern Gaza, where the first deaths due to malnutrition were reported last month. COGAT wrote in a thread on X that the information used by the IPC was outdated and that aid has significantly improved in recent weeks. Nevertheless, the World Health Organization warned earlier this month that children were dying from the combined effects of malnutrition and disease and that Gazans will face long-term health ramifications. ""This compromises the health and well-being of an entire future generation,"" the WHO said in a statement following the IPC report. Tedros Adhanom Ghebreyesus, the WHO's director-general, warned that famine is looming amid the bombardment of Gaza even after increased efforts to deliver aid. ""Starvation and illness continue ravaging the population,"" Tedros said on X. ""Immediate, concerted action is needed now."" Secretary of State Antony Blinken met with Arab leaders in Cairo last week, where he said the group of diplomats agreed more needs to be done to ensure the surge of aid from recent weeks is sustained over time and that ""Israel needs to do more.""",1504,True,4,False,Israel News,2024-04-01,True,39.24027777777778,2024-04-03
https://www.cnbc.com/2024/04/04/former-trump-advisor-john-bolton-says-gaza-war-still-in-early-stages.html,2024-04-04 03:32:01 PM WIB,Former Trump national security advisor John Bolton says Gaza war is still 'in the very early stages',"Former Trump national security advisor John Bolton says Gaza war is still 'in the very early stages'. Former U.S. national security advisor John Bolton believes Israel's war in Gaza is ""still in the very early stages"" and says it has been complicated by Iran's involvement. Framing the ongoing war between Israel and Hamas as ""an Iranian war against Israel,"" Bolton told CNBC's Dan Murphy: ""The fact that Iran has not yet been held to account for any of it, suggests that we're still in the very early stages of the war."" Israel declared war on Hamas after the Palestinian Islamist group launched a surprise terror attack on Oct. 7, killing around 1,200 people including women and children, and kidnapping more than 200 others. Some 130 are presumed to be still in captivity in the Gaza Strip, which is controlled by Hamas. ""This is not a Gaza versus Israel war, or a Palestinian versus Israel war, or an Arab versus Israel war. This is an Iranian war against Israel, fought through terrorist proxies,"" he told CNBC on Wednesday. Bolton is a noted foreign policy hawk and has previously advocated for regime change by the U.S. in Iran. On Monday, Iran accused Israel of bombing part of its embassy compound in the Syrian capital of Damascus, killing seven Iranian military personnel, including three senior commanders. Tehran has vowed retaliation , while Israel has not publicly acknowledged the strike. A dominant force in Middle East politics, Iran funds and supports groups opposing Israel, including Hezbollah in Lebanon, Hamas in Gaza and the Houthis in Yemen. The ongoing conflict in Gaza has often been referred to as a proxy war between Israel and Iran . Iran has repeatedly rejected allegations that it was behind the Oct. 7 terror attack, and U.S. intelligence has indicated that Iranian leaders were surprised by the attack. In January, Iran struck several targets in Iraq, Syria and Pakistan, further escalating already high tensions in the Middle East and fueling concerns of a wider war. Tehran said that the attacks on Syria and Pakistan were not directly related to Israel's war in Gaza , but rather a bid to target anti-Iran terror groups. As long as the current Iranian government is in power, it will continue to be a source of a threat to international peace and security, Bolton told CNBC. Iran's foreign ministry did not immediately respond to a CNBC request for comment. More than 32,900 people in Gaza have been killed since Israel launched its land, sea and air attack on the tiny Palestinian enclave, according to the Hamas-run health ministry there. Israel has more recently been accused of deliberately targeting international aid workers from World Central Kitchen who were killed while delivering food into Gaza, where more than 80% of the people there are reportedly at a high risk of death and starvation . Seven aid workers were killed, sparking an international outcry and prompting humanitarian groups to immediately suspend their operations. Israeli Prime Minister Benjamin Netanyahu has said their deaths were a ""tragic case of our forces unintentionally hitting innocent people in the Gaza Strip."" ""This happens in war, and we will investigate it to the end,"" the Israeli prime minister said. Bolton told CNBC there is ""no indication"" that Israel deliberately targeted them, and that it would be a ""foolish thing to do"" if they did. ""The way to end the suffering in Gaza is to eliminate Hamas, which is the cause of the suffering,"" Bolton said",709,True,2,False,Politics,2024-04-06,True,40.466388888888886,2024-04-07
https://www.cnbc.com/2024/04/05/asia-markets-live-updates-fed-interest-rates-cut-oil-prices.html,2024-04-05 06:43:29 AM WIB,Japan's Nikkei leads losses in Asia as investors fear the Fed could hold off rate cuts; oil soars,Japan's Nikkei leads losses in Asia as investors fear the Fed could hold off rate cuts; oil soars. Minneapolis Fed President Neel Kashkari cast doubts on Thursday over the central bank cutting rates at all if inflation remained sticky,50,False,1,True,Asia Markets,2024-04-06,False,25.275277777777777,2024-04-07
https://www.cnbc.com/2024/04/09/defense-secretary-lloyd-austin-rejects-accusations-israel-has-committed-genocide-in-gaza.html,2024-04-10 03:35:20 AM WIB,Defense Secretary Lloyd Austin rejects accusations Israel has committed genocide in Gaza,"Defense Secretary Lloyd Austin rejects accusations Israel has committed genocide in Gaza. Defense Secretary Lloyd Austin on Tuesday said the U.S. has seen no evidence that Israel has committed genocide during its military operations against Hamas in Gaza. ""We don't have any evidence of genocide being created,"" Austin said during a Senate Armed Services Committee hearing focused on President Joe Biden's latest budget request. Asked by Sen. Tom Cotton, R-Ark., whether that means Israel is not committing genocide in Gaza, Austin said again, ""We don't have evidence of that."" Los Angeles Mayor Karen Bass pitches Rep. Barbara Lee to be the next U.S. Housing secretary Biden is building a behemoth of a campaign. Trump at this point seems to be playing catch-up. Republicans delay DHS Secretary Mayorkas' impeachment trial until next week The assertion comes during a critical point in the Israel-Hamas war, in which many countries, including the U.S., have been critical of the way the Israel Defense Forces are conducting military operations in the Gaza Strip. According to the Hamas-run Gaza Ministry of Health , more than 33,000 people have died during the conflict and more than 75,000 people have been injured. Earlier in the hearing, Sen. Roger Wicker, R-Miss., had asked the defense secretary if Hamas' attack on Israel on Oct. 7 should be considered an act of genocide. ""What we witnessed on Oct. 7, senator, was a horrific terrorist attack by Hamas,"" Austin said, adding it ""certainly is a war crime."" Israel has faced accusations for months that it has been committing genocide in Gaza. In January, the Israeli government defended itself against those allegations before the United Nations' top court, the International Court of Justice, in a case brought by South Africa . Lawyers for that country argued Israel had violated the 1948 Genocide Convention - the first human rights treaty adopted by the U.N. General Assembly in the wake of the Holocaust. The court's judges ruled that there is a case to be heard regarding genocide, and while that legal process unfolds, they ordered Israel to take all measures to prevent acts of genocide against Palestinians. The court, however, has no power to enforce its rulings. Austin's testimony Tuesday comes during a potential turning point in the war as the U.S. tries to influence Israel's strategy in Gaza in an effort to further minimize civilian casualties. Last week, Biden warned during a phone call with Israeli Prime Minister Benjamin Netanyahu that the U.S. policy toward its longtime ally could shift if Israel didn't change course in Gaza. Hours later, Israel agreed to open additional aid routes to allow more humanitarian assistance to enter Gaza. The changes came after Israel killed a convoy of aid workers from World Central Kitchen in a military strike in Gaza early last week. On Sunday, Israel's military announced it was withdrawing troops from southern Gaza, although it's unclear whether the move represented a change in its offensive operations. U.S. officials have been pushing for a cease-fire between Israel and Hamas, but negotiations have not yet been successful. During the hearing Tuesday, Wicker had asked Austin whether Hamas would stop its aggression toward Israel if the country laid down its arms today. ""I seriously doubt that,"" Austin said",681,True,2,False,Politics,2024-04-10,False,4.411111111111111,2024-04-11
https://www.cnbc.com/2024/04/17/eu-official-warns-on-weaponization-of-trade-amid-us-china-tensions.html,2024-04-17 09:05:03 PM WIB,Top EU official warns on 'weaponization of trade' as tensions ramp up between the U.S. and China,"Top EU official warns on 'weaponization of trade' as tensions ramp up between the U.S. and China. The European Union's trade chief on Wednesday warned against the ""weaponization"" of trade amid the latest ratcheting up of tensions between the U.S. and China. EU trade commissioner Valdis Dombrovskis told CNBC that he did not believe trade ""protectionism"" was the answer to heightened geopolitical tensions, but insisted that the bloc was willing to defend itself in the new trade environment. ""The geopolitical landscape is changing, it's getting more fragmented, it's getting more conflictual, we see the weaponization of trade. So we need to equip ourselves also as the European Union to function in this more conflictual world,"" Dombrovskis told CNBC's Karen Tso. His comments came in response to remarks made Tuesday by former European Central Bank president and former Italian prime minister Mario Draghi, who said the bloc must undergo a ""radical change"" if it is to remain competitive in the face of China and the U.S.' refusal to ""play by the rules."" It comes as U.S. President Joe Biden is set to call on the U.S. Trade Representative Katherine Tai to triple the China tariff rate on steel and aluminum imports as he seeks to boost union support in the swing state of Pennsylvania. Such a measure would essentially preclude Chinese steel sales in the U.S., and likely reroute Chinese goods to other global markets. Dombrovskis said the proposals would have a clear impact on the EU, and noted that representatives were currently engaged in talks with the U.S. on its China tariffs. ""Obviously it's going to have broader repercussions because it's clear that the steel market is globally connected,"" he said. Biden's call marks the latest escalation of tensions between the world's two largest economies over concerns of Chinese overcapacity. Washington and its allies have accused China of flooding international markets with cheap goods and undercutting domestic companies - claims Beijing vehemently denies. Last week, U.S. Treasury Secretary Janet Yellen said she would not rule out potential tariffs on China's green energy exports as the country increases output of solar power, electric vehicles and lithium-ion batteries. Her comments were followed in quick succession by European Commission chief Ursula von der Leyen, who said Brussels must take a hard line on trade with China. However, Europe has a delicate balance to tread in not alienating one of its largest trading partners while staying true to its geopolitical and economic alliances across the Atlantic. ""If it will be necessary, the EU will be ready to stand up to defend our economy and our companies,"" Dombrovskis said. His comments came on the sidelines of the IMF's Spring Meeting, where on Tuesday it unveiled its World Economic Outlook and highlighted geopolitical tensions as a key threat to global growth",620,True,2,False,Markets,2024-04-18,True,10.915833333333333,2024-04-19
https://www.cnbc.com/2024/04/19/house-tees-up-votes-on-ukraine-and-israel-aid-as-speaker-johnson-defies-his-right-flank.html,2024-04-19 10:25:17 PM WIB,House tees up votes on Ukraine and Israel aid as Speaker Johnson defies his right flank,"House tees up votes on Ukraine and Israel aid as Speaker Johnson defies his right flank. The House voted 316-94 to tee up votes on four separate bills that include aid to Ukraine and Israel, a good sign for the prospects of Congress approving U.S. funding for the two countries after months of delay and partisan fighting. Speaker Mike Johnson, facing intense opposition from right-wing members, received crucial help from Democrats to move forward with the votes. More Democrats (165) than Republicans (151) voted to pass the "" rule ,"" a procedural step to set up the votes. The move tees up four House votes that are expected Saturday afternoon: one on Israel aid, another on Ukraine aid, another on Indo-Pacific security and a fourth bill that includes a bill designed to ban TikTok in the U.S. if it does not divest from its China-based owner, as well as various national security priorities. If they pass, the measures would be packaged together and sent to the Democratic-controlled Senate. Taken together, the foreign aid measures closely resemble the $95 billion national security package pushed by President Joe Biden. The Senate would have to pass it again, due to some differences with the version that passed the upper chamber in February. ""The world is watching what the Congress does. Passing this legislation would send a powerful message about the strength of American leadership at a pivotal moment,"" the White House budget office said in a statement Friday endorsing the House package. ""The Administration urges both chambers of the Congress to quickly send this supplemental funding package to the President's desk. The House's move followed a vote of 9-3 in the Rules Committee late Thursday to send the bills to the floor for a final vote, with Reps. Thomas Massie, R-Ky., Chip Roy, R-Texas, and Ralph Norman, R-S.C., breaking with Johnson to vote against it. But all four Democrats voted for the rule and rescued it, an extremely unusual move for the minority party. ""We only control one chamber, and I barely have control of that,"" Johnson said Thursday on Newsmax, explaining why he couldn't include GOP immigration measures in the package as some want. ""The Senate won't advance our legislation and the president won't sign it. ... I have a handful of my Republicans, at least, who will not advance a rule to bring that to the floor to combine it with the Ukraine and Israel funding. They won't do it. And so if I don't have Republican votes, that means we have to have Democratic votes. Johnson's decision to move forward with the bills comes as two of his members - Massie and Rep. Marjorie Taylor Greene, R-Ga. - threaten to remove him as speaker. They and many other House conservatives oppose additional aid to Ukraine. ""We'll see what happens. I'm going to do my job. I'm not deterred by threats,"" Johnson said Friday. ""We're going to do the right thing and let the chips fall where they may."" But Johnson, who opposed Ukraine aid last year before he became speaker, now says he believes it is ""critically important,"" based on the intelligence and briefings he has since gotten. Read more on NBC News ""I think Vladimir Putin would continue to march through Europe if he were allowed,"" he told reporters earlier this week. ""I would rather send bullets to Ukraine than American boys,"" Johnson said, adding that his son is entering the Naval Academy this fall. ""This is a live-fire exercise for me as it is so many American families. This is not a game, this is not a joke."" The fourth bill includes a provision to force China-based ByteDance to sell TikTok within nine months, which the president can extend to a year, or face a ban in the U.S. The provision, which has Senate buy-in as well as Biden's support, puts TikTok closer than ever to a prohibition in the country. Democrats praised the move to proceed to House votes, highlighting their party's key role. ""It is vital that Congress act to send assistance to support Ukraine and fend off Russian aggression,"" Rep. Don Beyer, D-Va., said on X . ""We may be in the minority, but we are not going to let that urgent mission fail. Democrats are doing what it takes to make sure Ukraine gets help."" Rep. Grace Meng, D-N.Y., said Democrats were effectively in charge: ""We may be in the minority in the House right now, but @RepJeffries is essentially functioning as the real Speaker already. Rs couldn't get their own bills out of the committee they control so Ds had to help them. Work horses not just show horses.""",1004,True,3,False,Politics,2024-04-22,True,57.57861111111111,2024-04-23
https://www.cnbc.com/2024/05/10/ukraine-war-live-updates-latest-news-on-russia-and-the-war-in-ukraine.html,2024-05-10 02:18:40 PM WIB,Russia opens up new front with major ground assault near Ukraine's second-largest city ,"Russia opens up new front with major ground assault near Ukraine's second-largest city. Ukraine sent reserve units to the border areas of the northeastern Kharkiv region, seeking to shore up its defenses against intensifying Russian attacks",49,False,1,True,Politics,2024-05-11,True,17.68888888888889,2024-05-12
https://www.cnbc.com/2024/05/14/why-does-putin-want-an-economist-to-become-russias-defense-minister.html,2024-05-14 12:20:22 PM WIB,Genius or madness? Why Putin wants an economist to be Russia's new defense minister at a key point in the war,"Genius or madness? Why Putin wants an economist to be Russia's new defense minister at a key point in the war. A government reshuffle was always in the cards after Russian President Vladimir Putin was sworn in last week as Russia's leader for a fifth term. But Putin's replacement of Defense Minister Sergei Shoigu was unexpected - and his choice of successor, civilian economist Andrei Belousov, was even more of a surprise. The appointment of Belousov - a technocrat who has served in various roles in Russia's government, including as minister of economic development and deputy prime minister - is bound to raise eyebrows in military circles, but it comes as defense spending surges and Putin prepares the country and economy for a long war in Ukraine. As such, the appointment of an economist to the defense ministry is being widely seen as a way to marry Russia's immense defense needs with the booming war-oriented economy and military-industrial complex. ""These high-level reshuffles following the Russian presidential election strongly suggest that Putin is taking significant steps towards mobilizing the Russian economy and defense industrial base to support a protracted war in Ukraine and possibly prepare for a future confrontation with NATO,"" analysts at the Institute for the Study of War (ISW) said Sunday. Analysts at the Washington-based think tank noted that Belousov's lack of military experience is not anomalous given the fact that his predecessor Shoigu also had no prior experience. Instead, the ISW noted, it was likely that the Kremlin intended Belousov to ""integrate and streamline"" Russia's defense industrial base with the country's wider domestic economic policy. ""Belousov's nearly decade-long tenure as an economic minister in the Russian federal government and his more recent involvement managing various domestic defense industrial base innovation and drone projects, prepare him well to lead the struggling Russian MoD apparatus,"" the ISW said. ""Belousov has a stronger reputation for being an effective technocrat, and insider sources have claimed that he has a positive relationship with Putin,"" the analysts added. Russian troops have been making incremental gains in eastern Ukraine and last week launched a new offensive in the northeastern Kharkiv region. Russia is widely seen to be trying to make as many territorial gains as possible before billions of dollars of new U.S. military aid reaches Ukraine's depleted forces on the battlefield. Given the fact that Russian forces have seized the initiative in recent months, Russia's change in defense leadership is interesting in terms of its timing, coming at a potential pivot in the war. Analysts say Russia's fortunes in Ukraine might have prompted Putin to make the change now but the Kremlin also pointed to the need for adaption and development, with Kremlin Press Secretary Dmitry Peskov saying the appointment of a civilian to the defense ministry was rooted in a need for ""innovation."" ""On the battlefield today, the winner is the one who is more open to innovation ... Therefore, at this stage, the president has made a decision for a civilian to head the Defense Ministry,"" Peskov said, news agency Tass reported . Russia analysts stress that Belousov will have little to do with Russian military tactics and strategy in Ukraine in any case, with that task largely resting on the shoulders of Russia's top general, the Chief of the General Staff Valery Gerasimov, who will remain in his job, the Kremlin press secretary noted Sunday. ""First of all, Belousov will not manage military combats, he will not get engaged in military planning tactics,"" Tatiana Stanovaya, senior fellow at the Carnegie Russia Eurasia Center and the founder of analysis firm R.Politik, told CNBC Monday, saying military planning would be left to military officials like Gerasimov, although his replacement could also not be ruled out. ""Belousov's main goal is to secure [Russia's] military needs in terms of arms. This is the major incentive for Putin to make this personnel decision. Belousov is keen on military technologies and innovation in the military industry,"" she said. ""So Putin thinks if he puts Belousov as the head of the defense ministry, he will have a better situation in terms of arms supplies to the army. In this sense, the appointment is not surprising,"" Stanovaya said. The Kremlin announced on Sunday that Shoigu, Russia's defense minister since 2012, had been relieved of his post and would become secretary of Russia's influential Security Council. There he will replace Kremlin ideologue and close Putin ally Nikolai Patrushev, who would be given a different role, the Kremlin said. Shoigu had no military experience prior to his appointment to the defense ministry and his credentials have been put to the test with Russia's invasion of Ukraine in February 2022, and was often found wanting. A number of Russian military commentators and officials, among them Yevgeny Prigozhin, the head of the Wagner Group of Russian mercenary fighters, have criticized Russia's military strategy and leadership in Ukraine - often at great personal cost. Prigozhin died last August in a plane crash after a short-lived and ill-fated rebellion against Russia's military leadership. Though the Kremlin denied any involvement in his death, Putin was seen to have backed Shoigu over his old associate Prigozhin as the feud played out. Another factor that could have influenced Putin's decision-making is the fact that Shoigu has become increasingly unpopular with Russia's military-industrial complex, publicly chiding arms manufacturers for what he saw as sluggish production, and is seen as an unpopular figure with Russia's armed forces. ""Shoigu has had so many vulnerabilities,"" R.Politik's Stanovaya noted. ""One of them was the conflict with [Russian state-owned defense conglomerate] Rostec."" ""Shoigu complained a lot about how the the military facilities produced arms. For Shoigu, it was too slow and of not enough good quality ... I think that the fact that it did not work out between defense ministry and Rostec bothered Putin and he wanted to secure [an alliance] that works.""",1304,True,3,False,Europe Politics,2024-05-15,True,19.660555555555554,2024-05-16
https://www.cnbc.com/2024/06/11/taiwans-energy-crunch-could-throw-a-wrench-into-global-chip-industry.html,2024-06-11 06:39:03 AM WIB,Taiwan's energy crunch could 'throw a wrench' into the global semiconductor industry,"Taiwan's energy crunch could 'throw a wrench' into the global semiconductor industry. Taiwan, the world's semiconductor powerhouse, is facing a power crunch - and this could spell trouble for chipmakers. Manufacturing chips requires a lot of energy and electricity, and the government is struggling to meet the island's energy needs. ""Concerns over potential power shortages and the deterioration of power quality and reliability could pose operational risks for the semiconductor industry,"" Chen Jong-Shun, assistant research fellow at Chung-Hua Institution for Economic Research, told CNBC. There were three major outages in Taiwan in the past seven years, and the island has experienced a slew of smaller disruptions in the past year . As recently as April, in Northern Taiwan alone, multiple power shortages were recorded over three days, according to local reports. In 2022, there were 313 power outage incidents . A big power outage that year affected more than 5 million households, while another massive blackout in 2017 hit almost 7 million households. ""Taiwan has both an energy crunch and, even more importantly, an electricity crunch,"" said Joseph Webster, senior fellow at the Atlantic Council's Global Energy Center. More than 97% of Taiwan's energy needs are imported , and come primarily from coal and gas. The heavy reliance on other countries renders the island vulnerable to energy supply disruptions, experts told CNBC. While the outages are partly due to an aging grid, the electricity crunch is largely the result of Taiwan's underpriced electricity bills, which drives up demand and leads to supply shortfalls, Webster added. While Taiwan recently hiked electricity rates by 15% for large industrial users , the rates for residential consumption remain unchanged. Today's electricity bills are cheaper than what they were 20 years ago , according to Taiwan's Economic Ministry. Meanwhile, global commodity prices have soared. As a result, Taiwan Power Company, or Taipower, has been racking up losses . The state-owned company reported a pre-tax loss of $6.3 billion in 2023, after an even bigger loss was recorded in 2022. ""Taipower has been losing money, which also raises concerns about potential power disruptions for both the semiconductor industry and the overall Taiwanese economy,"" Michelle Brophy, director of research at market intelligence platform AlphaSense. For one, with electricity prices rising for semiconductor firms, the higher costs are expected to be passed on to consumers, according to Brophy. Chip giant Taiwan Semiconductor Manufacturing Company has disclosed it will will pass on cost increases to customers, in order to protect the company's profit margin. Taiwan's industrial consumers accounted for over 55% of its electricity consumption in 2023, according to the Atlantic Council's Webster. These consumers, including semiconductor firms, often require constant and reliable access to electricity. ""If Taiwan is forced to ration electricity more frequently in the future due to limited supplies, its semiconductor firms will suffer,"" he added. Any energy disruption will slow down chipmaking and raise global semiconductor prices, Webster said. ""Taiwan's electricity crunch could throw a wrench in global semiconductor markets,"" he said, adding that interruptions could reverberate across the global industry. TSMC, the world's largest manufacturer of advanced chips, accounts for about 60% of the global foundry revenue . The company is integral in the ongoing generative AI boom , and counts tech giants like Apple and Nvidia as clients. The global semiconductor manufacturing industry is estimated to double its market size in revenue by 2030, and is poised to consume 237 terawatt hours (TWh) of electricity by then, a Greenpeace report said . Electricity consumption from Taiwan's semiconductor manufacturing industry is set to increase 236% between 2021 and 2030, the same report found. ""The global electricity industry has been surprised by the pace and scale of electricity demand from artificial intelligence's data centers,"" said Webster, adding that Taiwan's future electricity consumption is subject to ""considerable uncertainty."" Taiwan's government plans electricity supply based on the needs of a few major companies, said Chen from Chung-Hua Institution. Still, meeting Taiwan's energy needs is an uphill task. ""Taiwan has struggled to meet its power infrastructure goals due to land constraints, overly ambitious and rigid policies, and a lack of understanding and ability to address power shortages,"" Chen added This raises further concerns among businesses about the reliability of future power supply commitments to major tech firms. ""Power is an ongoing issue in the sector,"" especially due to Taiwan's outsized influence on the semiconductor industry, said Brophy",943,True,2,False,Energy,2024-06-11,False,1.3491666666666666,2024-06-12
https://www.cnbc.com/2024/07/05/philippines-to-respond-appropriately-to-chinese-harassment-in-south-china-sea.html,2024-07-05 12:57:57 PM WIB,"Philippines to 'respond appropriately' to Chinese 'harassment' in South China Sea, military chief says ","Philippines to 'respond appropriately' to Chinese 'harassment' in South China Sea, military chief says. Filipino soldiers will "" respond appropriately "" and defend themselves against ""harassment"" from Chinese coast guards at the disputed Second Thomas Shoal, chief of Philippines armed forces, Gen. Romeo Brawner Jr. said Thursday. The warning comes after Chinese Coast Guards last month seized and damaged two Philippine ships and injured military personnel on a resupply run to an outpost on the Shoal, according to Philippine officials. Manila asserts that China has been attempting to disrupt resupply runs to a Philippine ship parked on the Shoal since 1999. Both the countries claim the island as their own but the ship's presence has been used to reinforce Manila's maritime claims. The latest flare-up had involved an escalation of violence, with the Chinese Coast Guard brandishing knives and axes against their Filipino counterparts. ""Under the Rules of Engagement (ROE), a person has the right to defend himself in any manner ... So, for instance, should someone attack, what we will do is that we will apply the same level of force that would allow us to defend ourselves,"" Brawner said after a meeting with President Ferdinand R. Marcos Jr. Brawner added that this proportionality would mean that if Filipino troops are attacked with knives, they will use similar weapons to defend themselves, though they will not resort to excess force such as gunfire. Beijing appears to have taken an adversarial stance with Philippine vessels in the South China Sea, reportedly using water cannons and ramming into boats. Brawner reportedly also said that Philippines President Ferdinand Marcos Jr had ordered his armed forces to work to lower tensions in the South China Sea. Philippines Foreign Affairs Secretary Enrique Manalo has confirmed the two sides were working to reach an "" understanding or a possible agreement "" over the Shoal. Earlier this week, the country's foreign affairs department said that while there was ""substantial progress"" on developing measures towards de-escalation, "" significant differences remain ."" Amid the peace talks, the Philippines military has also called for China to return seven firearms seized by the Chinese coast guard during the June 2 flare-up and to pay around $1 million in compensation for damages. Manila is also looking to charge China with the cost of the surgery of a Filipino sailor who lost his right thumb during a confrontation with Chinese Coast Guard members, according to Brawner. In a press briefing on Thursday, a Beijing spokesperson said the Philippines had carried out an illegal and provocative mission in China's territory and thus should ""face the consequences of its own action."" Experts have told CNBC that the latest incident at the Shoal had increased fears of an escalation between the two parties, with Beijing pushing the limits of the existing Philippine-U.S. defense pact that promises to defend the Philippines against ""armed attacks."" However, it remains in the best interest of all parties to deescalate the situation , Lowy Institute's Rahman Yaacob told CNBC's ""Squawk Box Asia."" The South China Sea is host to a number of disputed territories, with other countries in the region increasingly expressing concerns about rising tensions. Philippine state media has quoted Japanese Ambassador Kazuya Endo as saying that Tokyo was closely watching the talks between Manila and Beijing, noting issues surrounding the South China Sea were a ""legitimate concern"" for Japan and the international community, affecting regional peace and stability. The Thai government on Thursday called for "" dialogue and diplomacy "" in the South China Sea during a bilateral meeting with Philippine Foreign Affairs Secretary Enrique Manalo in Makati. Beijing has challenged Manila's version of the Second Thomas Shoal incident, with a spokesperson saying that China had taken ""necessary"" measures to "" safeguard its sovereignty ,"" accusing the Philippines of intruding into China's waters",787,True,2,False,Asia News,2024-07-06,True,19.034166666666668,2024-07-08
https://www.cnbc.com/2024/07/05/israel-hezbollah-war-risk-rises-can-iron-dome-be-overrun.html,2024-07-05 05:00:05 PM WIB,Can Israel's Iron Dome be overrun? System's capabilities in focus amid rising risk of war with Hezbollah ,"Can Israel's Iron Dome be overrun? System's capabilities in focus amid rising risk of war with Hezbollah. On Thursday morning, Hezbollah said it launched 200 rockets into Israel - one of its largest attacks yet - following the Israeli assassination of one of the group's senior commanders, further ramping up fears over a potential full-blown war between the two heavily armed adversaries. The Iran-backed Lebanese militant group, which is designated as a terrorist organization by the U.S. and U.K., said it fired at 10 Israeli military sites using a ""squadron of drones."" Israel's military said that ""numerous projectiles and suspicious aerial targets"" breached its territory, many of which were intercepted, and that there were no casualties. Hezbollah has launched thousands of rockets into Israel in the nearly nine months since the latter began its war against Palestinian militant group Hamas in Gaza on Oct. 7. The rockets fired from Lebanon have killed 18 Israeli soldiers and 10 civilians, Israel says, while Israeli shelling has killed some 300 Hezbollah fighters in Lebanon and around 80 civilians, according to a Reuters tally. The relatively low number of Israeli casualties is thanks to the country's Iron Dome, a mobile all-weather defense system designed to protect Israeli territory by launching guided missiles to intercept incoming rockets and other short-range threats in midair. It has a success rate of around 90%, according to the Israel Defense Forces. The system, which became fully operational in March 2011 and has been upgraded several times since, has ""successfully prevented countless rockets from hitting Israeli communities,"" Israel's Defense Ministry says. Originally produced in Israel, the Iron Dome was developed by state-owned Rafael Advanced Defense Systems with U.S. backing - and Washington continues to provide funding for it today. The Iron Dome also intercepts around 90% of the near-daily rocket attacks from Hamas and other militant groups in Gaza, the IDF claims. Israel's war in Gaza has killed more than 37,000 people in the besieged strip, according to Palestinian health authorities, in a bloody offensive triggered by Hamas' terror attack on Oct. 7 that killed roughly 1,200 people in Israel and took an additional 253 hostage, 116 of whom have been freed. But as Israel faces the prospect of a two-front war - with Hamas to its south and Hezbollah to its north - and with the reality that Hezbollah has an enormous arsenal of missiles and is estimated to have 10 times the military capability of Hamas, the question is: can the Iron Dome be overrun? An all-out war between Israel and Hezbollah would be devastating for both sides. Already, at least 150,000 residents of southern Lebanon and northern Israel have been evacuated from their homes and are internally displaced because of the regular cross-border fire. Retired Israel Defense Forces Col. Miri Eisin, who directs the International Institute for Counterterrorism in Israel, said the Iron Dome would not be overrun in the sense of failing to work altogether; rather, its interception success rate will likely fall amid large-scale missile attacks, meaning more damage to Israeli infrastructure and more casualties. ""Our capabilities to intercept are very high. But the percentage will go down and that means that they will be able to hit and do damage in the heart of Israel,"" Eisin said, adding that could include vital infrastructure like power plants and the country's Tel Aviv international airport. Hezbollah ""has payloads that Hamas could not dream of,"" she said. ""I would say that there's an expectation of hundreds of killed, of thousands of casualties, and of a very challenging time period at the local level."" The Lebanese Shiite organization, which was born in 1982 during Israel's occupation of southern Lebanon with funding from Iran, is now considered one of the most heavily armed nonstate groups in the world. ""Most estimates credibly put Hizbullah's missile and rocket stockpile at 150,000,"" Victor Tricaud, a senior analyst at consulting firm Control Risks, told CNBC. Hamas' rockets and missiles, by comparison, are estimated to number in the tens of thousands. More significantly, Tricaud said, Hezbollah has far more advanced weapons systems than Hamas, including Iranian-supplied guided Fateh missiles as well as drones. ""Such munitions would stand significantly greater chances to evade Israel's air defense systems ... and would be likely to inflict significant damage to critical economic infrastructure across Israel,"" he said. A full-blown war would also be highly destructive for Lebanon, which is in the midst of an economic and political crisis and whose infrastructure is wholly unprepared for a new war. A major Israeli incursion and the damage it would bring, particularly to the Hezbollah stronghold of southern Lebanon, could threaten the group's standing and support there. Israel and Hezbollah went to war in 2006, in a 34-day conflict that was claimed as a victory by Hezbollah and seen as a strategic failure in Israel. A report by Israel's Reichman University titled "" Fire and blood: The chilling reality facing Israel in a war with Hezbollah "" outlined a scenario in which Hezbollah would fire 2,500 to 3,000 missiles and rockets a day for several weeks targeting Israeli military and civilian sites. For reference, Hezbollah fired an estimated 4,000 rockets at Israel over the course of the entire 2006 war. According to Phillip Smyth, an expert on Iranian proxies and former senior fellow at the Washington Institute, Hezbollah's rates of fire and number of rockets launched are already ""far outpacing"" what was seen during the 2006 war. Hezbollah ""has demonstrated a domestic production capacity for short-range, more inaccurate rockets that could be used to overwhelm the Iron Dome,"" he said. Those, combined with the group's newer higher-accuracy missiles and growing supply of suicide drones, ""could cause a much more dangerous issue for the Israelis than in 2006,"" he said. ""Increased accuracy for these weapons systems is a big issue,"" Smyth warned. ""I'm of the belief that Iron Dome can handle many of the intermediate-range missiles. These are likely fewer in number, but combined with the accuracy shown with some UAV attacks, there could be a hell of a lot more damage.""",1277,True,3,False,Politics,2024-07-06,True,14.998611111111112,2024-07-08
https://www.cnbc.com/2024/07/31/death-of-hamas-leader-haniyeh-in-iran-middle-east-on-knife-edge.html,2024-07-31 08:03:44 PM WIB,Middle East on knife-edge after killing of Hamas leader in Iran; Israel's opponents vow retaliation,"Middle East on knife-edge after killing of Hamas leader in Iran; Israel's opponents vow retaliation. The Middle East is on edge after a dramatic escalation that saw top Hamas leader Ismail Haniyeh killed in a strike in the Iranian capital of Tehran early Wednesday. Iranian officials are blaming Israel for what they say is an assassination, but a spokesman for Israel's government on Wednesday declined to comment on the death of Haniyeh, Reuters reported. ""Israel was very clear - Haniyeh was a dead man walking,"" Charles Lister, a senior fellow at the Middle East Institute in Washington, wrote in a post on X following the news. ""Once out of Doha, it was game time. Coming hours after the killing of Fuad Shukr in Beirut, the Middle East is on an absolute knife-edge now."" Just one day prior, Israeli forces declared that they killed Hezbollah's second-in-command, Fuad Shukr, in a strike on a densely populated area of Beirut, in retaliation for a strike last week on the Israeli-occupied Golan Heights that killed several children. Israel blames Hezbollah, an Iranian-backed Lebanese militant organization, for the attack, a charge the group has thus far denied. Haniyeh served as the chief of Hamas' politburo and was seen as a more relatively moderate figure within the organization - importantly, he led cease-fire negotiations with Israel and was the face of the group's regional diplomatic efforts. The alleged Israeli killing of Haniyeh marks a blow to Hamas and essentially torpedoes any near-term chances of a cease-fire between the Palestinian militant group and Israel in the brutal war in Gaza that is now in its 10th month. Qatari Minister of Foreign Affairs Sheikh Mohammed bin Abdulrahman Al Thani wrote on X: ""Political assassinations & continued targeting of civilians in Gaza while talks continue leads us to ask, how can mediation succeed when one party assassinates the negotiator on other side? Peace needs serious partners & a global stance against the disregard for human life."" Qatar's government has long hosted Hamas' political leadership. Haniyeh was made the head of Hamas' political wing in 2017 before moving to Qatar in exile in 2019. After leaving Gaza he was succeeded by Yahya Sinwar, a much more hard-line Hamas devotee. Sinwar is believed to be the mastermind of the Oct. 7 attack on Israel that killed some 1,200 people and took a further 253 hostage, 116 of whom have since been freed. Israel's military response to the attack has killed more than 39,000 people in Gaza, health authorities in the blockaded enclave say, and destroyed more than half of all its buildings, according to the U.N. While cease-fire talks have been ongoing for months with no success, the more extreme Sinwar - who is based inside Gaza and is said to have the last word on Hamas' major decisions - often stalls or cuts off communications during negotiations. Haniyeh served as ""a key interlocutor in talks for a cease-fire in Gaza,"" Victor Tricaud, a senior analyst at consulting firm Control Risks, told CNBC. ""His killing will throw the talks off course and means that the far less compromising position of Hamas' leader in Gaza, Yahya Sinwar, will face less moderating counterweight from within the group,"" Tricaud said. ""A cease-fire deal will likely remain out of reach for several more months."" U.S. Secretary of State Antony Blinken meanwhile continued to stress that a cease-fire deal is ""the enduring imperative"" while speaking at a forum in Singapore, and denied that the U.S. had any knowledge of the alleged Israeli strike on Haniyeh. The U.S. State Department in 2018 designated Haniyeh a terrorist , describing him as ""a proponent of armed struggle, including against civilians,"" and declared that Hamas operations had been responsible for ""an estimated 17 American lives killed in terrorist attacks."" Iran, Hamas and Hezbollah have all vowed revenge; but the choice of actions they take against Israel could lead to further escalation or plunge the region into a larger war. Israeli Defense Minister Yoav Gallant told Israel Defense Forces troops on Wednesday that Israel ""doesn't want a war, but is preparing for all possibilities."" Iran's leadership meanwhile has said that the alleged Israeli strike is grounds for ""severe punishment"" and that the country must ""pay a heavy price."" An all-out war between Israel and Iran - and Iran's proxies such as Hezbollah - would be devastating to all sides involved. But not responding at all may not be an option for Iran's leaders who will face pressure to deliver a show of force. Haniyeh's death in Tehran ""puts Iran's leadership under strong pressure from the Revolutionary Guards to retaliate after another attack on Iranian soil,"" Torbjorn Soltvedt, principal MENA analyst at Verisk Maplecroft, told CNBC. ""Israel and Iran have already demonstrated their ability to pose a serious threat to each other, but the risk of another cycle of attacks is now increasing."" Still, many regional analysts expect Iran to be conservative in its reaction, as so far the Islamic Republic has shown little interest in going to war with Israel to help Hamas. Tit-for-tat exchanges of missile strikes between Iran and Israel in April saw attacks that were essentially measured and telegraphed to avoid significant damage or casualties. Tricaud at Control Risks expects any retaliation ""to be very calibrated - likely leveraging Iran-backed proxy groups,"" he said. ""It remains unclear that Tehran's intent to avoid a full-blown regional conflict with Israel has changed as a result of Haniyeh's killing."" While the strike does constitute a major violation of the Islamic Republic's sovereignty, he added, ""Tehran has repeatedly shown that it does not want to be dragged in a direct conflict with Israel over the war in Gaza.""",1239,True,3,False,Politics,2024-08-01,True,11.937777777777777,2024-08-03
https://www.cnbc.com/2024/08/09/tim-walz-misspoke-when-he-discussed-using-weapons-in-war-campaign-says.html,2024-08-10 05:43:16 AM WIB,"Tim Walz ‘misspoke’ when he discussed using weapons ‘in war,’ campaign says","Tim Walz 'misspoke' when he discussed using weapons 'in war,' campaign says. Minnesota Gov. Tim Walz ""misspoke"" in a 2018 video circulated by the Harris campaign earlier this week that included the vice presidential candidate talking about his handling of weapons ""in war,"" a campaign spokesperson said Friday. The clarification comes after Republicans, led by veteran and vice presidential candidate JD Vance, have attacked Walz over his military record . ""Governor Walz would never insult or undermine any American's service to this country - in fact, he thanks Senator Vance for putting his life on the line for our country. It's the American way,"" a campaign spokesperson said in a statement. ""In making the case for why weapons of war should never be on our streets or in our classrooms, the Governor misspoke. He did handle weapons of war and believes strongly that only military members trained to carry those deadly weapons should have access to them, unlike Donald Trump and JD Vance who prioritize the gun lobby over our children,"" the spokesperson added. Read more from NBC News: Jill Stein recruiting Palestinian Americans for her running mate position Wisconsin voters weigh in on Harris, Trump and how they'll decide a key swing state Tim Sheehy may turn the Senate red. But is he really a successful businessman? The video clip of Walz's previous remarks showed him discussing gun control and referring to his own military background. ""We can make sure that those weapons of war, that I carried in war, is the only place where those weapons are at,"" Walz says in the clip posted by Harris' campaign on Tuesday. Walz was not deployed to a combat zone during his years of military service",354,False,1,False,Politics,2024-08-10,True,2.278888888888889,2024-08-11
https://www.cnbc.com/2024/09/02/esg-sustainable-investors-appear-more-comfortable-with-defense-stocks.html,2024-09-02 12:10:59 PM WIB,Defense stocks in an ESG portfolio? A profound — and controversial — shift seems to be underway,"Defense stocks in an ESG portfolio? A profound - and controversial - shift seems to be underway. Russia's ongoing war in Ukraine has resulted in a profound shift in the way defense stocks are viewed by mission-driven fund managers, according to two European defense giants. Defense stocks have typically been excluded from portfolios based on environmental, social and governance ( ESG ) factors due to ethical concerns over their association with warfare. In recent months, however, ESG fund managers appear to have become increasingly comfortable with holding defense companies - at a time of soaring industry profits and higher defense spending, as governments respond to elevated geopolitical risk. Nonetheless, the inclusion of defense stocks in sustainably-minded portfolios remains controversial. Micael Johansson, CEO of the Swedish defense and security company Saab , said Russia's decision to launch a full-scale invasion of Ukraine in February 2022 had brought about a ""dramatic"" change in the ESG debate . ""I think we had, like, 45,000 to 50,000 shareholders before this tragic war happened and now, we have, like, beyond 175,000 shareholders. Of course, the interest in investing in us is very different now, but there is still some sort of hesitation in the market,"" Johansson told CNBC's Silvia Amaro on Aug. 21. Johansson said some pension funds, for example, were still unwilling to invest in defense stocks, adding that there hasn't been a sudden ""all-in"" approach to recognizing defense firms as sustainable businesses. ""Not everyone is viewing it that way. There is still more to do in that area, which is to me really frustrating ... because if you don't have any security and a deterrents effect, then you can't talk about the ESG from other perspectives. That's sort of the foundation of sustainability in my eye,"" Johansson said. Shares of Saab, which produces missiles, submarines and fighter jets, have skyrocketed since the start of Russia's war with Ukraine - up around 330% between Feb. 20, 2022 and Aug. 29, 2024. ""Traditionally, ESG investors and especially retail investors do not want to be associated with companies that produce weapons,"" Ida Kassa Johannesen, head of commercial ESG at Saxo Bank, told CNBC via videoconference. ""Ultimately, [these are] companies that cause the death of people [and] innocent victims in the Middle East at the moment, in wars waged in Africa, for example in [the Democratic Republic of the] Congo, and a few other places in the world. Retail investors just do not want to have anything to do with these types of companies."" As a result, Johannesen said that fund managers have typically been reluctant to include some defense stocks in their portfolios in order to avoid being questioned by their clients. Asked whether defense firms may have more work to do to improve their reputation, Saab's Johansson replied: ""Maybe, I don't know. I think I wouldn't have worked 39 years for this company if I hadn't been extremely committed to what we do, and what we actually stand for, and what we contribute with in terms of resilience and great capabilities."" Johansson said that, if politicians recognize a threat environment, then it is imperative to have ""professional"" and ""serious"" companies capable of delivering the necessary resources to defense forces. ""So, we stand for something really important - and I don't have any problem with our reputation. I don't know about others,"" he added. ESG investments have become a polarizing political issue in recent years, particularly in the U.S. Republican lawmakers have labeled mission-driven investments as a form of "" woke capitalism "" that seeks to prioritize liberal goals over financial returns. Democratic lawmakers have sought to push back, describing attacks on a range of ethically responsible business practices as ""an attempt to manufacture a culture war and protect corporate special interests,"" according to the Democrats' Committee on Oversight and Accountability. Analysts expect the outcome of the U.S. presidential election in November to determine whether the political backlash against ESG will have a deep and lasting effect. ""You couldn't even have those conversations pre-Ukraine because even though you might be doing great things across the E, the S and the G. You couldn't even talk about it,"" Brad Greve, chief financial officer at British defense group BAE Systems , told CNBC in an interview on Aug. 14. ""What's happened since Ukraine, there has been a real change in attitude. I think people have now reflected. It's really important that we see the role that defense companies play in protecting a free society,"" he said. Greve noted that while fund managers will always have the right to invest as they see fit, ""what's good now from my perspective is that we can have these conversations about the role we the positive role we play in society."" Shares of BAE Systems, which makes nuclear-powered submarines, fighter jets and supplies munitions, have climbed roughly 130% over Feb. 20, 2022 to Aug. 29, 2024. Saxo Bank's Johannesen said that, while Russia's ongoing war with Ukraine had stoked the ESG debate, most fund managers remain ""pretty cautious"" about investing in the defense sector. ""Should we all put [defense companies] in the same basket? The truth is it's a mixture. It's really an assortment of a different type of companies. You have big villains and then you have those that are, I would say, not that bad,"" Johannesen said. ""It's not easy to say, because you produce weapons, you are a villain. It's not for me to decide, and I think retail investors should not decide for everybody else. They should decide for themselves - but they should not try to demonize all those companies that produce weapons, for example,"" she added",1234,True,3,False,Sustainable Future,2024-09-07,True,115.81694444444445,2024-09-08
https://www.cnbc.com/2024/10/04/why-oil-prices-havent-skyrocketed-on-middle-east-supply-fears-yet.html,2024-10-04 02:07:16 PM WIB,Why oil prices haven't skyrocketed on Middle East supply fears — yet,"Why oil prices haven't skyrocketed on Middle East supply fears - yet. Oil prices have jumped more than $5 a barrel since the start of the week amid intensifying fears that Israel could launch an attack on Iran's energy infrastructure. The rally, which puts crude futures on track for gains of around 8% week-to-date, has surprised many market observers in that it appears to be somewhat subdued given what's at stake. Energy analysts have questioned whether oil markets are being too complacent about the risk of a widening conflict in the Middle East, particularly given that the fallout could disrupt oil flows from the key exporting region. Iran, which is a member of OPEC, is a major player in the global oil market. It's estimated that as much as 4% of global supply could be at risk if Israel targets Iran's oil facilities. Goldman Sachs says a sustained fall in Iranian output could send oil prices up $20 a barrel , while Swedish bank SEB has warned that crude futures could rally to more than $200 a barrel in an extreme scenario. For some analysts, the reason crude prices have yet to move even higher is because the oil market is short. This refers to a trading strategy in which an investor hopes to profit if the market value of an asset declines. ""There is a very large short position, not only in oil, you [also] see it in equities. In general, the investors don't like this space. Why? They are concerned about a big oil supply glut next year,"" Jeff Currie, chief strategy officer of energy pathways at Carlyle, told CNBC's "" Squawk Box Europe "" on Wednesday. ""When we look at the situation today, it is starkly different. Inventories are low, curve is backwardated, demand is middling, it's not great but now you have [China's] stimulus package on top of that, and you still have the OPEC production cuts,"" Currie said. ""On top of that, we've thrown in potential conflict in the Middle East that could take out some energy facilities, so the near-term outlook is positive, which is why the front of the curve is strong, but it is being weighed down on the back end over the fears of this big oil supply glut,"" he added. The market is backwardated, or in backwardation, when the futures price of oil is below the spot price. The opposite structure is known as contango. Amrita Sen, founder and director of research at Energy Aspects, echoed Currie's view. ""The market is so short. We've never seen these levels of record shorts before,"" Sen told CNBC's ""Squawk Box Europe"" on Thursday. Many oil traders appear to have taken a bearish position on the belief that China's stimulus rally will fail to restore confidence in the world's second-largest economy, Sen said, adding that market participants also tend to expect OPEC and non-OPEC allies to boost oil production later in the year. ""The market has just gotten itself into this fit around bearishness but that's why if it goes, we could be above $80 very quickly,"" Sen said. International benchmark Brent crude futures with December expiry traded over 0.2% higher at $77.77 a barrel on Friday, while U.S. West Texas Intermediate futures stood at $73.84, up 0.2% for the session. Oil's biggest move this week came on Thursday, when prices popped more than 5% following comments from U.S. President Joe Biden over a possible retaliatory move from Israel following Iran's ballistic missile attack earlier in the week. Asked by reporters whether the U.S. would support an Israeli strike on Iranian oil facilities, Biden said: ""We're discussing that. I think that would be a little - anyway."" The president added that ""there's nothing going to happen today."" CNBC has reached out to the White House for further comment. Tamas Varga, an analyst at oil broker PVM, told CNBC via email on Thursday that the oil market was pricing in some risk premium given the geopolitical concerns. ""This is why oil is stable-to-higher, equities are weakening, and the dollar is strong. These fears, however, will be greatly alleviated in [the] coming days unless oil supply from the region or traffic through the Strait of Hormuz are materially impacted,"" he added. Situated between Iran and Oman, the Strait of Hormuz is a narrow but strategically important waterway that links crude producers in the Middle East with key markets across the world. ""Under this scenario underlying fundamentals will become the driving force again and these fundamentals are anything but encouraging,"" Varga said. Israeli Prime Minister Benjamin Netanyahu on Tuesday pledged to respond with force to Iran's ballistic missile attack, insisting Tehran would ""pay"" for what he described as a ""big mistake."" His comments came shortly after Iran fired more than 180 ballistic missiles at Israel. Speaking during a visit to Qatar on Thursday, Iranian President Masoud Pezeshkian said his country was ""not in pursuit of war with Israel."" He warned, however, of a forceful response from Tehran to any further Israeli actions. Bjarne Schieldrop, chief commodities analyst at SEB, said that oil prices were surprisingly steady given the high stakes. ""I think it is definitely a little bit about short covering, but [the price rally] is surprisingly weak ... given the scenarios that might play out in the Middle East,"" he told CNBC's "" Street Signs Europe "" on Thursday. Schieldrop said Brent crude prices had largely traded between $80 to $85 for around 18 months or so, before dipping below $70 in September. He described the oil contract's recent move higher as ""very meager,"" especially given the ""potentially devastating scenarios in the Middle East.""",1253,True,3,False,Oil,2024-10-06,True,41.87888888888889,2024-10-07
https://www.cnbc.com/2024/10/04/constellation-brands-ceo-downplays-concerns-about-trump-higher-tariffs.html,2024-10-05 06:06:34 AM WIB,Constellation Brands CEO downplays worries about higher tariffs if Trump wins,"Constellation Brands CEO downplays worries about higher tariffs if Trump wins. In a Friday interview with CNBC's Jim Cramer , Constellation Brands CEO Bill Newlands brushed off concerns about the possibility of higher tariffs , which former President Donald Trump has pledged to implement if elected. ""First of all, assuming there was a Trump administration, we already had four years of a Trump administration, and our business was up double-digit during that window of time,"" Newlands said. ""Two, we have a fair amount of our inputs that come from the United States and then are made into beer in Mexico. I highly doubt any perspective on tariffs would really be around: How do you hurt the American farmer."" Constellation Brands is known for a variety of popular beer brands imported from Mexico, including Modelo, Corona and Pacifico. It also has a wine and liquor business that includes SVEDKA vodka. Trump has threatened to impose blanket tariffs as high as 20% on imported goods from all countries. His previous administration increased tariffs on Chinese goods, igniting a years-long trade war with the country that disrupted global trade and cost Americans billions. Newlands stressed that the way the company makes its Mexican beers will not change. ""These are authentic Mexican beers,"" he said. ""Guess what? You have to make them in Mexico."" He also discussed his recent meeting with Mexico's new President Claudia Sheinbaum, the country's first-ever female leader , saying she is focused on ""shared prosperity."" Newlands said the company has a good relationship with the Mexican government on federal and local levels, adding that Constellation Brands is set to open a new brewery in Veracruz. Constellation Brands reported a mixed quarter Thursday, posting an earnings beat but a slight revenue miss. The company saw success with its beer brands, but the wine and spirits segment continued to weigh on business. Newlands said Constellation Brands is in the middle of improving wine and spirits and is beginning to see some results. ""We have readjusted a lot of our marketing spend, we've done more tactical spend against some of those critical brands like The Prisoner and Kim Crawford and, and Meiomi, and it's starting to show some success,"" he said. ""We've seen those businesses start to turn.""",466,False,1,False,Mad Money,2024-10-06,True,25.890555555555554,2024-10-07
https://www.cnbc.com/2024/10/22/crude-oil-prices-today-wti-brent-extend-gains.html,2024-10-22 06:50:48 PM WIB,"U.S. crude oil prices rise more than 2%, extend gains to above $72 per barrel","U.S. crude oil prices rise more than 2%, extend gains to above $72 per barrel. U.S. crude oil futures extended gains on Tuesday after rising nearly 2% in the previous session. Oil prices have bounced back somewhat after selling off steeply last week. Traders increasingly view a supply disruption in the Middle East due to Israel-Iran tensions as unlikely. Weak demand in China has also weighed on prices recently. Beijing cuts its benchmark lending rates on Monday, lending some support to the futures market. Here are Tuesday's closing energy prices:",116,False,1,False,Oil,2024-10-23,True,13.153333333333334,2024-10-24
https://www.cnbc.com/2024/10/23/north-korean-troops-have-been-sent-to-russia-us-confirms.html,2024-10-23 07:52:40 PM WIB,"North Korean troops have been sent to Russia, U.S. confirms","North Korean troops have been sent to Russia, U.S. confirms. North Korea has sent troops to Russia , the United States said Wednesday, its first public confirmation of a move that has rattled Western allies and could mark a major escalation of Moscow's war in Ukraine. ""There is evidence of DPRK troops in Russia,"" Defense Secretary Lloyd Austin told reporters in Rome, using the abbreviation for North Korea's formal name, the Democratic People's Republic of Korea. ""What exactly they're doing is left to be seen,"" Austin said, adding, ""We're trying to gain better fidelity on it."" It's a ""serious issue,"" he said, if North Korea's ""intention is to participate in this war on Russia's behalf."" His comments came after South Korea and Ukraine sounded the alarm in recent days, sharing intelligence and voicing dissatisfaction with what they see as a lack of urgency in the response from the U.S. and other Western countries. The reclusive nature of the Kremlin and Kim Jong Un 's regime mean that observers have pored over social media video and satellite images in search of confirmation that Russia is deploying the troops to Ukraine, in what would be a dramatic new step in the burgeoning alliance between Pyongyang and Moscow. South Korean lawmakers said Wednesday that North Korea had sent 3,000 troops to Russia out of a promised 10,000 to be deployed by December. That is twice the 1,500 that the South Korean intelligence agency had reported being sent last week. On Tuesday, Ukrainian President Volodymyr Zelenskyy said that two units of North Korean troops, with as many as 6,000 people each, were being trained for deployment. ""This is a challenge, but we know how to respond to this challenge. It is important that partners do not hide from this challenge as well,"" he said in his nightly video address. Lt. Gen. Kyrylo Budanov, the head of Ukraine's Main Directorate of Intelligence, told the U.S. publication The War Zone that North Korean troops could arrive as early as Wednesday in Russia's Kursk region, where Ukrainian forces launched an incursion in August. South Korea summoned the Russian ambassador on Monday to demand the withdrawal of the North Korean soldiers and ""related cooperation."" The U.S. treaty ally, which has so far provided only nonlethal aid to Ukraine, now says it is considering providing defensive weapons and even offensive ones in response. State Department deputy spokesperson Vedant Patel said Tuesday that it would ""mark a dangerous and highly concerning development"" and that the U.S. was consulting with its allies and partners ""on the implications of such a dramatic move."" Austin had not mentioned the reports during his Monday visit to Kyiv, where he met with Zelenskyy and announced $400 million in new military aid. The U.S. and others say Pyongyang is already supplying Moscow with badly needed munitions, including millions of artillery shells, in exchange for key military technology that could be used to strengthen Kim's nuclear and ballistic missile programs. Both Russia and North Korea deny any transfer of arms. In addition to giving Russia a boost on the battlefield, the involvement of North Korean troops would solidify the growing ties between Russian President Vladimir Putin and Kim, who signed a pact in June that includes a pledge of mutual defense. ""The Russians are going to appreciate some of the backfilling and assistance,"" said Frank Ledwidge, a former British military intelligence officer and senior lecturer in war studies at England's University of Portsmouth. ""It will help them in securing and reinforcing their lines of supply for artillery mainly because North Korea is an artillery power,"" he told NBC News. Ledwidge and others say it could also provide the large but little-tested North Korean military with critical combat experience and real-time information about the performance of its weapons systems as Kim ramps up his war rhetoric against Washington and Seoul. The reports of North Korean soldiers fighting for Russia have also revived discussion on whether countries in Europe should send their own troops to support Ukraine. ""Everyone flips out whenever they talk about European troops going to Ukraine, that it's far too escalatory. And then the Russians just go ahead and bring in outside troops,"" said Phillips O'Brien, a professor of strategic studies at the University of St. Andrews in Scotland. ""The escalation has already happened."" The South Korean intelligence service said last week that North Korea had sent about 1,500 special forces soldiers for training in neighboring Russia on vessels from Russia's Pacific Fleet. Upon arrival, the agency said, they received Russian military uniforms and Russian-made weapons as well as fake identification documents to make it look as if they come from Russia's Far East, where people can resemble North Koreans. The agency told NBC News on Wednesday that it had used AI facial-recognition technology to confirm that a North Korean soldier seen in a photo taken in Ukraine is Ri Song Jin, who also appeared with Kim last year in photos from a visit to a North Korean weapons factory. The agency said the photo showed Ri sitting with a Russian soldier at the launch site for a North Korean missile in Ukraine's Donetsk region. The North Korean missile technicians deployed to frontline areas in Ukraine ""are there to provide support in using the North Korean missiles, to find out technical problems and also to secure additional technologies,"" the agency said. The agency also released satellite images from last week of a training ground in Russia's Far East that it said showed hundreds of North Korean soldiers gathering at military facilities. North Korea's envoy to the U.N. dismissed the accusations as ""groundless rumors"" on Monday. The Kremlin says its cooperation with North Korea is not directed against anyone else. Spokesperson Dmitry Peskov did not directly answer questions about whether North Korean troops were fighting for Russia, saying there was ""conflicting information."" ""South Korea says one thing, then the Pentagon says they have no confirmation of such statements,"" he told reporters on Monday, before Austin's comments. Others have also questioned the reports of North Koreans in Ukraine, with Andriy Kovalenko, the head of Ukraine's Center for Countering Disinformation, warning that Russia could be using them for propaganda purposes. ""There are no North Korean soldiers, yet,"" his office said. North Korea has the world's fourth-largest military with around 1.2 million military personnel, according to the Council on Foreign Relations, a New York-based think tank. The deployment in Ukraine, if confirmed, would mark the North Korean military's first direct involvement in a conflict since the 1950-53 Korean War. Still, their addition would be ""incremental,"" Ledwidge said, with a few thousand troops unlikely to make much difference at all, let alone win the war for Russia. It's more of a political statement to signal the deepening alliance between Moscow and Pyongyang, he said, and would provide a training ground for inexperienced North Korean soldiers, adding to Seoul's worries. ""North Korea gets to bring back home some combat experience,"" he said. The language barrier between Korean-speaking and Russian-speaking soldiers would be another obstacle. ""They're not going to break up the Koreans and stuff them into Russian units,"" O'Brien said. ""It would be a disaster."" ""What we'll see is Korean units acting together as Korean formations. The Korean ones will be in liaison with the Russians, and they will get their orders back and forth,"" he said. The first troops could likely be a ""trial run,"" he said. ""And if it works, well, my guess is they'll be back."" More from NBC News: Trump accuses Britain's ruling Labour Party of election interference DHS has identified more than 600 migrants with possible ties to Venezuelan gang Harris campaign targets Gen Z voters in the final stretch of the election",1648,True,4,False,Politics,2024-10-24,True,12.122222222222222,2024-10-25
https://www.cnbc.com/2024/11/16/what-trumps-proposed-china-tariffs-could-mean-for-apples-profits.html,2024-11-16 08:10:26 PM WIB,What Trump's proposed China tariffs could mean for Apple's profits,"What Trump's proposed China tariffs could mean for Apple's profits. President-elect Donald Trump's tariff strategy could spell bad news for the tech hardware market, but Tim Cook's company might not feel as much of the pain",50,False,1,True,Election Playbook,2024-11-18,True,35.82611111111111,2024-11-19
https://www.cnbc.com/2024/12/10/trump-tariffs-would-add-costs-for-consumers-economist-says.html,2024-12-11 03:45:22 AM WIB,"If Trump adds tariffs, 'either way, there is a cost to consumers,' economist says ","If Trump adds tariffs, 'either way, there is a cost to consumers,' economist says. U.S. consumers would likely see prices increase if President-elect Donald Trump follows through with a plan to levy import tariffs , experts said Tuesday during CNBC's Financial Advisor Summit . ""Either way, there is a cost to consumers,"" said Erica York, senior economist at the Tax Foundation. A tariff is a tax placed on imported goods. Tariffs are paid by U.S. companies that import those goods. Businesses could pass along higher prices to consumers at the store to offset the cost of tariffs, for example, experts said. Tariffs may also reduce business profits, thereby lowering returns for shareholders and perhaps pushing businesses to hold down wages or employment opportunities for workers, York said. ""It is such a company-specific decision,"" she said. In an NBC News interview that aired Dec. 8, Trump said he would fulfill his campaign promise to impose tariffs, but said he couldn't guarantee U.S. households wouldn't pay more because of tariffs. ""I can't guarantee anything,"" Trump said . ""I can't guarantee tomorrow."" Trump imposed tariffs during his first term on washing machines, solar panels, steel, aluminum and a range of Chinese goods, for example. The Biden administration kept many of them intact. Trump has called for a more sweeping tariff regime during his second term. On the campaign trail, he floated the idea of universal tariffs, of up to 20%, on all trade partners, and of at least 60% on Chinese goods. Here's a look at more stories on how to manage, grow and protect your money for the years ahead. Such a policy would raise costs by $3,000 in 2025 for the average U.S. household, according to an October analysis by the Tax Policy Center. Low- and middle-income households ""who might already be living paycheck to paycheck"" would likely see the largest financial impact from tariffs, said Marianela Collado, CEO and senior wealth advisor at Tobias Financial Advisors. In November, Trump also pledged to impose 25% tariffs on Canada and Mexico - the U.S.' largest trading partners - if they didn't address drug trafficking and migration across the border. However, there's considerable uncertainty around how tariffs might be implemented, including the countries and products that are targeted. It's also unclear if Trump has the authority to unilaterally impose universal tariffs, York said. Some market experts aren't convinced Trump means to follow through on his pledges. His various tariff policies are likely ""starting gambits"" meant as leverage to ""coerce"" trading partners during negotiations, said David Zervos, chief market strategist at Jefferies, during the CNBC summit. ""People are trying to take something literal and at [Trump's] word when we know that's not how"" he operates, Zervos said. However, others were less sure of that outcome. ""I hope ... they really are just negotiating tactics,"" said Barbara Doran, CEO and chief investment officer of BD8 Capital Partners. ""But they may not be."" Tariff revenue may be used to help offset the cost of a tax-cut package Republicans are eyeing on Capitol Hill. Trump also nominated Jamieson Greer as his U.S. trade representative; Greer was chief of staff to Trump's former U.S. trade representative, Robert Lighthizer, who was an architect of Trump's first-term tariffs. ""I think it's still a big wild card,"" Doran said of tariffs",750,True,2,False,Your Money,2024-12-11,False,4.243888888888889,2024-12-12
https://www.cnbc.com/2025/02/01/inside-the-planning-for-trumps-new-tariff-war-across-the-us-economy.html,2025-02-01 08:09:09 PM WIB,"Inside the planning for Trump's new tariffs war, from the biggest company to the smallest family business","Inside the planning for Trump's new tariffs war, from the biggest company to the smallest family business. President Trump imposed 25% tariffs on Mexico and Canada on Saturday, and 10% tariffs on China, making a signature campaign promise and core economic philosophy of his administration reality, with implications for everything from oil to autos to the U.S consumer . But for many companies across the economy, the preparations for a new tariffs war began long ago - well before Trump won the 2024 election. From large companies in consumer sectors like Walmart, Columbia Sportswear and Lenovo, to a wide range of critical goods for infrastructure projects, importers moved quickly throughout 2024 to get as much product as they could into the U.S. Conversations with clients on bringing in their products ahead of possible tariffs began as far back as March of last year, says Paul Brashier, vice president of global supply chain at ITS Logistics, with components used in infrastructure projects one of the biggest product segments being brought into the country early. ""A lot of those [infrastructure/construction] budgets were made two or three years ago, and an additional 20% in cost could blow those budgets out of the water,"" Brashier said. ""So you need to get them in before the tariffs so you can protect the bottom line."" Solar panels, backup power supply items, racks, and lithium batteries used in data centers were identified by ImportGenius as some additional items being frontloaded. ""When it comes to the impact of tariffs, companies are very granular and they're very concrete,"" said Josh Teitelbaum, senior counsel of Akin, which has been advising his clients to prepare for swiftness with President Trump's tariff plans and not get bogged down in debates over the efficacy of tariffs as economic policy. ""They're not interested in academic questions about what the principles are and whether or not this specific tool can be theoretically justified to use this particular tariff. They want to know when is it going to impact me and by how much and which products,"" said Teitelbaum, who was involved in the structuring of the Trans-Pacific Partnership, a trade deal that President Trump pulled the U.S. out of during his first time in office. Bringing in products early requires storing them in warehouses, and that incurs additional costs. ""Warehouse costs are folded into the price of a product. In the end, the consumer will pay,"" Brashier said. In the case of infrastructure project equipment storage, companies absorb the cost, but it is better than paying the tariff, he added. While the market's largest companies can afford to bring products in early, a strategy called frontloading, not all companies can afford to do take this approach. ""I don't know what'll happen,"" said Rick Muskat, president of the family-owned shoe retailer Deer Stags, which imports around two million shoes a year, with about 98% of their men's and boy's shoes made in China and sold in Macy's, Kohl's, JCPenney, and on Amazon. A tentative plan for implementation of the new tariffs is Tuesday, though timing remains unclear, with Canadian energy commodities like oil to be hit with tariffs at a lower 10% level. Trump has previously threatened to ultimately impose tariffs of up to 60% on products from China . And the order Trump signed on Saturday includes a retaliation clause threatening further tariff increases should other nations retaliate in any way. Muskat says the company's ""razor-thin margins"" prohibit it from frontloading products, and consumers may ultimately have to pay. ""We'll increase our price,"" Muskat said. ""The retailer will either accept it or won't accept it. If they accept it, they'll increase their price. Then the consumer will be left with no other choice. There will be sticker shock."" Despite claims from President Trump that foreign nations such as China pay for tariffs, Muskat said firms like his bear the brunt of the pain. And he showed CNBC Customs documents to prove it. ""The importer pays the tariff,"" Muskat said. ""The goods are not released by Customs into the American territory until the importer pays the duty, the tariff, the tax. Customs pulls the amount directly out of our checking account. Deer Stags most popular men's shoe sells for $50. If tariffs are imposed, Muskat said that shoe will likely increase to $75. Part of the problem, Muskat explained, is that shoe orders and prices are negotiated approximately seven months in advance of delivery with clients. While Trump has positioned the tariffs as key to growing the U.S. economy, Muskat sees the trade policy as a threat to his family's American Dream of owning a business. ""It does keep me up at night,"" he said. ""We are a family business. We consider the people that work for us, a part of our family. Most of our team has been with us more than 20 years. The only ones who have been with us less than 20 years are the ones we've recently hired to replace people who retired. So they were all part of our family. And we care a lot, and we do what we can to help that situation. So it's concerning what it might do to our family and our broader family."" Safiya Ghori-Ahmad, lead of the global public affairs practice at Apco, who has been advising clients for months already on how to communicate coming price increases to customers, said the impact will be felt more broadly than it was during Trump's first term. ""It's really important that companies talk about the real impact on consumers,"" said Ghori-Ahmad. ""This time around, the tariffs will be more expansive. In addition to China, we'll likely see tariffs with our largest trading partners, Mexico and Canada. These tariffs could include food, the auto sector, furniture, and toys from Mexico."" Even companies that have made moves in recent years to restructure supply chains and manufacturing can't move fast enough with such complicated operations to avoid significant impacts from tariffs. SurfaceArt, which manufactures tile and tile-related products, moved its operations out of China as a result of the 2018 tariffs and spent millions setting up operations in the U.S., but it still did not have enough capacity to meet demand. SurfaceArt has facilities in Vietnam, Spain and Italy to pick up the additional capacity that can't be satisfied by U.S. operations. ""The amount of importing that's necessary to feed the supply for the United States is pretty evident,"" Kevin Stupfel, president of the family-owned company. If a blanket tariff is enacted on imports, a move being contemplated by the Trump administration with various federal departments tasked with preparing a report on potential tariffs within the next 60 days, Stupfel says it is not just companies and business owners, but everyone in the U.S. that needs to get ready. ""The U.S. simply does not have the ability to manufacture the tile that the U.S. market requires. It would affect everyone you know. It would also affect the cost of construction, the cost of building a home, and remodeling."" Watch the video to learn more",1520,True,4,False,State of Freight,2025-02-05,True,83.8475,2025-02-06
https://www.cnbc.com/2025/02/05/could-trumps-tariffs-replace-the-income-tax-what-policy-experts-say.html,2025-02-05 11:43:04 PM WIB,Could Trump's tariffs replace the income tax? Here's what economic policy experts say,"Could Trump's tariffs replace the income tax? Here's what economic policy experts say. As President Donald Trump begins imposing tariffs on imported goods, some experts question his revenue expectations - including the possibility of replacing the federal income tax . During his presidential campaign, Trump floated an ""all tariff policy"" at a June meeting with Republican lawmakers, where he said the plan would allow the U.S. to eliminate income tax . Some policy experts have been skeptical of the idea. ""It's just not a realistic proposal,"" said Alex Durante, senior economist at the Tax Foundation, which analyzed the idea in June. More from Personal Finance: Stockpiling ahead of higher tariffs is a big mistake, experts say As markets absorb tariff news, it's a wake-up call for investors, experts say Tariffs 'slammed shut' the window for interest rate cuts in 2025, economist says While tariffs were a major source of federal revenue during the 19th century, U.S. spending levels have since increased significantly, Durante said. The U.S. federal government in 2023 spent 22.7% of its gross domestic product, which is about 10 times the share of the economy compared with when tariffs were a primary source of revenue, according to the Tax Foundation analysis. ""You can't have 21st century government spending with a 19th century tax system,"" Durante said. Over the past 70 years, tariffs haven't accounted for much more than 2% of total federal revenue annually, according to the Congressional Research Service. During fiscal year 2024, U.S. Customs and Border Protection collected $77 billion in tariffs, which was roughly 1.57% of total federal revenue, the organization reported. However, the bigger issue is the relative size of the tax base from tariffs, compared with individuals paying income tax, according to the Tax Foundation analysis. The Trump administration did not respond to CNBC's request for comment. ""The math doesn't work,"" wrote Erica York, vice president of federal tax policy with the Tax Foundation's Center for Federal Tax Policy. During tax year 2021, the IRS collected about $2.2 trillion from individual taxpayers, the latest IRS data shows. Replacing that would require ""astronomically high tariff rates,"" York wrote. Plus, several factors, including noncompliance and consumers' behavioral changes , could reduce the amount of tariff revenue collected. ""Tariff rates would have to be implausibly high on such a small base of imports to replace the income tax,"" wrote Kimberly Clausing and Maurice Obstfeld, fellows at the Peterson Institute for International Economics, who co-authored a June report on the topic. ""As tax rates rose, the base itself would shrink as imports fall, making Trump's $2 trillion goal unattainable,"" they wrote. Trump on Saturday signed orders to impose a 25% tariff on imports from Canada and Mexico, along with a 10% additional duty on goods from China. He warned Sunday that the European Union could be next . The policy was uncertain Monday after Trump agreed to pause tariffs for at least 30 days in Canada and one month in Mexico . Meanwhile, China on Tuesday imposed retaliatory tariffs on select U.S. imports",660,True,2,False,Personal Finance,2025-02-06,True,8.282222222222222,2025-02-07
https://www.cnbc.com/2025/02/21/la-mayor-karen-bass-removes-fire-chief-over-tensions-during-deadly-blazes.html,2025-02-22 05:33:07 AM WIB,L.A. Mayor Karen Bass removes fire chief over tensions during deadly blazes,"L.A. Mayor Karen Bass removes fire chief over tensions during deadly blazes. Mayor Karen Bass on Friday ousted Fire Department Fire Chief Kristin Crowley amid tensions between the two over the way this year's deadly fires were handled. Bass said that she had decided to fire Crowley ""in the best interests of Los Angeles' public safety, and for the operations of the Los Angeles Fire Department."" ""We know that 1,000 firefighters that could have been on duty on the morning the fires broke out were instead sent home on Chief Crowley's watch,"" the mayor said in a statement. Crowley's removal is effective immediately, the mayor said. More from NBC News: Associated Press sues 3 Trump administration officials, citing freedom of speech Trump spars with Maine's governor at the White House over transgender athletes At town halls, Republicans feel the heat from Trump and Musk's firing and cutting spree Bass also cited Crowley's failure to do ""an after action report on the fires"" after being told to do so by the president of the Fire Commission. ""The Chief refused,"" Bass said. ""These require her removal."" Crowley did not immediately respond to requests for comment Friday. Bass appointed former LAFD Chief Deputy Ronnie Villanueva, a 41-year department veteran, as interim chief. Crowley, a 22-year veteran of the department, was appointed fire chief in 2022. She was the first woman and first LGBTQ chief of the department, which has around 3,750 members. Her ouster comes after Crowley was asked in an interview with L.A. TV station KTTV last month if the city had failed the LAFD. ""Yes,"" she responded. Crowley in that interview said that the fire department is underfunded and that if it had been properly funded, the LAFD would have been better prepared for the Palisades Fire. ""I do believe if we would have set ourselves up appropriately over the past three years, we would have been in a better position of what had happened here, in the city where we lost homes and we lost lives,"" Crowley said. Bass has been questioned about $17.8 million in budget reductions for the LAFD, and has denied that it had any impact on firefighting efforts during the wildfires. ""There were no reductions that were made that would have impacted the situation that we were dealing with over the last couple of days,"" Bass said last month. Crowley has said that she had to make some ""difficult decisions"" as far as firefighter duties in nonemergency situations because of the budget. But she has added that the department was working with Bass. ""We made our adjustments. We're working closely with Mayor Bass. She's supporting us on this,"" Crowley said last month, when the fires first broke out. For weeks, Bass has faced questions about why she was in Ghana to attend the presidential inauguration of John Mahama when the fires started. In her one of her first sit-down interviews since the fires, she defended her decision to travel, telling Los Angeles outlet KABC this week that she was not properly warned about them. ""Because, honest and truly, if I had all of the information that I needed to have, the last thing I would have done was to be out of town,"" she told KABC. Her office also issued a statement to the Los Angeles Times this week that more pointedly directed the blame on Crowley. ""Before other major weather emergencies, the mayor - or at minimum, the mayor's chief of staff - has received a direct call from the fire chief, flagging the severity of the situation,"" a spokesperson for the mayor's office told The Times. ""This time, that call never came."" The catastrophic fires, fed by strong Santa Ana winds that had speeds seen in hurricanes, killed at least 29 people. The Palisades Fire, which tore through the coastal region, destroying neighborhoods, burned more than 23,448 acres, destroyed 6,837 structures and damaged an additional 1,017, according to Cal Fire. It was officially declared fully contained on Jan. 31, more than three weeks after it began. Another massive blaze, the Eaton Fire, also fed by the winds, burned through the Altadena and Pasadena areas in Los Angeles County. It destroyed 9,418 structures and damaged 1,073, many of them century-old homes in Altadena, before also being declared fully contained on Jan. 31. Officials have called the fires and hurricane-force winds one of the worst natural disasters in the history of Los Angeles",946,True,2,False,Politics,2025-02-24,True,50.448055555555555,2025-02-25
https://www.cnbc.com/2025/02/25/cnbc-daily-open-us-takes-aim-at-neighbors-with-tariffs-again.html,2025-02-25 02:30:01 PM WIB,CNBC Daily Open: U.S. takes aim at neighbors with tariffs again,"CNBC Daily Open: U.S. takes aim at neighbors with tariffs again. It's quiet... too quiet. After a few quiet weeks on the tariff front, U.S. President Donald Trump has again set his sights on Canada and Mexico, promising that tariffs paused earlier this month will ""go forward"" next week. Trump signed executive orders on Feb. 1 imposing 25% tariffs on products from Mexico and Canada, as well as 10% duties on Canadian energy. Separately, the row between U.S. federal workers and Elon Musk's Department of Government Efficiency continued after the Office of Personnel Management seemed to undermine Musk's threat to federal workers. Musk's DOGE had sent out an email to all federal workers last week, saying those who fail to submit a list of their recent accomplishments will face a forced ""resignation."" OPM later notified top government human resources officers that responses to the email ""is voluntary."" But Musk then doubled down on his threat, saying in a post on X on Monday night ""Failure to respond a second time will result in termination."" - Lim Hui Jie Trump says tariffs on Canada and Mexico 'will go forward' President Donald Trump said Monday that sweeping U.S. tariffs on imports from Canada and Mexico "" will go forward "" when a monthlong implementation delay expires next week. Trump signed executive orders on Feb. 1 imposing 25% tariffs on products from Mexico and Canada, as well as 10% duties on Canadian energy. OPM undercuts Musk 'resignation' threat, Musk doubles down The federal Office of Personnel Management on Monday undercut a threat by Elon Musk that government workers who fail to submit a list of their recent accomplishments will face a forced ""resignation."" ""OPM also clarified that a non-response to the email does not equate to a resignation,"" according to an internal email sent by the Department of Justice's human resource chief. Musk, in a post on X on Monday night, doubled down on his threat to fire federal employees who fail to submit the list. South Korea cuts rates to lowest since August 2022 South Korea's central bank cut rates rates to 2.75% from 3% on Tuesday, its lowest since August 2022. The central bank said the decision was taken to mitigate downward pressure on the economy, forecasting growth to ""decline significantly."" The BOK cut its 2025 growth outlook to 1.5% from its 1.9% forecast in November, saying domestic demand recovery and export growth are likely to be lower than expected in light of deteriorating economic sentiment and U.S. tariff policies. U.S. markets largely fall U.S. markets mostly slid on Monday, as Trump's tariff threats continued to weigh on investor sentiment. The S&P 500 lost 0.5%, while the Nasdaq Composite fell 1.21%, as shares of major tech companies came under pressure. The Dow Jones Industrial Average eked out a narrow gain of 0.08%. Over in Asia, markets also fell on Tuesday, with Japan's Nikkei 225 leading losses in the region and dropping more than 1%. [PRO] JPMorgan says U.S. investors may be wrong to shrug off Trump's tariff push JPMorgan says U.S. investors may be wrong to brush off tariff concerns, as well as the stock market's high valuations. Mislav Matejka, equity strategist at JPMorgan said investors shouldn't mistake that surprising strength for a bullish signal, especially as the stream of tariff announcements from the White House continues. Anthropic closes in on $3.5 billion funding round as investor interest soars Anthropic is in talks to raise a $3.5 billion funding round, significantly more than the amount previously expected, CNBC has confirmed. The round would roughly triple the artificial intelligence startup's valuation to $61.5 billion, according to two sources familiar with the deal. Lightspeed Venture Partners is leading the funding, with participation from General Catalyst and others, the sources said. » Read more",854,True,2,False,Daily Open,2025-02-26,True,17.49972222222222,2025-02-27
https://www.cnbc.com/2025/03/12/asia-markets-live-stocks-set-to-fall.html,2025-03-12 06:38:23 AM WIB,Asia-Pacific markets trade mixed despite tariff uncertainty and recession fears in the U.S.,"Asia-Pacific markets trade mixed despite tariff uncertainty and recession fears in the U.S. Asia-Pacific markets were mixed on Wednesday, after all three benchmarks on Wall Street whipsawed on uncertainty over U.S. President Donald Trump's tariff plans and fears of a recession in the world's largest economy. The White House confirmed that the 25% tariffs on steel and aluminum would take effect on Canada and other nations from Wednesday state side, but added that Trump no longer plans to raise tariffs on Canadian steel and aluminum imports to 50%. Japan's benchmark Nikkei 225 index ended the day flat at 36,819.09, while the broader Topix index gained 0.91% to close at 2,694.91. Shares in automaker Nissan increased 0.61%, in choppy trade, following an announcement that CEO Makoto Uchida will step down from his position on April 1. He will be replaced by Ivan Espinosa, the company's current chief planning officer. The company had been in talks with Honda Motor to merge and create what would have been the world's third-largest automaker by sales . Discussions on this were terminated, but Honda had reportedly said it was open to resuming merger talks after Uchida steps down. Shares in Honda, meanwhile, fell 0.14%. Japan's annual wholesale inflation hit 4% in February, slowing from the seven-month high of 4.2% the month before . The latest reading is still well above the country's 2% inflation target and raises bets that the Bank of Japan will hike interest rates. Nomura expects the central bank to hike rates by ""25 basis points apiece in July 2025 and January 2026 as a means of adjusting the degree of monetary easing."" This follows expectations for ""a virtuous cycle between wages and prices to edge upwards,"" the investment bank's economists wrote in a Wednesday note. South Korea's Kospi index closed 1.47% higher at 2,574.82, while the small-cap Kosdaq advanced 1.11% to end at 729.49. Hong Kong's Hang Seng Index fell 1.36% in its last hour, while mainland China's CSI 300 lost 0.36% to close at 3,927.23. China's 10-year government bond yield is now hovering at 1.918% and is edging up to the 2% key psychological level . Meanwhile, the 30-year yield was at 2.015%, after it rose above the 2% level on Monday. Tech player Robosense was among the top movers in the Hong Kong market, with shares rising as much as 18.28% at one point. Strong gains were also seen in jewelry chain Chow Tai Fook which advanced as much as 7.15%. Meanwhile, losses in Australia's S&P/ASX 200 widened to 1.32% to end the day at 7,786.20. Elsewhere, India's benchmark Nifty 50 fell 0.55%, while BSE Sensex was down 0.34% as at 1.15 p.m. local time. Speaking at CNBC's CONVERGE LIVE , Ashish Chauhan, managing director and chief executive officer of the National Stock Exchange of India noted that the South Asian powerhouse raised $19.2 billion in listings last year. That ""was the largest in the world,"" he said. So far this year, Chauhan said that the listings on the Indian market are ""still continuing, not with the same speed."" ""If the market comes up ... you will see many more IPOs [initial public offerings] going forward,"" he added. India is expected to release its inflation figures for February later in the day. Economists polled by Reuters expect it to slow to 3.98% from 5.68% in January. Overnight in the U.S., stocks slid stocks slid amid uncertainty over the new tariffs proposed by Trump that were in flux throughout most of Tuesday. The trade policy uncertainty has brought the benchmark to the brink of a correction, which is defined as a decline of 10% from its high. The S&P 500 ended the session 0.76% lower, falling to 5,572.07. At its low of Tuesday's session, the index was 10% below its record close. The Dow Jones Industrial Average lost 478.23 points, or 1.14%, to close at 41,433.48. The Nasdaq Composite slipped 0.18%, closing at 17,436.10. The S&P 500 was in the green at one point during the trading session before Trump declared on Truth Social that Canadian steel and aluminum duties would double to 50% from 25%, effective Wednesday . The president made the move in response to Ontario Premier Doug Ford's surcharge on electricity exported to the U.S. Tim Murray, capital markets strategist at T. Rowe Price's multi‐asset division, expects the ""uncertainty to persist over the near-term as [the Trump] administration continues to take aggressive policy actions to achieve longer-term goals."" These factors ""will likely weigh on growth and market sentiment, and possibly reignite inflation,"" he explained. Still, Murray expects bonds to ""continue to offer support,"" as yields potentially decline in the near-term. Looking ahead, he believes the U.S. Federal Reserve and other central banks ""will likely step in to stabilize growth if the economy and labor markets deteriorate more quickly, with controlling inflation possibly taking a backseat."" CNBC will be hosting ""CONVERGE LIVE,"" an inaugural thought leadership event on March 12-13, 2025, in Singapore, where global business leaders, entrepreneurs, investors and key decision-makers will discuss what it means to innovate and grow by collaborating and sharing ideas across industries. Viewers can watch the live stream of the event and hear from speakers including Singapore's Deputy Prime Minister Kim Yong Gan, Alibaba Group Chairman Joe Tsai, Bridgewater Associates Founder Ray Dalio, and Salesforce CEO, chair, and co-founder Marc Benioff and others here",1289,True,3,False,Asia Markets,2025-03-12,False,1.3602777777777777,2025-03-13
https://www.cnbc.com/2025/03/13/trump-on-us-annexation-of-greenland-i-think-itll-happen.html,2025-03-14 12:32:08 AM WIB,Greenland PM blasts Trump talk of U.S. annexation: 'Enough is enough',"Greenland PM blasts Trump talk of U.S. annexation: 'Enough is enough'. The outgoing prime minister of Greenland blasted talk Thursday by President Donald Trump that the potential annexation of the massive Arctic island by the United States would happen. ""The U.S. president has once again aired the thought of annexing us,"" Prime Minister Mute Egede wrote in a Facebook post. ""Don't keep treating us with disrespect. Enough is enough,"" Egede wrote. The prime minister wrote that he plans to convene a meeting of the chairmen of all Greenland's political parties ""as soon as possible"" to address Trump's comments. ""Because this time we need to tighten our rejection of Trump,"" Egede wrote. The Facebook post came hours after Trump yet again discussed the idea of the U.S. taking over Greenland, which is currently a territory of Denmark. A reporter asked Trump, ""What is your vision for the potential annexation of Greenland."" ""I think it'll happen,"" Trump replied during a meeting in the White House with NATO Secretary General Mark Rutte. Trump said the U.S. needs the island ""for international security."" The president then turned to Rutte and said ""we'll be talking to you"" about the issue. ""It's really an appropriate question,"" the president added. Rutte quickly said, ""When it comes to Greneland, yes or no joining the U.S., I would leave that outside, for me, this discussion, because I don't want to direct NATO in that."" Denmark, like the United States was a founding member of the North Atlantic Treaty Organization, a major international alliance created in 1949 on the heels of World War II. Denmark has controlled Greenland, the world's largest island, since the 14th century. However, Greenland has been self-governing since 1979. On Tuesday, the center-right, pro-business Demokraaitit party won a surprise parliamentary election victory in Greenland, garnering 30% of the vote. The party supports a gradual independence from Denmark. On Wednesday, Democraatit's leader, Jens-Frederik Nielsen, criticized Trump's call in recent weeks for Greenland to become a U.S. territory. ""We don't want to be Americans. No, we don't want to be Danes. We want to be Greenlanders, and we want our own independence in the future,"" Nielsen told Sky News. ""And we want to build our own country by ourselves.""",532,True,2,False,Politics,2025-03-14,False,7.464444444444444,2025-03-17
https://www.cnbc.com/2025/03/17/oecd-cuts-us-and-global-economic-growth-outlooks-as-trumps-trade-tariffs-weigh.html,2025-03-17 05:08:18 PM WIB,U.S. and global economic outlooks cut by OECD as Trump's trade tariffs weigh on growth,"U.S. and global economic outlooks cut by OECD as Trump's trade tariffs weigh on growth. Both U.S. and global economic growth is set to be lower than previously projected as President Donald Trump's proposed tariffs on goods imported to the U.S. weigh on growth, according to the latest estimates from the Organisation for Economic Co-operation and Development. ""Global GDP growth is projected to moderate from 3.2% in 2024, to 3.1% in 2025 and 3.0% in 2026, with higher trade barriers in several G20 economies and increased geopolitical and policy uncertainty weighing on investment and household spending,"" the OECD said Monday in its interim Economic Outlook report. ""Annual GDP growth in the United States is projected to slow from its strong recent pace, to be 2.2% in 2025 and 1.6% in 2026."" In its previous projections, published in December, the OECD had estimated 3.3% global economic growth this year and next. The U.S. economy had been expected to grow 2.4% in 2025 and 2.1% in 2026. Mathias Cormann, secretary-general of the OECD, on Monday said that the uncertainty around trade policy was a key factor in the organization's projections. ""There's a very significant level of uncertainty right now, and you know it is clear that the global economy would benefit from increases in certainty when it comes to the trade policy settings,"" he told CNBC's Silvia Amaro. In its report, the OECD said its latest projections were ""based on an assumption that bilateral tariffs between Canada and the United States and between Mexico and the United States are raised by an additional 25 percentage points on almost all merchandise imports from April."" If the tariff increases were lower, or applied to fewer goods, economic activity would be stronger and inflation would be lower than projected, ""but global growth would still be weaker than previously expected,"" the report noted. Canada and Mexico, both on the receiving end of tariffs imposed by the U.S. , saw their growth outlooks slashed dramatically. Canada's economy is now expected to grow 0.7% this year, down from the previous 2% estimate, and Mexico's is projected to shrink by 1.3% - compared to a previously estimated 1.2% expansion. The OECD also updated its inflation forecast, saying price growth was set to be higher than previously expected, but would ease due to moderating economic growth. ""What we see is that inflation will continue to go down, but that inflation is expected to go down more slowly,"" Cormann told CNBC. ""What we are suggesting is that some of the measures in relation to trade, some of the measures in relation to tariffs, and the related policy uncertainty, certainly are having an impact on inflation."" Headline inflation in the U.S. is now expected to come in at 2.8% in 2025 according to the latest figures, up from the 2.1% December estimate, while the projection for G20 economies has risen from 3.5% in December to 3.8% in Monday's report. ""Core inflation is now projected to remain above central bank targets in many countries in 2026, including the United States,"" the OECD added. OECD head Cormann said central bankers should now ""remain vigilant."" ""Certainly, if inflation expectations remain anchored, we do believe that in even major economies like the United States and the United Kingdom, there is scope for further policy easing,"" he said, but pointed out that in some major economies the pace of inflation easing has slowed or inflation has picked back up. The OECD linked much of its update to economic growth and inflation estimates to geopolitical and trade tensions - issues that have dominated markets in recent weeks and months. ""A series of recently announced trade policy measures will have implications for the economic outlook if sustained,"" the OECD said, pointing to the tariffs imposed, or threatened by, Trump, and potential retaliatory duties imposed by its trading partners. Trump's tariff policies have been marked by uncertainty over recent weeks, as negotiations and retaliation threats continue. The president has flipped-flopped over when tariffs will be imposed, which goods they will apply to and how high they will be, although he insisted last week that he wasn't ""going to bend at all."" ""If the announced trade policy actions persist, as assumed in the projections, the new bilateral tariff rates will raise revenues for the governments imposing them but will be a drag on global activity, incomes and regular tax revenues. They also add to trade costs, raising the price of covered imported final goods for consumers and intermediate inputs for businesses,"" the OECD said. Asked if he agreed with U.S. President Trump's position that his trade policies could involve short-term pain, but long-term benefits for the country's economy, the OECD's Cormann said that lower global economic growth and higher inflation would have ""flow on consequences"" for the U.S. If trade tariffs were reversed, there would be a ""positive impact"" on global growth, and therefore also U.S. economic growth, he said. Cormann said that it was important to keep markets open and ensure they are functional and to have ""rules based trading system in good working order,"" adding that any issues should be resolved through cooperation and dialogue. ""We would encourage everyone to engage with each other and to honestly and openly, work through the issues at hand and try and find the best possible way forward without having to resort to tariffs and other trade restricting measures,"" he said",1186,True,3,False,Economy,2025-03-18,True,14.861666666666666,2025-03-19
https://www.cnbc.com/2025/03/19/european-markets-live-updates-stocks-monetary-policy.html,2025-03-19 02:17:08 PM WIB,European markets close higher ahead of Fed rate decision; German defense stocks fall,"European markets close higher ahead of Fed rate decision; German defense stocks fall. European stocks closed mixed on Wednesday, with monetary policy and Germany's debt reforms in focus",35,False,1,True,Markets,2025-03-20,True,17.714444444444446,2025-03-21
https://www.cnbc.com/2025/03/20/china-keeps-lpr-steady-as-fed-hold-rates.html,2025-03-20 08:01:26 AM WIB,China's central bank follows U.S. Fed in keeping rates steady as tariff threats pressure yuan,"China's central bank follows U.S. Fed in keeping rates steady as tariff threats pressure yuan. China kept its key lending rates unchanged on Thursday, as Beijing juggles propping up growth and stabilizing its currency amid mounting trade frictions. The People's Bank of China held the 1-year loan prime rate at 3.1% and the 5-year LPR at 3.6%, where they have been since a quarter-percentage-point cut in October. The rate decision follows the U.S. Federal Reserve's move to hold benchmark interest rates . Fed officials, however, indicated likely half a percentage point of rate cuts through 2025. China's LPRs - normally charged to banks' best clients - are calculated monthly based on designated commercial lenders' proposed rates submitted to the PBOC. The 1-year LPR influences corporate and most household loans in China, while the 5-year LPR serves as a benchmark for mortgage rates. The PBOC has kept its 7-day rate, the country's main policy rate, steady at 1.5% since a cut in October , as the central bank defends the yuan that faces downward pressure amid threats of higher tariffs. ""Policymakers recognize the country's robust growth momentum while remaining cautious due to persistent pressures ahead,"" said Bruce Pang, adjunct associate professor at Chinese University of Hong Kong, citing risks from trade tensions, Fed's steady policy stance, and Chinese banks' already-thin net interest margins. China's economy showed a modest pick up in the first two months of the year, with retail sales growing 4.0% from a year earlier, faster than the 3.7% rise in December. Industrial output also came in higher than expectations, expanding 5.9% on year. Inflation data, however, underscored the need for more policy support for a sustainable economic recovery. Consumer price inflation in February fell into negative territory for the first time in over a year while producer price deflation persisted. Beijing has made boosting domestic consumption a top policy priority this year to cushion the impact from an escalating trade war overseas. ""With the stronger call to support consumption, there is a growing chance that China will cut rates in the next meeting or so,"" said Gary Ng, senior economist at Natixis. ""If retail and home sales do not improve, especially if inflation stays weak, we may see a rate cut as early as April,"" he added. Following the rate announcement, the yuan was little changed, trading at 7.2280 against the greenback while yield on the 10-year government bonds fell more than 2 basis points to 1.932%. Chinese offshore yuan has regained some ground in recent weeks after hitting a 16-month low in January. It has weakened nearly 1.8% since U.S. President Donald Trump's election win in November. China's top officials have pledged to ramp up monetary easing measures this year, including interest rate cuts ""at appropriate time,"" as Beijing has set an ambitious growth target of ""around 5%."" Goldman Sachs economists in a note earlier this month maintained their forecast for two 20-basis-point cuts in the second and fourth quarter this year. The investment bank also expects two 50-basis-point cuts in the reserve requirement ratio, or RRR, which determines the amount of cash that banks must hold as reserves, in the first and third quarter. Earlier this month, PBOC Governor Pan Gongsheng reiterated that the bank wanted to maintain currency stability at ""a reasonable and balanced level."" Preventing the yuan from weakening too quickly could be seen as a sign of goodwill in the lead up to any negotiation with Trump on a trade deal to put a ceiling on tariffs. While the cuts are yet to materialize, analysts anticipate any policy measures by the PBOC are likely to hinge on Trump's trade policy moves. Trump has slapped new tariffs of 20% on Chinese imports and threatened more as early April. The fresh tariffs are seen straining China's exports, a lone bright spot in the faltering economy. Exports growth in the world's second-largest economy slowed more than expected in January and February, while imports during the two months clocked their sharpest fall since July 2023",884,True,2,False,China Economy,2025-03-21,True,23.976111111111113,2025-03-24
https://www.cnbc.com/2025/03/21/british-pharma-giant-astrazeneca-to-invest-2point5-billion-in-new-china-hub.html,2025-03-21 06:08:48 PM WIB,AstraZeneca to invest $2.5 billion in Beijing hub as it looks beyond Chinese tax probe,"AstraZeneca to invest $2.5 billion in Beijing hub as it looks beyond Chinese tax probe. AstraZeneca on Friday said that it will invest $2.5 billion in a research and development center in Chinese capital Beijing, months after the British pharmaceutical giant faced local regulators' scrutiny over its import duties. The new hub is expected to take AstraZeneca's Beijing workforce to around 1,700 employees. The investment in Beijing comes as part of a partnership with the city's Municipal Government and the Beijing Economic-Technological Development Area Administrative Office, AstraZeneca said. Under the deal, AstraZeneca will enter research and development collaborations with biotech firms Harbour BioMed and Syneron Bio and will launch a joint venture with BioKangtai to develop, produce, and market vaccines for respiratory and other infectious diseases. The partnership with BioKangtai will see the company open its first vaccine manufacturing facility in China. AstraZeneca's Beijing research hub will be the second of its kind in China, as the company already has a research and development center in Shanghai. The Beijing center ""will partner with the cutting-edge biology and AI science in Beijing and be a critical part of our global efforts to bring innovative medicines to patients worldwide,"" CEO Pascal Soriot said in a statement. Shares of AstraZeneca were down by around 0.9% at 12:28 a.m. in London. Speaking to CNBC's Julianna Tatelbaum on Friday, Soriot said that China was a ""fundamental part of innovation in the future,"" but stressed his company's ongoing devotion to its U.S. footprint. ""We are very committed to the United States, we have two very large research and development centers in the U.S.,"" he said. European companies are under pressure to take steps to shield themselves from White House tariffs under the second administration of Donald Trump, who seeks to reduce the U.S.' trade deficits with commercial partners and encourage international production Stateside. Last month, AstraZeneca said it could face a fine from Chinese authorities of up to $4.5 million, in relation to $900,000 million of unpaid import duties. The company said investigations into these allegations were underway in China in its full-year earnings report out in February. ""To the best of AstraZeneca's knowledge, the importation taxes referred to in the Appraisal Opinion relate to [cancer medications] Imfinzi and Imjudo,"" the company said at the time. ""A fine of between one and five times the amount of unpaid importation taxes may also be levied if AstraZeneca is found liable. AstraZeneca continues to fully cooperate with the Chinese authorities. In a Friday interview with CNBC, Soriot said his company's investment in China was ""not connected at all"" to ongoing investigations into business activities there. ""We have been committed to investing in China for a long time. In the last couple of years, we've invested $10 billion in more than 10 R&D partnerships with local biotech companies,"" he said. ""Companies like ours, the size of our company, means that we will face headwinds from time to time, and challenges and issues, and of course we regret having to go through a challenging period like this, but it is not related at all to our investment in Beijing, the two are totally separate. This project started in our minds much earlier than the recent challenges we are facing.""",731,True,2,False,Health & Science,2025-03-24,True,61.85333333333333,2025-03-25
https://www.cnbc.com/2025/03/25/trump-signal-war-plans-texts-waltz.html,2025-03-25 08:16:32 PM WIB,Trump defends advisor Mike Waltz for Signal texts to reporter about Houthi strike,"Trump defends advisor Mike Waltz for Signal texts to reporter about Houthi strike. President Donald Trump on Tuesday said he was not upset with national security advisor Michael Waltz after he reportedly added a journalist to a Signal text thread in which top officials discussed pending military strikes . ""Michael Waltz has learned a lesson, and he's a good man,"" Trump told NBC News in a phone call when asked if he still had confidence in his top national security aide. Trump blamed a lower-level staffer when asked how The Atlantic 's editor in chief, Jeffrey Goldberg , came to be included in a text thread that included Vice President JD Vance and Defense Secretary Pete Hegseth . ""It was one of Michael's people on the phone. A staffer had his number on there,"" the president said. Trump doubled down later Tuesday, telling reporters during a White House meeting that Waltz ""will continue to do a good job"" and that he does not need to apologize. Asked if anyone would be fired over the incident, Trump said, ""We've pretty much looked into it."" Waltz, sitting near Trump in the meeting, denied knowing Goldberg and said that his team is ""looking into and reviewing how the heck he got into this room."" Both men lobbed insults at Goldberg, whose reporting - especially his 2020 article accusing Trump of calling slain U.S. soldiers ""suckers"" and ""losers"" - has long drawn the president's ire. Anna Bross, a spokeswoman for The Atlantic, said in a statement to NBC on Tuesday afternoon that the attacks ""follow an obvious playbook by elected officials and others in power who are hostile to journalists and the First Amendment rights of all Americans."" ""Our journalists are continuing to fearlessly and independently report the truth in the public interest,"" Bross said. Goldberg revealed in a bombshell article Monday that his number on Signal, an encrypted messaging app, had been added on March 13 to a chat thread called the ""Houthi PC small group."" The thread showed participants discussing and debating plans related to U.S. bombing attacks on Houthi targets in Yemen, which were ultimately carried out on March 15. The participants' names appeared to match those of top-level Trump administration officials, including Vance, Hegseth and Waltz, as well as Secretary of State Marco Rubio, Director of National Intelligence Tulsi Gabbard, CIA Director John Ratcliffe and Treasury Secretary Scott Bessent. Goldberg declined to reveal some of the contents of the texts, including the name of one person he described as an ""active intelligence officer."" Goldberg also declined to detail a post from Hegseth that included what the journalist called ""operational details of forthcoming strikes on Yemen, including information about targets, weapons the U.S. would be deploying, and attack sequencing."" A National Security Council spokesman confirmed the authenticity of the Signal group to The Atlantic, saying, ""We are reviewing how an inadvertent number was added to the chain."" At an annual hearing on worldwide threats before the Senate Intelligence Intelligence Committee on Tuesday morning, Gabbard said she was ""not going to get into the specifics"" when aggressively questioned by the panel's top Democrat, Sen. Mark Warner of Virginia. Gabbard and Ratcliffe both testified that the Signal texts did not include any classified information. Warner, after slamming the incident as the latest example of ""sloppy, careless, incompetent behavior"" by the Trump administration, pushed the officials to share the texts with the committee. Gabbard and Ratcliffe did not commit to doing so. But when Sen. Ron Wyden, D-Ore., asked if she would cooperate with an audit to confirm that she has not participated in any other group chats involving classified information, Gabbard said she has ""no objection."" Ratcliffe, asked the same question, said he would ""comply with any follow up that the National Security Council would deem appropriate."" When was asked by Sen. Jon Ossoff, D-Ga., if he agreed that the incident was a ""huge mistake,"" Ratcliffe said, ""No."" Trump and his officials have pushed back on the story, disputing Goldberg's characterization of the thread as ""war plans"" and launching personal attacks on Goldberg himself. ""Nobody was texting war plans. And that's all I have to say about that,"" Hegseth said Monday afternoon. Goldberg responded bluntly. ""That's a lie. He was texting war plans, he was texting attack plans,"" he said of Hegseth in a CNN interview Monday night. White House press secretary Karoline Leavitt echoed the claim that ""no 'war plans' were discussed,"" and denied that any classified material was sent to the Signal thread. In an X post later Tuesday morning, Leavitt said Trump ""continues to have confidence in his national security team, including Mike Waltz."" Criticism over the texting controversy was not limited to Democrats. Rep. Don Bacon, R-Neb., said ""that's baloney"" when asked by reporters about the White House's denial that the thread with Goldberg involved war plans. ""Just be honest and own up to it,"" Bacon said, adding, ""It's a fact"" that classified information was included. ""I think it's pretty clear,"" he said",1114,True,3,False,Politics,2025-03-26,True,11.724444444444444,2025-03-27
https://www.cnbc.com/2025/04/02/europe-markets-live-updates-trump-tariffs-in-focus-for-global-traders.html,2025-04-02 11:32:50 AM WIB,European markets close lower as traders brace for Trump's tariff plans,European markets close lower as traders brace for Trump's tariff plans. European markets closed lower on Wednesday as global traders brace themselves for a raft of fresh U.S. trade tariffs,38,False,1,True,Markets,2025-04-03,True,20.45277777777778,2025-04-06
https://www.cnbc.com/2025/04/03/china-pledges-countermeasures-against-sweeping-us-tariffs-donald-trump.html,2025-04-03 09:30:00 AM WIB,"China urges U.S. to 'immediately' cancel reciprocal tariffs, vows countermeasures","China urges U.S. to 'immediately' cancel reciprocal tariffs, vows countermeasures. China's Ministry of Commerce urged the U.S. to ""immediately cancel"" its unilateral tariff measures and vowed to take ""resolute counter-measures"" to safeguard its own rights and interests, after U.S. President Donald Trump announced what analysts described as the steepest tariff hikes in a century. ""The U.S. has drawn the so-called 'reciprocal tariffs' based on subjective and unilateral assessments, which goes against international trade rules and seriously undermine the legitimate rights and interests of relevant parties,"" a commerce ministry spokesperson said in a statement , translated by CNBC. The Chinese official described the Trump administration's decision to impose reciprocal tariffs as a ""typical unilateral bullying practice,"" adding that many countries have expressed ""strong dissatisfaction and clear opposition."" The statement comes after Trump announced a baseline tariff of 10% on all countries and steeper rates on many countries , including 34% on China, 20% on the European Union, 46% on Vietnam and 32% on Taiwan. The tariff rate will be in addition to the existing 20% tariffs on U.S. imports from China, taking the effective total rate to 54%, effective April 9, closer to Trump's campaign pledge of a 60% tariff. An initial estimate indicated the sweeping measures could raise U.S. average tariff rates to ""levels not seen since the early 20th century,"" said Tai Hui, APAC chief market strategist at JP Morgan Asset Management, cautioning the trade policy announcements could weigh on global growth. The tariff shock for China would be ""significantly higher and more pervasive"" than in trade war 1.0, said Robin Xing, chief China economist at Morgan Stanley. Although Beijing is likely to roll out additional policy support if the tariffs rapidly slow the country's economic growth, such measures may ""only partly offset the tariff shock,"" Xing added. China could suffer an economic hit of 0.5 to 1 percentage point of its gross domestic product, according to estimates by Julian Evans-Pritchard, head of China economics at Capital Economics, depending on its exchange rate levels. Beijing is likely to respond with forceful but proportionate measures which may go beyond tariff increases with steps targeting U.S. companies that rely on the China market, said Stephen Olson, visiting senior fellow at Yusof Ishak Institute in Singapore. ""The U.S. and China are headed for a negotiating table where they'll try to reach some type of a grand bargain on a wide range of issues,"" he said, although he said that things are expected to get worse before they get better. Other countries have joined China in expressing their dissatisfaction with the tariff measures. Canadian Prime Minister Mark Carney said Ottawa will fight the tariffs ""with purpose and with force,"" as his government prepares a full set of counter-measures to be unveiled on Thursday. South Korea's acting President, Han Duck-soo, ordered emergency support measures for industries and businesses that will be impacted, including the automobile industry, ordering officials to actively negotiate with Washington to minimize the impact of additional levies. Separately, Australian Prime Minister Anthony Albanese called Trump's tariffs a ""poor decision"" and said the measures were not an ""act of a friend,"" though he ruled out responding with reciprocal levies against the U.S. Japanese trade ministry said it would set up a task force to study the impact of the new tariffs, which Trump said would amount to 24% for Japan , while leaving all options on the table in responding to the hefty duties. ""We need to decide what is best for Japan, and most effective, in a careful but bold and speedy manner,"" Trade Minister Yoji Muto said at a press conference. A previously announced 25% tariff on imported cars took effect on Thursday, with Japanese auto industry expected to be among the hardest-hit due to its reliance on demand from the U.S. Thailand Prime Minister Paetongtarn Shinawatra said the government will take the lead in devising short-term measures to deal with the impact on manufacturers and exporters from the 36% new tariff, while planning to negotiate with the U.S. The European Union said it's readying further countermeasures if negotiations with the U.S. fail, President Ursula von der Leyen said at a livestreamed broadcast, while adding that the EU is ready to support efforts to make the global trading system fairer",935,True,2,False,Asia Economy,2025-04-06,True,70.5,2025-04-07
https://www.cnbc.com/2025/04/03/family-offices-are-moving-money-out-of-the-us-on-tariff-economic-fears-.html,2025-04-03 09:23:52 PM WIB,"Family offices are moving money out of the U.S. on tariff, economic fears ","Family offices are moving money out of the U.S. on tariff, economic fears. Even before President Donald Trump's bombshell tariff announcement Wednesday afternoon, family offices are rethinking their investments in the U.S",48,False,1,True,Inside Wealth,2025-04-06,True,58.602222222222224,2025-04-07
https://www.cnbc.com/2025/04/04/european-markets-open-to-close-tariff-turmoil-rocks-global-trade.html,2025-04-04 01:28:07 PM WIB,European shares close sharply lower after China slaps retaliatory tariffs on U.S.,"European shares close sharply lower after China slaps retaliatory tariffs on U.S. European stock markets closed sharply lower Friday, with investors still reeling from the scale of U.S. tariffs announced this week",45,False,1,True,Markets,2025-04-06,True,42.53138888888889,2025-04-07
https://www.cnbc.com/2025/04/04/wall-street-milestone-actively-managed-etfs-hit-1-trillion.html,2025-04-04 06:00:02 PM WIB,Actively managed ETFs hit $1 trillion milestone: Why tariff uncertainty may spark more growth ,"Actively managed ETFs hit $1 trillion milestone: Why tariff uncertainty may spark more growth. It's milestone month for the exchange-traded fund industry. Actively managed ETFs now have more than $1 trillion in assets under management, according to independent research firm ETFGI. That's roughly the market cap of Berkshire Hathaway , Saudi Arabia's gross domestic product and the value of 121 New York Yankees franchises. The ETF Store's Nate Geraci thinks it will grow even bigger due to the appetite for new active investing strategies. ""It's interesting for an industry where the roots are passively managed products. That's what the industry was built on,"" the firm's president told CNBC's ""ETF Edge"" this week. "" It's interesting to see active ETFs getting all of the attention right now."" Geraci finds most of the flows are going into ""much more systemic strategies,"" including a combination of passive and aggressive. ""When you look at the growth in the number of actively managed ETFs out there ... these aren't what you necessarily think of as traditional active,"" he added. ""It is products like options-based income ETFs [and] buffer ETFs."" Actively managed ETFs now comprise almost one-tenth of the ETF industry, according to VettaFi's Kirsten Chang. In a special email to CNBC, Geraci said he thinks increased uncertainty tied to President Donald Trump's tariffs will spark even more interest. "" Worries were mounting about the concentration risk in market-cap-weighted indices and stretched valuations . Now, toss in this latest chaos surrounding tariffs, and the environment appears ripe for active ETFs,"" wrote Geraci. ""Any time there is increased uncertainty and market volatility, some investors and financial advisors will simply feel better having an active manager at the wheel to help navigate .""",398,False,1,False,ETF Edge,2025-04-06,True,37.99944444444444,2025-04-07
https://www.cnbc.com/2025/04/04/toy-prices-trump-tariffs-china-vietnam.html,2025-04-04 07:38:34 PM WIB,"Toy prices could jump 50% following Trump's tariffs on China, Vietnam","Toy prices could jump 50% following Trump's tariffs on China, Vietnam. The toy aisle is about to get more expensive. President Donald Trump expanded his trade war this week, placing a 10% baseline tariff on almost every country and much steeper levies on dozens of others. Among those hit with higher tariffs were China and Vietnam - two nations that are vital to the domestic toy industry. For decades, U.S. toy companies have worked with Chinese manufacturers to bring the hottest action figures, dolls and games to retail shelves. Vietnam became a solid secondary market for companies looking to diversify their factory locations amid growing trade tensions between Washington and Beijing. Trump slapped China with an additional 34% duty Wednesday, bringing the total tax on goods from the nation to 54%, and hit Vietnam with a 46% tariff. The levy is far higher than what toy companies expected and could lead to massive price hikes on toys, industry experts said. ""Everyone is really in scramble mode,"" Greg Ahearn, president and CEO of The Toy Association, told CNBC. ""This is going to have massive negative repercussions for the consumer and for our industry."" Adding to the tensions, China is set to impose a retaliatory 34% levy on all U.S. products, its commerce ministry announced Friday. ""I think the Vietnam situation will be a little bit easier to negotiate, as far as I think we will see the Vietnamese country and government come to the table quicker than China trying to resolve any trade disputes,"" said Curtis McGill, co-founder of Hey Buddy Hey Pal, which makes the Eggmazing Egg Decorator, a crafting tool that spins eggs so kids can use markers to color them. ""They're just not in a place where they can stand losing much of the business."" Around 77% of toys imported into the United States come from China, according to data from The Toy Association. Vietnam is third, just behind Mexico. Trump previously placed a 25% tariff on goods from Mexico that aren't compliant with the United States-Mexico-Canada Agreement. Hasbro and Mattel , leaders in the toy space, both incorporated a 20% tariff impact from China in their guidance projections for 2025 and had strategies in place to shift production to other countries, like Vietnam, Indonesia and India, all three of which were also hit with tariffs - 46%, 32% and 26%, respectively. ""As a result, relocating production may not be financially viable,"" wrote Eric Handler, analyst at Roth, in a research note to investors published Thursday. ""The consumer should soon see price increases to partially offset the tariff impact."" Hasbro and Mattel report first-quarter earnings this month, and Handler said investors will likely see guidance cuts from both companies. Toy companies have already been slammed on Wall Street in the wake of the tariff announcement. Mattel shares fell more than 16.5% in Thursday trading, Hasbro lost more than 12% and Funko , which also has manufacturing in China and Vietnam, saw its stock plummet 18%. While Handler expects companies to try and lower costs through contract renegotiations with manufacturers and, perhaps, even altering packaging to improve margins, he said there is little doubt that consumers will bear the brunt of Trump's duties. ""You could have anywhere from 35% to potentially even a point-for-point price increase on products depending upon what margin those products run at,"" The Toy Association's Ahearn said. ""It may actually just be a 50% price increase, given it's a 54% tariff."" Most toy margins are in the high single digits, he noted. So, there is very little wiggle room for companies to absorb these fees. ""There's no place for it to go, but to the consumer,"" Ahearn said, noting that The Toy Association expects price hikes to coincide with this year's back-to-school season. ""The greatest budgetary impact on are the folks, unfortunately, who can afford it the least,"" he said",835,True,2,False,Entertainment,2025-04-06,True,36.35722222222222,2025-04-07
https://www.cnbc.com/2025/04/08/treasury-secretary-bessent-says-chinas-escalation-was-big-mistake-country-playing-with-losing-hand.html,2025-04-08 06:22:16 PM WIB,"Treasury Secretary Bessent says China's escalation was 'big mistake,' country playing with 'losing hand'","Treasury Secretary Bessent says China's escalation was 'big mistake,' country playing with 'losing hand'. Treasury Secretary Scott Bessent said Tuesday the U.S. holds a substantial advantage over China as the two nations exchange threats in a burgeoning trade war. ""I think it was a big mistake, this Chinese escalation, because they're playing with a pair of twos,"" Bessent said during an interview on CNBC's "" Squawk Box ."" ""What do we lose by the Chinese raising tariffs on us? We export one-fifth to them of what they export to us, so that is a losing hand for them."" The comments come a day ahead of the U.S. raising its duties on China and dozens of other nations as part of so-called reciprocal tariffs whose purpose, Bessent said, is to bring trading partners to the negotiating table and jobs back to the U.S. So far, he said Japan has been at the forefront of countries eager to negotiate, and the White House expects a multitude of others. ""I think you are going to see some very large countries with large trade deficits come forward very quickly,"" Bessent said. ""If they come to the table with solid proposals, I think we can end up with some good deals."" Ultimately, the hope would be to generate both jobs and revenue from the tariffs, he added. ""If we put up a tariff wall, the ultimate goal would be to bring jobs back to the U.S. But in the meantime, we will be collecting substantial tariffs,"" Bessent said. ""If we're successful, tariffs would be a melting ice cube, in a way, because you're taking in the revenues as the manufacturing facilities are built in the U.S., and there should be some level of symmetry between the taxes we begin taking in with the new industry from the payroll taxes as the tariffs decline."" While he said some 70 countries have reached out to the White House to begin talks, China has vowed it will ""fight to the end"" and has imposed 34% tariffs on U.S. products. In return, President Donald Trump said he will slap another 50% charge on Chinese imports if the tariff is not withdrawn. The U.S. in 2024 ran a nearly $300 billion trade deficit with China, or about one-third of the entire imbalance. With the tariffs, Trump is hoping to open up more markets for American products and reshore manufacturing operations to the U.S. However, the administration is not simply focusing on absolute tariff levels from other nations but rather nontariff barriers such as currency manipulation, Europe's value-added tax and other methods the White House says undermine fair trade. ""Everything is on the table,"" Bessent said. ""The academic literature shows that it's actually the nontariff barriers which are harder, both harder to quantify and ... they're more insidious because they're hidden, they're obfuscated."" Stock market futures, which already had been indicating a strong open on Wall Street, added to gains after Bessent spoke. Get Your Ticket to Pro LIVE Join us at the New York Stock Exchange! Uncertain markets? Gain an edge with CNBC Pro LIVE , an exclusive, inaugural event at the historic New York Stock Exchange. In today's dynamic financial landscape, access to expert insights is paramount. As a CNBC Pro subscriber, we invite you to join us for our first exclusive, in-person CNBC Pro LIVE event at the iconic NYSE on Thursday, June 12. Join interactive Pro clinics led by our Pros Carter Worth, Dan Niles and Dan Ives, with a special edition of Pro Talks with Tom Lee. You'll also get the opportunity to network with CNBC experts, talent and other Pro subscribers during an exciting cocktail hour on the legendary trading floor. Tickets are limited!",819,True,2,False,Markets,2025-04-09,True,13.62888888888889,2025-04-11
https://www.cnbc.com/2025/04/09/european-union-approves-first-set-of-retaliatory-tariffs-on-us-imports.html,2025-04-09 08:18:42 PM WIB,European Union approves first set of retaliatory tariffs on U.S. imports,"European Union approves first set of retaliatory tariffs on U.S. imports. The European Union on Wednesday voted to approve its first set of retaliatory measures to counter tariffs imposed by the U.S. on steel and aluminum . The European Commission, the bloc's executive arm, said duties would start being collected on a first tranche of tariffs on U.S. imports from April 15, with a second set of measures following on May 15. According to a draft document seen by CNBC in March, the tariffs target a wide range of goods, including poultry, grains, clothing and metals. The EU has not released a final list of impacted products, and declined to comment further on Wednesday. The 27-nation bloc had warned it would act to protect European business and consumers after U.S. President Donald Trump imposed 25% duties on the metals. ""The EU considers US tariffs unjustified and damaging, causing economic harm to both sides, as well as the global economy. The EU has stated its clear preference to find negotiated outcomes with the US, which would be balanced and mutually beneficial,"" the European Commission said. ""These countermeasures can be suspended at any time, should the US agree to a fair and balanced negotiated outcome,"" the EC said in a statement. The EU also faces tariffs of 20% on almost all its U.S. imports, as part of Trump's targeting of more than 180 countries and territories, as announced by the White House leader on April 2. European Commission President Ursula von der Leyen at the time said the EU was ready to retaliate unless negotiations with the U.S. administration were successful. ""We are prepared to respond,"" she said, adding that the EU was preparing for further countermeasures to protect its interests and businesses. But, von der Leyen also called for talks with the U.S., saying it was ""not too late to address concerns through negotiations."" Maros Sefcovic, the EU's commissioner for trade and economic security, said Monday that the U.S. tariffs are impacting 380 billion euros ($420.45 billion) worth of Europe's exports to the United States, amounting to around 70% of total exports. ""To put it in perspective, that's over 80 billion euros in duties, an eleven-fold jump from the 7 billion [euros] the U.S. currently collects,"" he added. Countries around the world are scrambling to formulate their response to the duties, which have sparked global market chaos . China - slapped with a total tariff on its goods of 104% - on Wednesday announced tariffs on U.S. goods entering China would rise to 84% from 34% starting April 10",565,True,2,False,Politics,2025-04-11,True,35.68833333333333,2025-04-12
https://www.cnbc.com/2025/04/10/trump-trade-war-uncertainty-threatens-us-oil-production.html,2025-04-10 09:34:19 PM WIB,Trump trade war uncertainty threatens U.S. oil production,"Trump trade war uncertainty threatens U.S. oil production. President Donald Trump 's trade war has thrown the oil market into deep uncertainty, triggering wild swings in crude prices, undermining investor confidence and jeopardizing domestic production. U.S. crude oil hit a low of $55.12 on Wednesday, down 23% from the closing price on April 2 when Trump announced his sweeping plan to slap tariffs on more than 180 countries . The rapid pullback in prices threatens the president's ""drill, baby, drill"" agenda as companies will struggle to boost output at profit. But West Texas Intermediate staged a comeback after Trump suddenly reversed course Wednesday, announcing a 90-day pause on high tariffs for most trade partners with the exception of China. The U.S. benchmark swung 13% intraday from its session low to close at $62.35 in response. Trump's decision to lower tariffs to 10% for most countries gave the market a temporary reprieve from fears of a spiraling trade war. But U.S. oil producers face an environment of ""extreme uncertainty"" that will make them hesitant about investment decisions, said Jim Burkhard, head of oil market research at S&P Global Commodity Insights. U.S. crude oil fell more than 4% on Thursday to under $60 a barrel as traders focused on Trump's decision to hike tariffs on China to an eye-watering 125%. And it's unclear how negotiations with the dozens of countries that have gotten a reprieve will pan out. ""There's a pause - the uncertainty has not gone away,"" Burkhard said of Trump's reversal. ""Confidence about the future is weaker now than it was a month ago and prices are lower."" ""Can the U.S. negotiate with 70 countries all at once? I don't think the chaos is over,"" he said. Trump's on-again, off-again approach to tariffs is causing real damage, said Susan Bell, senior vice president of commodity markets at Rystad Energy. The safest option in times of uncertainty for asset-based businesses like oil companies is to reduce capital expenditures, Bell said. ""There's a loss of confidence, not just in investment in the shale industry, but really investment in the United States,"" she said. Shale oil companies have driven the rapid growth of the U.S. into the world's largest crude producer. These companies currently need U.S. crude prices to average at least $65 per barrel to drill new wells at a profit, according to executives at 81 companies surveyed by the Federal Reserve Bank of Dallas. U.S. crude prices in the low $60s is the zone where companies may start drilling less over the next six months, Burkhard said. Producers will increasingly have to decide either to reduce lucrative returns for shareholders or scale back their activity in the oil patch, he said. Some 50 rigs could get cut immediately with more potentially on the chopping block if prices remain at these levels, Bell said. Goldman Sachs has lowered its price forecast for WTI to $58 by December 2025 and $51 by the end of next year. U.S. onshore oil growth would flatline if crude falls to range of $50 to $55 per barrel for a sustained period, said Walt Chancellor, an energy strategist at Macquarie Group. Shale companies also face the threat of Trump's steel tariffs potentially increasing the cost of new wells by 10%, Bell said. The companies would need even higher oil prices to drill new wells profitably, she said. ""It adds to costs at the time that ... oil prices are falling - it's another hit,"" Burkhard said of the steel tariffs. U.S. shale producers were scathing in their criticism of Trump's tariff policy in anonymous responses to the Dallas Fed Energy Survey published in March. One executive said, ""the administration's chaos is a disaster for the commodity markets."" Trump's call to ""drill, baby, drill"" is a ""myth and a populist rallying cry,"" the executive said. The president's ""tariff policy is impossible for us to predict and doesn't have a clear goal,"" the person said, calling for ""stability."" ""I have never felt more uncertainty about our business in my entire 40-plus-year career,"" another executive told the Dallas Fed. U.S. Energy Secretary Chris Wright acknowledged Tuesday that tumbling prices will worry oil producers. Wright, founder and former CEO of natural gas fracking company Liberty Energy, contended that Trump will drive down producers' costs by removing uncertainty around permitting and approving more pipelines and export terminals, allowing them to pump at lower prices. ""Lower prices are good for consumers, and as producers get lower and lower cost structure, they're going to thrive at lower prices as well,"" Wright told CNBC's ""Money Movers."" ""What you're seeing right now is the fear and uncertainty as the sausage is being made,"" he said of Trump's tariff policy. The unpredictability caused by Trump's tariffs has also hit the stock of the company Wright founded. Liberty's shares are down 32% since April 2. Get Your Ticket to Pro LIVE Join us at the New York Stock Exchange! Uncertain markets? Gain an edge with CNBC Pro LIVE , an exclusive, inaugural event at the historic New York Stock Exchange. In today's dynamic financial landscape, access to expert insights is paramount. As a CNBC Pro subscriber, we invite you to join us for our first exclusive, in-person CNBC Pro LIVE event at the iconic NYSE on Thursday, June 12. Join interactive Pro clinics led by our Pros Carter Worth, Dan Niles, and Dan Ives, with a special edition of Pro Talks with Tom Lee. You'll also get the opportunity to network with CNBC experts, talent and other Pro subscribers during an exciting cocktail hour on the legendary trading floor. Tickets are limited!",1244,True,3,False,Energy,2025-04-11,True,10.428055555555556,2025-04-12
https://www.cnbc.com/2025/04/10/ceo-adds-a-trump-tariff-surcharge-to-products-from-china.html,2025-04-10 11:00:49 PM WIB,CEO adds a ‘Trump tariff surcharge’ to products from China: ‘I want people to understand how it impacts us’,"CEO adds a 'Trump tariff surcharge' to products from China: 'I want people to understand how it impacts us'. American business owners are struggling to keep up with fast-changing tariff policies, and some are already responding by raising their prices. Dame, a sexual wellness brand, is putting what it calls a ""Trump tariff surcharge"" of $5 on all of its vibrators, which it imports from China. The fee won't cover the increased cost of manufacturing, Dame CEO Alexandra Fine told CNBC Make It. But it will signal to consumers that businesses like Dame are being affected, she says. ""So we've made the tough call to adjust prices to be able to keep bringing you the quality, body-safe products you love,"" Dame captioned an Instagram post about the surcharge. ""We're adding $5 for now-which doesn't cover the full cost as we hate to put the brunt of this on you-while we figure out what to do next."" ""I want people to understand how it impacts us,"" Fine says. ""We are renegotiating again with our manufacturers. We are adjusting our logistics. We are changing our inventory."" Tariffs are paid by importing companies, which can increase costs for businesses. On Wednesday, President Donald Trump announced he was raising the U.S. tariff rate on Chinese imports from 104% to 125% ""effective immediately."" That comes on top of a 20% fentanyl-related tariff that the Trump administration previously imposed on China, bringing the total effective rate to a whopping 145%, a White House official confirmed to CNBC . China earlier Wednesday said it would increase its tariff rate for imports from the U.S. to 84%. Due to the rapid changes in tariff rates on China, Fine says Dame has had to go back to its manufacturer a few times to settle on pricing. Other companies are warning shoppers that price hikes are imminent. Clothing brand Miista sent an email on Wednesday saying the then-additional 20% tariff on European goods would raise the company's costs and likely affect shoppers starting in May. The company said it would try its best to increase consumer prices as little as possible. Brooklyn-based handbag retailer Hyer Goods announced on April 3 that its Italian-made products would cost 20% more starting April 15. ""Raising prices is never something we want to do, but with these new tariffs, it has become unavoidable,"" a statement said. The EU was hit with 20% tariffs when Washington issued what it called ""reciprocal"" duties on trade partners on April 2. The levy has been reduced to 10% for 90 days following Trump's Wednesday announcement. Changing tariff rates have made it hard for Dame to ""commit to a price,"" Fine says. And retailers like Target and Walmart, which carry Dame vibrators, ask for 60 to 90 days notice of a price change, she says. The amount of labor that goes into renegotiating prices for each store is also costly, Fine explains, since a price that makes sense today might not make sense tomorrow. ""Ideally, I try not to do work that might not be relevant in two weeks, but it's not possible right now so we are just trying to stay agile and ahead of it and make decisions,"" she says. ""It is so much paperwork."" For now, shoppers purchasing Dame vibrators can expect to pay an extra $5, a price increase of 3% to 5% depending on the product, but Fine says she doesn't know how changing tariffs will affect her business. ""One thing all entrepreneurs know is the stability of the future is always an illusion,"" Fine says. ""You plan based on the knowledge you have."" Want a new career that's higher-paying, more flexible or fulfilling? Take CNBC's new online course How to Change Careers and Be Happier at Work . Expert instructors will teach you strategies to network successfully, revamp your resume and confidently transition into your dream career. Start today and use coupon code EARLYBIRD for an introductory discount of 30% off $67 (+taxes and fees) through May 13, 2025. Plus,",873,True,2,False,Make It - Start-ups,2025-04-11,True,8.98638888888889,2025-04-12
https://www.cnbc.com/2025/04/10/trumps-new-tariff-on-china-is-more-of-an-embargo-jim-cramer-says.html,2025-04-11 05:41:33 AM WIB,"Trump's new tariff on China is 'more of an embargo,' Jim Cramer says","Trump's new tariff on China is 'more of an embargo,' Jim Cramer says. CNBC's Jim Cramer on Thursday told investors that President Donald Trump 's new duty on China is so steep it's ""more of an embargo,"" saying most businesses won't pay for such a markup. ""As much as I sympathize with what President Trump is trying to do here - and I do - we simply aren't ready yet for this,"" he said. ""As a nation, shamefully, we've gotten addicted to cheap Chinese imports."" Stocks plummeted during Thursday's session as investors' trade anxiety returned, with many reeling after the White House revealed the cumulative tariff rate on Chinese imports effectively stands at 145%. The indexes retreated from Wednesday's historic rally that was triggered when Trump announced a 90-day pause on dramatic tariff increases for a slew of U.S. trading partners. By close, the S&P 500 declined 3.46%, the Nasdaq Composite slid 4.31% and the Dow Jones Industrial Average shed 2.5%. Cramer stressed that the U.S. receives a host of products across industries from China, including equipment for computers, phones, video games, batteries, furniture, plastics, toys, sports and games. Some major U.S. companies manufacture heavily in China, he continued, naming Apple , Hewlett Packard Enterprise , Dell and HP Inc . The two countries' economies are deeply intertwined, he continued. U.S. businesses will suffer from these tariffs, Cramer said, adding ""we'll survive, but it's incredibly disruptive, very inflationary."" While he suggested it is possible for the U.S. to find alternative sources for some products, it's not realistic for that to happen in a short amount of time. ""I'm sure we can live without China, really,"" he said. ""But America will be a far more expensive place with lots of unemployment and reliance on other countries outside of China."" The White House did not immediately respond to request for comment",441,False,1,False,Mad Money,2025-04-11,False,2.3075,2025-04-12
https://www.cnbc.com/2025/04/23/trump-considering-exemption-for-automakers-on-some-tariffs-white-house-says.html,2025-04-24 03:47:03 AM WIB,"Trump considering exemption for automakers on some tariffs, White House says","Trump considering exemption for automakers on some tariffs, White House says. President Donald Trump is considering exemptions for automakers from some tariffs announced by his administration, the White House confirmed Wednesday to CNBC's Eamon Javers. The confirmation follows a Financial Times report that Trump is planning to exempt auto parts from tariffs on imports from China that Trump imposed to counter fentanyl production as well as levies on steel and aluminum. The exemption would be separate from 25% tariffs on imported vehicles as well as 25% tariffs on imported auto parts that is scheduled to take effect by May 3, the FT reported. Shares of many automakers and suppliers were marginally higher Wednesday in after-hours trading. Separately on Wednesday, Trump reportedly said a 25% tariff imposed on cars imported from Canada to the U.S. could go up. ""When I put tariffs on Canada - they're paying 25% - but that could go up, in terms of cars,"" Trump told reporters in the Oval Office. ""All we're doing is we're saying, 'We don't want your cars, in all due respect. We want, really, to make our own cars.'"" Automakers and auto policy groups have been lobbying Trump for some relief on tariffs, which have been stacking up on the automotive industry. Trump exempted autos from his so-called ""reciprocal"" geographical tariffs that would put steep duties on imports from dozens of countries. But the auto industry is still facing 25% levies on steel and aluminum as well as a 25% tariff on all imported vehicles into the U.S. The tariff on auto parts set for May 3 would be in addition to those other duties. Any exemptions or ""de-stacking"" of those various rates would be welcomed by automotive executives. In particular, the upcoming tariffs on auto parts have industry officials worried about the compounding costs . This week six of the top policy groups representing the U.S. automotive industry uncharacteristically joined forces to lobby the Trump administration against implementing the upcoming tariffs on auto parts. ""President Trump has indicated an openness to reconsidering the administration's 25 percent tariffs on imported automotive parts - similar to the tariff relief recently approved for consumer electronics and semiconductors. That would be a positive development and welcome relief,"" the groups set in a letter to Trump officials. The groups - representing franchised dealers, suppliers and nearly all major automakers - said the upcoming levies could jeopardize U.S. automotive production and noted many auto suppliers are already ""in distress"" and wouldn't be able to afford the additional cost increases, leading to broader industry problems. General Motors CEO Mary Barra, echoing concerns of other executives, said Wednesday that the automaker needs clarity and consistent regulations to better compete. ""First of all, I need clarity, and then I need consistency,"" Barra said during Semafor's World Economy Summit . ""To make those investments and to be good stewards of our owner's capital, I need to understand what the policy is."" Barra said GM has made some shifts in response to evolving trade policy, but doesn't plan on making any ""significant changes"" until there's clarity on U.S. regulations",671,True,2,False,Autos,2025-04-24,False,4.215833333333333,2025-04-25
https://www.cnbc.com/2025/04/24/europe-can-assert-itself-as-superpower-amid-tariffs-ecbs-kazks.html,2025-04-24 09:11:30 PM WIB,"Tariffs give Europe an opportunity to assert itself as a superpower, central bank governor says","Tariffs give Europe an opportunity to assert itself as a superpower, central bank governor says. The uncertainty around trade tariffs is complex but a period of uncertainty also provides Europe with an opportunity to assert itself as an economic and geopolitical superpower, the governor of the Bank of Latvia told CNBC Thursday. ""With all this uncertainty and vulnerability, this is also the time of opportunities for Europe,"" said Mārtiņš Kazāks, who is also a member of the governing council of the European Central Bank. ""It's a time for Europe to grasp all the aspects of being an economic superpower and becoming a really fully-fledged political and geopolitical superpower, and this requires doing all the decisions that in the past, were not carried out fully,"" after the global financial crisis, he said. The central bank chief cited a capital markets union, fiscal union and a single market in services as examples of further integration that were needed. ""This requires political will, political guts to make those decisions, and to strengthen the European economy and assert its place in a global world,"" Kazāks told CNBC's Carolin Roth on the sidelines of the IMF-World Bank spring meetings in Washington this week. When asked what tariffs mean for the ECB, which implemented a 25-basis-point interest rate cut at its April meeting, Kazāks said decisions would be taken ""from meeting-to-meeting because of this very poor visibility."" ""The uncertainty is very hard,"" he noted, adding that ""it's certainly a very vulnerable situation for the global economy."" ""The [political] statements, the policy decisions and the political environment and especially the tariff war are what's creating this extremely elevated uncertainty."" Kazāks said financial markets should be monitored very carefully for any dramatic shifts in sentiment. ""So far it seems to be relatively orderly ... but if one looks at the spillovers to Europe, the financial markets are working more or less fine, we haven't seen spreads exploding or anything like that,"" he said. ""But in terms, however, of the macro scenarios, this uncertainty is extremely elevated in the sense that, given the possible outcomes, the multiple scenarios and their probabilities are very similar with the baseline [tariff] scenario,"" he said. Although the initial duties announced in early April by U.S President Donald Trump, as well as the EU's retaliatory countermeasures, were paused for 90 days until July , there are concerns over the wider impact on regional and global economic growth once that period ends. The IMF earlier this week forecast that U.S. gross domestic product would expand 1.8% in 2025 , down 0.9 percentage points from its January forecast. The fund also cut its global growth forecast to 2.8% this year, down 0.5 percentage points from its previous estimate. The fund predicted a slight decline in the euro zone, forecasting that euro area GDP will hit 0.8% in 2025, before picking up modestly to 1.2% in 2026. Kazāks said the IMF's forecasts were on the optimistic side, and that the risk of global recession was ""not trivial.""",666,True,2,False,Europe Economy,2025-04-25,True,10.808333333333334,2025-04-28
https://www.cnbc.com/2025/04/26/trump-russia-zelenskyy-pope-funeral.html,2025-04-26 10:13:36 PM WIB,"Trump floats tougher Russia sanctions, meets Zelenskyy for first time since Oval Office blowup","Trump floats tougher Russia sanctions, meets Zelenskyy for first time since Oval Office blowup. U.S. President Donald Trump on Saturday floated the possibility of stronger sanctions on Moscow and questioned whether Russian President Vladimir Putin wants to ""stop the war"" against Ukraine. Trump's social media post about Putin came just after he and Ukrainian President Volodymyr Zelenskyy met in Rome for their first in-person session since an Oval Office sitdown that devolved into a shouting match . They met just before the funeral of Pope Francis . ""There was no reason for Putin to be shooting missiles into civilian areas, cities and towns, over the last few days,"" Trump wrote on Truth Social. Vice President JD Vance posted Trump's statement on his X account. ""It makes me think that maybe he doesn't want to stop the war, he's just tapping me along, and has to be dealt with differently, through ""Banking"" or ""Secondary Sanctions?"" Too many people are dying!!!"" Trump said. The White House said that Trump and Zelenskyy ""had a very productive discussion,"" but did not include additional details on what was discussed. Zelensky said that it was a ""good meeting,"" adding: ""Very symbolic meeting that has potential to become historic, if we achieve joint results."" Trump's remarks come as he's increasing pressure for the two countries to strike a peace deal. Earlier this week, Trump presented the two countries with an offer to end the war. The deal reportedly included, in part, recognition of Crimea under Russian control, which Zelenskyy has repeatedly said is a red line. In his Truth Social post on Saturday, Trump said Russia stole Crimea from Ukraine, a rare acknowledgement from the U.S. president that Russia illegally annexed the region. Trump took aim at former U.S. President Barack Obama and suggested that he ""made it possible for Russia to steal Crimea from Ukraine without even a shot being fired."" Trump told TIME earlier this month that ""Crimea will stay with Russia,"" adding: ""Zelenskyy understands that, and everybody understands that it's been with them for a long time. It's been with them long before Trump came along."" After his comments, Zelenskyy reiterated that Crimea belongs to Ukraine. Meanwhile, Trump said Friday that Russia and Ukraine are ""very close to a deal, and the two sides should now meet, at very high levels, to 'finish it off.' "" He wrote on Truth Social that ""most of the major points are agreed to.""",536,True,2,False,Politics,2025-04-28,True,33.77333333333333,2025-04-29
https://www.cnbc.com/2025/04/28/trump-xi-tariffs-china-bessent.html,2025-04-29 01:45:05 AM WIB,"China insists no tariff talks underway with Trump and Xi or top aides, despite U.S. claims","China insists no tariff talks underway with Trump and Xi or top aides, despite U.S. claims. China on Monday once again denied that it is in talks to resolve its tariff war with the U.S. , after a series of statements by President Donald Trump and his aides suggesting trade negotiations were underway. ""Let me make it clear one more time that China and the U.S. are not engaged in any consultation or negotiation on tariffs,"" Chinese Foreign Ministry spokesman Guo Jiakun said at a press conference. Guo also appeared to reject Trump's claim, in an interview with Time last week, that Chinese President Xi Jinping had called him. ""As far as I know, there have not been any calls between the two presidents recently,"" the spokesman said. The latest blanket denial was in line with Beijing's hardline stance against Trump's massive 145% tariffs on imports from China, a top supplier of U.S. goods. Trump administration officials, including Treasury Secretary Scott Bessent, insist that the U.S. is better positioned to win a trade war than China is. But American business owners and analysts are raising alarms that the effective trade embargo with China could soon result in major economic consequences , including higher prices, product shortages and store closures. Against that backdrop - and Trump's recent claim that his administration will be finished crafting new trade deals with numerous countries in as little as three or four weeks - some U.S. officials have expressed more openness toward a dialogue with Beijing. ""Every day we are in conversation with China,"" Trump's Secretary of Agriculture, Brooke Rollins, said Sunday on CNN. When told that the Chinese deny this, Rollins said, ""Well, according to our team in Washington, the conversations are ongoing regarding multiples of trade, multiples of the trade goods that are coming out and going in."" ""The bottom line with China is this: They need us more than we need them,"" she said. Asked on Sunday why China would deny that negotiations are underway, Bessent said, ""Well, I think they're playing to a different audience."" Pressed to explain whether the talks are actually happening, he said, ""We have a process in place. And again, I just believe these Chinese tariffs are unsustainable."" Bessent predicted last week that a "" de-escalation "" with China was coming in the ""very near future."" On Monday morning, he pointed to that prospective de-escalation to help explain why he was not yet concerned that U.S. consumers could soon face empty store shelves. ""Not at present,"" Bessent said on Fox News, when asked if he was concerned about ""empty shelves."" ""We have some great retailers. I assume they preordered. I think we'll see some elasticities and I think we'll see replacements, and then we will see how quickly the Chinese want to de-escalate,"" said Bessent. In a separate interview Monday morning on CNBC's ""Squawk Box,"" Bessent put the onus for that de-escalation on China, before saying he would not negotiate through the press. China has consistently demanded that Trump, who has held up tariffs as both a powerful negotiating tool and a way to rake in government revenue, scrap his sweeping import taxes. ""If the U.S. really wants to resolve the problem ... it should cancel all the unilateral measures on China,"" a spokesman for the Chinese Ministry of Commerce said last week. That statement, translated from Mandarin by CNBC, was itself a response to Trump's claim on Thursday that U.S. and Chinese officials ""had a meeting this morning."" ""We've been meeting with China,"" Trump told reporters, while declining to specify who was meeting whom. A day earlier, Trump said U.S. officials were ""actively"" talking with China",821,True,2,False,Politics,2025-04-29,False,6.248611111111111,2025-04-30
https://www.cnbc.com/2025/04/30/ubs-q1-earnings-2025.html,2025-04-30 11:53:48 AM WIB,UBS posts profit beat but 'material risk' from Trump tariffs darkens outlook,"UBS posts profit beat but 'material risk' from Trump tariffs darkens outlook. Swiss giant UBS on Wednesday beat bottom line expectations amid sharp returns in investment banking while warning of the global trade impact of sweeping U.S. tariffs as it seeks to rein in steep share declines. Net profit attributable to shareholders hit $1.692 billion in the first quarter, compared with a mean forecast of $1.359 billion in a LSEG poll of analysts. Group revenue over the stretch stood at $12.557 billion, versus analyst expectations of $12.99 billion. Other first-quarter highlights included: The lender said it delivered a 32% year-on-year hike in revenues of the global markets unit of its investment banking arm, largely driven by ""higher client activity in equities and FX with gains across all regions."" It also achieved a 15% hike in transaction-based hike in income in its key global wealth management unit. Speaking to CNBC's Carolin Roth on Wednesday, UBS CEO Sergio Ermotti recognized a ""challenging environment"" in the first quarter, with a spate of ""definitely extremely volatile"" first few weeks in April that underpinned spikes in the volume of transactions that at times exceeded Covid-19 levels by 30%. Critically, the lender posted $1.629 billion in its net interest income (NII) - the difference between earnings from loans and investments and the payments on deposits - down 16% year-on-year and 11% from the fourth quarter, guiding for further declines in the June quarter. ""In the second quarter we expect net interest income (NII) in Global Wealth Management to decline sequentially by a low single-digit percentage, and we see a similar decline in Personal & Corporate Banking's NII in Swiss francs. In US dollar terms, Personal & Corporate Banking's NII is expected to increase sequentially by a mid-single-digit percentage, based on current foreign exchange rates,"" UBS said. Investors are keenly watching these metrics as European banks transition to an environment of monetary easing, particularly in Switzerland, which has been combating a strong franc and depressed inflation with interest rates as low as 0.25%. Ermotti said he is ""not overly concerned"" about interest rate movements. ""I think that we are now in a situation where it's almost like a neutral, fairly boring zone,"" he noted. ""If rates go up or down from here in Swiss francs, then we're going to see a potential pick up in NII. But it's premature to talk about if and when this will materialize."" Separately, UBS on Wednesday confirmed it had completed $500 million in share buybacks and intended to press ahead with a $2.5 billion repurchase plan for the remainder of 2025. ""Overall a decent set of results, albeit boosted by non-core gains and heightened trading activity in both IB and GWM, all of which may not be sustainable, whereas NII has missed expectations again,"" Citi analysts said in a Wednesday note after UBS reported. The lender's Swiss-listed shares closed down 0.3% on Wednesday. Deposed this month as continental Europe's largest bank by market capitalization by Banco Santander , UBS has suffered share declines of roughly 10% in the year to date, with the brunt of losses logged after the White House's imposition of tariffs on global trade partners on April 2. Switzerland faces a 31% duty if it fails to agree a more conciliatory trade deal by the end of Washington's 90-day reprieve in early July. Comparatively, the European Union was hit with 20% in U.S. levies. Tensions with Washington and a potential recessionary outlook for the world's largest economy spell trouble for the Swiss banking giant and its money-spinning global wealth management division, with around half of UBS' invested assets concentrated in the broader Americas region last year. ""Rapid and significant changes to trade tariffs, heightened risk of escalation and significantly increased macroeconomic uncertainty led to major market volatility in the first weeks of April,"" UBS said Wednesday. ""With a wide range of possible outcomes, the economic path forward is particularly unpredictable. The prospect of higher tariffs on global trade presents a material risk to global growth and inflation, clouding the interest rate outlook."" It flagged the possibility of ""further spikes in volatility"" as markets remain sensitive to new tariffs-led developments, noting that ""Prolonged uncertainty would affect sentiment and cause businesses and investors to delay important decisions on strategy, capital allocation and investments."" ""You look at the last 10 days or so, I think there is a little bit of fatigue coming in. I think that investors are now waiting in a wait-and-see mode. Markets have settled down ... people are waiting for significant news,"" UBS' Ermotti told CNBC. ""But I do expect spikes of volatilities to come back as positive or negative news unfold."" The picture of UBS' long-term profitability remains darkened by questions over potential new - and more draconian - capital requirements from Swiss authorities, which have questioned the Swiss titan's ""too big to fail"" status since its absorption of collapsed domestic rival Credit Suisse . The transaction - which one politician at the time dubbed the ""deal of the century"" - has propelled UBS down the path of maximum resistance against further restrictions, which it argues would undermine its competitiveness as an already adequately capitalized entity. ""UBS's lobbying is both visible and unmistakable. It's clearly resonating in various places. But once again: the Federal Council cannot be intimidated by lobbying, but must also represent the interests of taxpayers,"" Swiss President Karin Keller-Sutter told broadcaster SRF last month, according to a Google translation. ""The Federal Council has one goal: that in the event of a crisis, a UBS that is systemically important is resolvable. This means that the systemically important parts of the bank can be separated in Switzerland. That must be the goal of the Federal Council and the new legislation."" UBS is expected to engage with the Swiss Federal Council over any proposed capital requirement changes in June. Speaking about UBS' odds of competitiveness in the broader Swiss regulatory environment, Ermotti said, ""We are not magicians. We are not going to be able to be competitive and provide and be an engine of growth for the financial center, but also for the economy, if the regulatory framework is not competitive.""",1373,True,3,False,Banks,2025-05-02,True,44.10333333333333,2025-05-03
https://www.cnbc.com/2025/05/01/eli-lilly-ceo-david-ricks-trump-pharmaceutical-tariffs.html,2025-05-01 08:11:42 PM WIB,Eli Lilly CEO says company can help 'respond' to national security concerns around essential drugs as tariffs loom,"Eli Lilly CEO says company can help 'respond' to national security concerns around essential drugs as tariffs loom. Eli Lilly CEO Dave Ricks on Thursday said the drugmaker can help ""respond"" to national security concerns around cheaper essential medicines as pharmaceutical-specific tariffs loom. The Trump administration has opened a Section 232 investigation into how importing certain drugs into the U.S. affects national security - a move widely seen as a prelude to initiating tariffs on pharmaceuticals. It is unclear what those levies will look like and whether they will target branded or older generic drugs, the latter of which are largely made overseas in countries like India and China. ""Bringing that capacity back, so in case of emergency, we have the stock, we have the supply - that's a valid thing,"" Ricks said in an interview with CNBC, referring to those older drugs. He spoke after Eli Lilly reported first-quarter earnings and 2025 guidance , which did not include estimated effects of the potential pharmaceutical tariffs. He said national security concerns around those medications are ""valid."" But he added: ""Do I think tariffs are the answer to that? I'm not so sure personally."" ""We would be happy to talk to this administration or national security people about how we could respond to such a crisis,"" he said. ""We have capacities to bring to bear there, and we're happy to help the country if we're in need."" Older generic drugs account for about 90% of the medicines prescribed in the U.S. Many are critical for hospital care, including antibiotics and vasopressors, or medications that raise blood pressure. Ricks noted that those essential drugs are ""not easy to make, but they're cheap, and they've been driven out of our country due to cost and other damaging policies."" However, some health experts previously told CNBC that tariffs on generic drugs, which have far lower profit margins than branded medications, could force some generic drugmakers to leave the U.S. market altogether. That could lead to or exacerbate shortages of certain generic drugs in the U.S., such as sterile injectable drugs commonly used in hospitals. Rick's comments come as drugmakers brace for President Donald Trump 's planned pharmaceutical tariffs, which aim to boost domestic manufacturing. Those tariff threats are already fueling a new wave of U.S. manufacturing investments from the pharmaceutical industry. That includes Eli Lilly, which in February announced it will invest at least $27 billion to build four new production sites in the U.S. On Thursday, Ricks said tariffs may not be needed after the industry's moves to reshore manufacturing. ""I think that actually the threat of tariffs is already bringing back critical supply chains into important industries, chips and pharma,"" Ricks said. ""So do we need to enact [tariffs?] I'm not so sure."" He added that Eli Lilly wants to see permanent lower tax rates in the U.S., particularly 15% for domestic production. Ricks said lower taxes drove many drugmakers to manufacture in ""low-tax islands like Ireland, Singapore and in Switzerland, and that can come back if there's an economic incentive."" That echoes the sentiment of Pfizer CEO Albert Bourla's comments on Tuesday. Though Bourla argued that uncertainty around tariffs is deterring the company from making U.S. investments in manufacturing and research and development",710,True,2,False,Health & Science,2025-05-02,True,11.805,2025-05-03
https://www.cnbc.com/2025/05/06/trump-tariffs-hit-us-exports-import-covid-level-event.html,2025-05-06 06:32:23 PM WIB,"Trump trade tariffs slump widens to 'nearly all U.S. exports,' supply chain data shows","Trump trade tariffs slump widens to 'nearly all U.S. exports,' supply chain data shows. What began as a rapid drop in U.S. imports as shippers cut orders from manufacturing partners around the world has now extended into a nationwide export slump, with the U.S. agricultural sector and top farm products including soybeans, corn and beef taking the hardest hit. The latest trade data shows that a slide in U.S. exports to the world, and China in particular, that began in January now extends to most U.S. ports, according to trade tracker Vizion, which analyzed U.S. export container bookings for the five-week period before President Donald Trump 's tariffs began and the five weeks after the tariffs took effect. The farming sector has been warning of a ""crisis"" and ports data is showing more evidence of lack of ability to move product out to global markets. The Port of Portland, Oregon, tops the list with a 51% decrease in exports, while the Port of Tacoma, Washington, a large agricultural export port, has seen a 28% decrease. Tacoma's top destinations for corn, soybeans and other ag exports include Japan, China and South Korea. Some ports have only seen a small exports decrease to date, such as the Port of Houston and the Port of Seattle, at 3% and 3.5%, respectively. But what is clear, according to Ben Tracy, vice president of strategic business development at Vizion, ""is that nearly all of U.S. exports have taken a hit."" The trade data shows declines of more than 17% at the Port of Los Angeles, while the Port of Savannah, Georgia - the top U.S. port for exporting containerized agricultural goods in 2025 - is down 13%, and the Port of Norfolk, Virginia, is down 12%, according to Vizion. The Port of Oakland, California, also plays a significant role in exports as the leading port for international refrigerated goods. U.S. agricultural exports also leave Los Angeles, Long Beach, California, New York/New Jersey, Houston and Seattle/Tacoma. The slide in exports is linked to the decline in containerships coming to the U.S., as businesses across the economy cancel manufacturing orders, sending Chinese factories and freight ships into retreat, as well as changes in global demand linked to U.S. trade policy. U.S. imports continue to decline, with port data tracked by Vizion showing a 43% week-over-week drop in containers from the week of April 21 to the week of April 28. ""We haven't seen anything like this since the disruptions of summer 2020,"" said Kyle Henderson, CEO of Vizion. ""That means goods expected to arrive in the next six to eight weeks simply won't. With tariffs driving costs higher, small businesses are pausing orders. Products that once moved reliably are now twice as expensive, forcing importers into tough decisions,"" he said. Retailers have been urging consumers to buy sooner rather than later, and data from Bank of America Global Research suggests why that may be the right move. Its latest forecast shows that the number of inbound container ships to the Port of Los Angeles will see a sharp drop in May, with escalating trade disruptions leading to a 15%-20% decrease in U.S. container imports from Asia in the coming weeks. In a note to clients, Bank of America warned that the ratio of retail inventories to monthly sales was not especially high, while at the same time, consumers have been buying ahead on expectations of higher prices and lack of product choice. Based on data Bank of America reviewed on retail payments to transportation and shipping companies, there has been no big ramp in inventories after the front-loading that occurred earlier this year, and supply disruptions may be looming. ""We think it is possible retail inventories may actually look 'lean' in coming months,"" the Bank of America report stated. Many retailers only have one to two months of sales in inventory, it found, and any unforeseen demand or supply disruptions can quickly impact what goods retailers can offer and the prices charged, it concluded. It is a pivotal time of the year for the holiday shopping season, when orders are typically being placed. The supply chain's tipping point - where holiday success is either locked in or left to chance - is June. ""Retailers that lock capacity now, especially in fast‐moving sectors like toys, consumer electronics, and fashion, give themselves the runway to fine‐tune assortments later without racing the clock,"" said Tim Robertson, CEO of DHL Global Forwarding. ""It isn't about pushing extra volume; it's about sequencing the flow - balancing ocean, air and intermodal options, building buffers for labor or weather‐related surprises, and using real‐time data to pivot if demand shifts,"" he said. ""The brands that treat June as a strategic deadline, rather than a last‐minute scramble, will be the ones filling shelves, not chasing them when consumers start shopping in November,"" he added. Capt. Kipling Louttit, executive director of the Marine Exchange of Southern California, warned in a recent statement that the decrease in vessel arrivals and lighter container volumes coming to the U.S. will translate into excess capacity of labor, trucks, trains and others in supply chain who ""will be out of work because of the decline in cargo arrivals."" Only 14 ships arrived in the most recent three-day period tracked, Louttit noted, and only 10 are scheduled to arrive over the next three days. A ""normal"" level of activity in a three-day period would be 17 ships. Hawaii-based freight liner operator and shipowner Matson lowered its 2025 outlook on Monday, citing tariffs, global trade regulatory measures, the trajectory of the U.S. economy and other geopolitical issues. Matson, which offers an expedited service from China to Long Beach, California, reported that since the tariffs were implemented in April, container volume for the company has declined approximately 30% year over year. ""Coupled with limited visibility to our container demand, we expect container volume and average rates in the second quarter to be lower year over year,"" said Matt Cox, Matson CEO, on its earnings call. ""At the moment, it's difficult to know if these lower volume levels are transitory or will persist for a longer time in 2025 and the duration of this lower demand period will likely depend on active negotiations taking place across the supply chain, and the timing of potential amendments to the tariffs,"" he said. Cox said the company is working with Asia transshipment partners as its customers look at options to diversify and grow their manufacturing locations. ""Many of our customers moved to a 'China plus one' strategy a few years ago to diversify their operations, and we expect this trend to continue,"" he said. ""We will continue to follow our customers as they reposition and expand their manufacturing footprint in response to changing tariffs as part of our 'catchment basin' strategy in Asia,"" Cox added",1471,True,4,False,State of Freight,2025-05-08,True,37.460277777777776,2025-05-11
https://www.cnbc.com/2025/05/06/supreme-court-allows-trump-to-implement-transgender-military-ban.html,2025-05-07 01:42:11 AM WIB,Supreme Court allows Trump to implement transgender military ban,"Supreme Court allows Trump to implement transgender military ban. The Supreme Court on Tuesday allowed President Donald Trump to implement his ban on transgender people serving in the military. The justices granted an emergency request from the Trump administration to lift a nationwide injunction blocking the policy while litigation continues. The court's brief order noted that the three liberal justices dissented. The decision is a loss for the seven individual transgender service members, led by lead plaintiff Emily Shilling, a Navy commander, who had sued to block it. More from NBC News: In a separate case, a judge in Washington, D.C., also blocked the policy nationwide, but the U.S. Court of Appeals for the District of Columbia Circuit put that ruling on hold temporarily while it heard arguments on whether to block it more permanently. The court has yet to rule. The policy, announced in February, is much more comprehensive ban than a similar proposal implemented during the first Trump term. It ""generally disqualifies from military service individuals who have gender dysphoria or have undergone medical interventions for gender dysphoria,"" Solicitor General D. John Sauer said in court papers. In asking the Supreme Court to intervene, Sauer said that judges are required to show 'substantial deference"" to the Defense Department's judgment on military issues. In implementing the policy, the government relied on a Pentagon report from the first Trump term that said people with gender dysphoria are a threat to ""military effectiveness and lethality."" The challengers argued in court that the ban violates the Constitution's 14th Amendment, which requires that laws apply equally to everybody, as well as other constitutional provisions. Transgender service members have shown in recent years that they can serve just as well as anyone else, their lawyers said in court papers. Then-President Joe Biden had rolled back Trump's earlier restrictions. ""An unprecedented degree of animus towards transgender people animates and permeates the ban: it is based on the shocking proposition that transgender people do not exist,"" the lawyers wrote. A federal judge in Washington state blocked the policy March 27, saying ""it is not an especially close question."" The San Francisco-based 9th U.S. Circuit Court of Appeals declined to put the ruling on hold, prompting the Trump administration to turn to the Supreme Court",474,False,1,False,Politics,2025-05-08,False,30.296944444444446,2025-05-11
https://www.cnbc.com/2025/05/08/shopify-shop-earnings-q1-2025.html,2025-05-08 08:52:49 PM WIB,"Shopify stock slips on light guidance, company notes tariff 'uncertainty'","Shopify stock slips on light guidance, company notes tariff 'uncertainty'. Shopify posted mixed first-quarter results and issued soft guidance for the current period. The stock closed down less than a percent on Thursday. Here's how the company did: For the second quarter, Shopify said it expects gross profit to grow at a high-teens percentage rate, while analysts had forecast a rate of 20.1%, according to StreetAccount. The company expects revenue to expand at a mid-20s percentage rate compared with a year earlier. Wall Street had forecast roughly 22% growth. Shopify sells software for merchants who run online businesses as well as services such as advertising and payment processing tools. Many of Shopify's merchants are small- to medium-sized businesses, giving it some exposure to President Donald Trump 's sweeping tariffs on Chinese imports, which total 145%. As part of Trump's tariffs, the president last week closed a trade loophole favorable to many online businesses that allowed shipments from China under $800 to enter the U.S. duty-free. On a call with investors, Shopify CFO Jeff Hoffmeister said the expiration of de minimis isn't expected to have a ""meaningful impact"" on Shopify in the near term. Roughly 1% of its gross merchandise volume is related to imports from China that were subject to the exemption, he said. The company hasn't seen ""broad-based price increases"" among sellers yet, Hoffmeister said. He added that consumers who purchase from Shopify businesses skew higher income, with more than half of buyers in the U.S. having incomes above $100,000. ""We believe this helps insulate our merchants from some of the potential swings in pricing or other market factors, as higher-income consumers tend to be less price sensitive,"" Hoffmeister said. ""We acknowledge the uncertainty ahead and are actively monitoring our data to help us support our merchants and adapt to whatever changes may arise."" Earlier this year, Shopify also added a ""buy local"" tool to its site, allowing shoppers to filter products to items sold by merchants in their country. E-commerce companies are bracing for the impact of Trump's tariffs. Amazon earlier this month issued light operating income guidance for the second quarter, highlighting ""tariff and trade policies"" as a factor weighing on its outlook. Etsy , meanwhile, said last week it's staying ""nimble"" to the tariff uncertainty, while the company's finance chief, Lanny Baker, noted that the company's ""direct tariff exposure appears to be relatively low."" Shopify's GMV, a key metric that measures the total volume of goods sold on the platform, was $74.75 billion during the first quarter. That fell just short of consensus estimates for $74.8 billion, according to StreetAccount. Revenue for the quarter was up about 27% to $2.36 billion. Subscription solutions revenue came in at $620 million during the quarter, which was lighter than the $621.5 million forecast by Wall Street. The company reported a net loss of $682 million, or 53 cents per share, from $273 million, or 21 cents per share, a year ago. A previous version of this story stated an incorrect amount",680,True,2,False,Technology,2025-05-11,True,59.11972222222222,2025-05-12
https://www.cnbc.com/2025/05/12/european-markets-live-updates-stocks-news-data-and-earnings.html,2025-05-12 11:40:50 AM WIB,European stocks close higher after U.S.-China deal to cut tariffs,European stocks close higher after U.S.-China deal to cut tariffs. European stock markets closed higher Monday following the White House's announcement that the U.S. and China had agreed to slash tariffs,44,False,1,True,Markets,2025-05-14,True,44.31944444444444,2025-05-15
https://www.cnbc.com/2025/05/22/dealmaking-activity-shows-trump-tariffs-derailed-a-budding-ma-boom.html,2025-05-23 12:04:34 AM WIB,Dealmaking rebounds after Trump's tariffs cut off a budding M&A boom,"Dealmaking rebounds after Trump's tariffs cut off a budding M&A boom. Hopes for an active year of mergers and acquisitions could be back on track after being briefly derailed by the Trump administration's sweeping tariff policies last month. Dealmaking in the U.S. was off to a strong start this year before President Donald Trump announced tariff policies that led to extremely volatile market conditions that put a chill on activity. In a pre-tariffs world, dealmakers were encouraged by the Trump administration's pro-business flavor and deregulatory agenda, as well as previously easing concerns about inflation. Those trends were expected to fuel an even stronger M&A comeback in 2025, after last year's moderate recovery from a slow 2023. This year's appetite for dealmaking came back quickly after Trump suspended his highest tariffs and market jitters took a backseat. If borrowing costs remain in check, many expect activity could be brisk. ""More clarity on trade policy and rebounding equities markets have set the stage for continued M&A, even in sectors hit especially hard by tariffs,"" Kevin Ketcham, a mergers and acquisitions analyst at Mergermarket, told CNBC. The total value of U.S. deals jumped to more than $227 billion in March, which saw 586 deals, before suddenly slowing down in April to roughly 650 deals worth about $134 billion, according to data compiled by Mergermarket. So far this month, activity is rebounding and the average deal has been larger. More than 300 deals collectively valued at more than $125 billion have been struck this month as of May 20, Mergermarket said. That's encouraging. After Trump's ""liberation day"" tariff announcement, U.S. deal activity plunged by 66% to $9 billion during the first week of April from the prior week, while global M&A activity dropped by 14% week over week to $37.8 billion, according to the data. Charles Corpening, chief investment officer of private equity firm West Lane Partners, anticipates M&A activity to pick up after the summer. ""The trade war has indeed caused a slowdown in the anticipated M&A boom earlier this year, particularly in the second quarter,"" Corpening said. Higher bond yields are also hurting activity in the U.S. given that higher rates translate into greater financing costs, which reduces asset prices, he said. Corpening expects greater interest towards special situations M&A, or deals that involve a motivated seller and tend to be flexible with their structure and terms, as well as smaller transactions, which are easier to finance and generally face less regulatory scrutiny. ""We're beginning to see signs of recovery and we're getting some clarity on the types of deals that are likely to get into the pipeline soonest,"" Corpening said. ""We anticipate that these earlier transactions will lean toward special situations as the better-performing businesses will wait for more market stability in order to maximize sale price."" Several major deals have been announced in recent months, with large transactions occurring in tech, telecommunications and utilities so far this year. Some of the biggest include: According to Ketcham, the Dick's-Foot Locker deal ""likely isn't an outlier"" given that Victoria's Secret on Tuesday adopted a ""poison pill"" plan . Such a limited-duration shareholder rights plan suggests the lingerie retailer is concerned about the threat of a potential takeover, he said. Ketcham added that some consumer companies are adapting to the new macroeconomic environment instead of pausing dealmaking. He cited packaged food giant Kraft Heinz confirmation on Thursday that it has been evaluating potential transactions over the past several months as an example. Kraft Heinz said it would consider selling off some of its slower growing brands or buying a brands in some of its core categories such as sauces and snacks. This kind of trend would lead to smaller deals, which has already been seen this year. For example, PepsiCo scooped up Poppi, a prebiotic soda brand, for $1.95 billion in March",833,True,2,False,Markets,2025-05-23,False,7.9238888888888885,2025-05-26
https://www.cnbc.com/2025/05/22/williams-sonoma-ceo-talks-mitigating-tariff-impact-weve-been-busy.html,2025-05-23 05:30:30 AM WIB,Williams-Sonoma CEO talks mitigating tariff impact: 'We've been busy',"Williams-Sonoma CEO talks mitigating tariff impact: 'We've been busy'. Williams-Sonoma CEO Laura Alber told CNBC's Jim Cramer how the company is dealing with the effects of President Donald Trump's tariff hikes. ""We've been busy,"" she said. ""And we've also been reminded, you know, it's important to have that flexible mindset, but also to have options in sourcing, and particularly with our big programs, to have...different alternatives."" The home goods and furniture outfit owns several retail brands alongside its namesake, including Pottery Barn and West Elm. It posted quarterly results on Thursday, managing to beat on earnings and revenue. However, Williams-Sonoma missed analysts' gross margins estimates, and shares closed down 4.48%. On the earnings call, management reiterated guidance ""even with absorbing incremental costs from the existing tariff environment."" Alber told Cramer Williams-Sonoma is looking at how to do more manufacturing in the U.S., and she claimed that most of the outfit's upholstery is being made and assembled domestically. She also named the company's home improvement brand, Rejuvenation, as part of its strategy to boost domestic manufacturing. Rejuvenation is Williams-Sonoma's ""fastest-growing small brand,"" Alber said, and its products are made in Oregon. She also emphasized her company's progress over the past several years, adding that Williams-Sonoma indicated its operating margin would be flat this year despite global economic challenges. According to Alber, this speaks to ""the power of our operating model, our multichannel platform and our sourcing structure,"" which affords the company flexibility and direct communication with vendors. ""I think you got to remember, too, from 2019 to today, we more than doubled our operating margin,"" she said. ""And we, this year, are guided to basically flat to last year, with the tariffs in there.""",419,False,1,False,Mad Money,2025-05-23,False,2.4916666666666667,2025-05-26
https://www.cnbc.com/2025/05/27/china-industrial-profits-april-us-tariffs-.html,2025-05-27 08:41:57 AM WIB,China's industrial profit growth accelerates in April as Beijing's policy measures cushion tariff impact,"China's industrial profit growth accelerates in April as Beijing's policy measures cushion tariff impact. China's industrial profits rose for a second straight month in April, with their growth improving despite U.S. tariffs and persistent deflationary pressures, thanks to Beijing's measures aimed at supporting businesses. Cumulative profits at major industrial firms climbed 3% last month compared to a year earlier, official data showed Tuesday , accelerating from a 2.6% growth in March. In the first four months this year, industrial profits rose 1.4%, year on year, according to the National Bureau of Statistics, bolstered by stronger earnings in the equipment and high-tech manufacturing sectors. U.S. President Donald Trump slapped eye-watering tariffs of 145% on imports from China last month, drawing Beijing to retaliate, effectively amounting to a mutual trade embargo between the world's two largest economies. That, however, did not significantly impact Chinese exports that found other markets . Earlier this month, Washington and Beijing agreed to lower most of those levies, following a trade truce struck during a meeting between the Trump administration and Chinese leadership in Geneva, Switzerland. U.S. tariffs on goods imported from China are now down to 51.1% while China's levies on U.S. imports stand at 32.6%, according to think tank Peterson Institute for International Economics. The profit growth in April was stronger than expected, said Lynn Song, chief economist for Greater China at ING, noting the ""encouraging"" sign that the manufacturing firms saw improved bottom-lines despite the ""more challenging external environment."" The boost in industrial firms' profits was largely owed to Beijing's efforts targeted at supporting the private sector, offsetting some of the negative impacts from the U.S. tariffs. ""These trends underscore the effectiveness of various policy interventions in mitigating arrears owed to private enterprises and ensuring timely payments to small and medium-sized business,"" said Bruce Pang, adjunct associate professor at CUHK Business School. Profits in the high-tech manufacturing industry from January to April climbed 9% from a year earlier, with notable improvement in the biopharmaceutical products and aircraft manufacturing. Supported by a scheme that subsidizes consumers who trade in old electronics and appliances, the household appliances manufacturers also saw profits improve over 15% from a year ago, data showed. Profits in the mining sector fell 26.8% year on year in the January to April period, while the manufacturing and utilities sectors - electricity, heating, gas and water supply - saw them rise 8.6% and 4.4%, respectively. State-owned industrial firms saw their profit decline 4.4% in the January to April period compared to the same period a year ago. Private enterprises and those with foreign investments saw profits improve 4.3% and 2.5%, respectively. Weining Yu, a statistician at the NBS, attributed the improved profitability to the industrial sectors' ""resilience and ability to withstand shocks,"" while cautioning that ""constraints such as insufficient demand and declining prices"" still persist and ""uncertainty in the external environment"" is still high. Certain industries also faced steeper headwinds, Song pointed out, such as the automobile sector that's caught in a severe ""price competition"" and the apparel sector which is likely to have seen demand shift to other markets after the rollout of new tariffs. Auto industry profits slumped 5.1% year on year in the first four months this year, while the textile, clothing and apparel industry saw a 12.7% decline. The profit gain in major industrial enterprises came on the back of a 6.1% expansion in industrial output in the country last month. Retail sales growth, however, slowed to 5.1% from a year earlier , underscoring the persisting supply-demand imbalance in the economy. China's industrial profits returned to growth in the first quarter this year, rising 0.8% from a year earlier, reversing the trend of declines since the third quarter of last year",842,True,2,False,Asia Economy,2025-05-28,True,23.300833333333333,2025-06-01
https://www.cnbc.com/2025/06/06/walmart-tariffs-price-increases-annual-meeting.html,2025-06-07 05:53:49 AM WIB,Walmart chases new and younger customers as tariffs rattle shoppers,"Walmart chases new and younger customers as tariffs rattle shoppers. BENTONVILLE, ARK. - As tariffs drive prices higher, Walmart unveiled its latest efforts to woo new and younger shoppers - including a fresh advertising campaign, a clothing brand designed for tweens and drone deliveries in more cities. The moves, which the retail giant's leaders announced this week, illustrate how the discounter sees opportunities to grow even while consumers tighten their wallets and the economic outlook appears murky. Walmart, the largest private employer and retailer in the U.S., hosted thousands of hourly employees, store managers, investors and reporters this week at its Associates Week event in its hometown of Bentonville, Arkansas and nearby Fayetteville. The event, part-pep rally and employee recognition ceremony, coincides with its annual shareholders meeting and caps off with surprise celebrity and musical performances. This year, Jimmy Fallon emceed and Post Malone, Camila Cabello, Noah Kahan and The Killers performed. Despite the festive atmosphere, it was hard to overshadow the events outside of Arkansas. The celebration came at a time when tariffs have roiled the retail industry , forced price increases across chains and raised questions about economic growth. Even so, Walmart has insisted it has an opportunity to keep gaining market from value-conscious shoppers across incomes, including wealthier households, by offering better items and more convenience - an effort it hopes its new plans will boost. Walmart Chief Financial Officer John David Rainey told reporters on Friday that tariffs haven't changed consumer spending patterns - where shoppers are paying more for groceries and holding back on other items. ""It's been very consistent, and what we've seen over the last year, even two years, is that consumers are spending more on food, and that gives them less money to spend on general merchandise,"" Rainey said, referring to discretionary items like clothing and toys. ""You can still tell that wallets are stretched, that consumers are still faced with high prices, even though the year over year inflation numbers are not the headlines that they were 18 months ago,"" he said. Rainey warned last month that Walmart would have to raise its prices because of tariffs, a remark that drew sharp criticism by President Donald Trump , who told the company to ""EAT THE TARIFFS"" in a social media post . Walmart CEO Doug McMillon stood by the decision to announce the price increases. ""We're just trying to be good retailers,"" he said. ""And so when we had the Q1 earnings release, we wanted to communicate what we're seeing. I think we have a responsibility to do that for shareholders, and I think we did it appropriately."" McMillon declined on Friday to specify categories or merchandise where Walmart has increased prices, saying that the company is ""doing everything we can to offset"" cost pressure on imported items. About two-thirds of what Walmart sells in the U.S. is made, grown or assembled in the country. Groceries make up the majority of sales for Walmart in the U.S. and the category has thin profit margins. Yet selling more of higher-margin categories, such as apparel and home decor, can help Walmart offset cost pressures or price increases from tariffs, McMillon said. As trade tensions dampen consumer sentiment, Walmart believes the new investments can help it win new consumers who have what it sees as an outdated view of the retailer. Among the efforts, it plans to expand drone deliveries to 100 stores in three states in the coming year through drone operator Wing. Customers can already get drone deliveries in parts of Northwest Arkansas and the Dallas-Fort Worth area. Also starting in early July, Walmart will carry a new private brand of clothing, Weekend Academy. The retailer designed the new brand, which will debut with 65 clothing, footwear and accessory items for tween girls and boys, with most products under $15. Gypsy Jo Diessner, vice president of kids fashion for Walmart U.S., said the brand will land on shelves in time for back-to-school season. She said it caters to Gen Alpha, a fashion-forward young customer who has fewer options than younger kids, teens and adults. Walmart's plan to reinvent itself for a new kind of customer perhaps showed most in an early glimpse of ad campaign shown to employees gathered for the Associates Celebration at the University of Arkansas' Bud Walton Arena. The TV spots, which feature actors Walton Goggins of HBO's ""The White Lotus"" and Stephanie Beatriz of ""Brooklyn Nine-Nine,"" show off Walmart merchandise and delivery options that may surprise some shoppers. It carries the tagline, ""Who knew?""",970,True,2,False,Retail,2025-06-08,True,26.103055555555557,2025-06-10
https://www.cnbc.com/2025/06/08/homan-threatens-arrest-for-immigration-interference-warns-newsom-and-bass.html,2025-06-09 01:07:59 AM WIB,"Trump's border czar threatens arrest for immigration interference, warns Newsom and Bass not to 'cross that line'","Trump's border czar threatens arrest for immigration interference, warns Newsom and Bass not to 'cross that line'. LOS ANGELES - The Trump administration's border czar warned that immigration enforcement will continue ""every day"" in Los Angeles, hinting that even elected officials could face arrest if they interfere with agents on the ground. Tom Homan, appointed by President Donald Trump, appeared undeterred by the volatile protests against federal agents in Los Angeles who were carrying out immigration raids. Enforcement would be a daily occurrence, he said in a late-Saturday interview with NBC News. ""I'm telling you what, we're going to keep enforcing law every day in L.A.,"" Homan said. ""Every day in L.A., we're going to enforce immigration law. I don't care if they like it or not."" Parts of Los Angeles County erupted in wide-scale protests on Saturday after residents learned that Immigration and Customs Enforcement raids were happening in the area. Demonstrations descended into chaos, with videos showing protesters surrounding federal law enforcement on the ground and in vehicles. At least one person was hit by a car they were trying to stop from moving. While many protests around the city remained peaceful, some escalated into clashes where authorities deployed tear gas and officers fired what appeared to be less-lethal ammunition at demonstrators. More from NBC News: The Los Angeles Police Department arrested 11 people Saturday night for failure to disperse, according to a law enforcement source familiar with the situation. Trump made good on his threat to deploy the National Guard against protesters, as Guardsmen arrived in Los Angeles on Sunday morning. L.A. Mayor Karen Bass and California Gov. Gavin Newsom warned it would escalate tensions. Homan has previously threatened arrest for anyone who obstructs immigration enforcement. When asked whether that would include Newsom or Bass, Homan did not rule it out. ""I'll say it about anybody,"" Homan said. ""You cross that line, it's a felony to knowingly harbor and conceal an illegal alien. It's a felony to impede law enforcement doing their job."" He did not accuse any politician of impeding enforcement, and when asked about Bass specifically, he said that he doesn't believe ""she's crossed the line yet."" A spokesperson for Bass did not immediately respond to a request for comment. Protests are expected to continue in Los Angeles on Sunday, as many residents take issue with the way ICE has been operating on the ground. Homan told NBC News that ICE was ""prioritizing"" threats to public safety. He cited a raid on a business in downtown Los Angeles' Fashion District, saying agents were executing warrants as part of a criminal investigation. But Homan also implied that the government does not differentiate between violent criminals and those who commit civil immigration violations when enforcing deportation laws. ""I've said a thousand times that aperture will open,"" Homan said. ""And I said, if you're in the country illegally, you're not off the table."" Immigration raids have targeted workplaces and Home Depots, where many day laborers often gather to find manual labor jobs. Homan told NBC News that ICE agents at Home Depots were looking for ""final orders,"" which is a final order of removal. Individuals have also been taken into ICE custody while attending immigration interviews, causing fear among those going through the legal immigration process. Homan denied some of the allegations that ICE has been operating at schools, hospitals and churches, calling it misinformation. He criticized the overt hostility toward ICE agents, saying they're unfairly compared to terrorists and Nazis. Homan had harsh words for Newsom, calling the governor an ""embarrassment for the state"" and denouncing California's ""Sanctuary State"" law. Sanctuary laws prevent local authorities from being compelled to participate in federal immigration enforcement. ""If he cared about public safety in the state of California, he would not have a sanctuary for criminals, where criminals get released to the street in this state every day because of his policy,"" Homan said of Newsom. In reality, California state prisons regularly cooperate with ICE , as the California Department of Corrections and Rehabilitation is required by law to identify individuals subject to deportation within 90 days. However, if ICE fails pick up the individual prior to release, the department does not hold anyone past their release date. A spokesperson for Newsom did not immediately respond to a request for comment. ""The rhetoric keeps rising and rising and rising - someone's gonna get hurt,"" Homan said. ""If this violence isn't tamped down, someone's gonna die, and that's just that's just a cold fact of life.""",974,True,2,False,Politics,2025-06-10,False,30.866944444444446,2025-06-11
https://www.cnbc.com/2025/06/16/how-trump-went-from-opposing-israels-strikes-on-iran-to-reluctant-support.html,2025-06-16 05:13:04 PM WIB,How Trump went from opposing Israel's strikes on Iran to reluctant support,"How Trump went from opposing Israel's strikes on Iran to reluctant support. WASHINGTON - President Donald Trump had opposed Israeli military action against Iran , favoring negotiations over bombing. But in the days before the strikes began, he became convinced that Israel's heightened anxiety over Iran's nuclear enrichment capabilities was warranted. After a pivotal briefing from the chairman of the Joint Chiefs of Staff, Air Force Gen. Dan Caine, on Israel's plans and U.S. options for supporting its operation, he gave tacit approval to Israel to have at it and decided to provide limited U.S. backing. When Caine briefed him on June 8, Trump was increasingly frustrated with Iran for not responding to the latest proposal for a nuclear deal. He still remained hopeful that his Middle East peace negotiator, Steve Witkoff , who had been scheduled to conduct another round of peace talks in the region Sunday, could soon get an agreement over the line. Trump was also facing private pressure from longtime allies who advocate more isolationist policies and wanted him to stop Israel from taking military action or at least withhold U.S. support for any such operation. Read more from NBC News: This account of Trump's thinking leading up to the Israeli operation is based on interviews with five current U.S. officials and two Middle Eastern officials, as well as two people with knowledge of the deliberations, two former U.S officials familiar with the deliberations and a Trump ally. The White House didn't immediately comment, and the Defense Department didn't respond to a request for comment. In recent weeks, Israel grew more convinced that the threat posed by Tehran was getting increasingly serious and urgent. And while he had already decided not to stand in Israel's way, on Thursday, only hours before the strikes began, Trump remained at least publicly hopeful that diplomacy would win the day. ""I don't want them going in, because I think it would blow it - might help it actually, but it also could blow it, but we've had very good discussions with Iran,"" Trump told reporters at a bill signing ceremony. ""I prefer the more friendly path."" Behind the scenes, the Israelis had already laid much of the groundwork for Trump's measured change. Trump had hoped Israeli Prime Minister Benjamin Netanyahu could be persuaded not to mount an attack. But over the past week, he came to accept that Israel was determined to neutralize Iran's nuclear capabilities and that the United States would have to lend some military support for defensive purposes, as well as some intelligence support. After the strikes began Thursday evening, the administration took pains to say it had provided no military assistance to Israel, and Secretary of State Marco Rubio, who is also the national security adviser, pointedly omitted any mention of U.S. support for Israel's operations in a statement. But the administration's public statements the next day did leave the door open to the United States' having provided some of the kind of intelligence Israel needed to mount an attack. Israel was able to conduct its initial strikes mostly with its own intelligence and capabilities - killing three military leaders and nine top scientists working on nuclear enrichment and destroying several nuclear enrichment sites, Israeli officials have said - but it also leaned heavily on American intelligence, bunker-buster bombs that were provided this year and air defense systems, some of which were scrambled into the region quickly in recent days. But Trump still wouldn't sign off on everything Israel wanted. After the start of their military campaign, the Israelis collected intelligence that could have allowed them to target and kill Iran's supreme leader, Ayatollah Ali Khamenei. Netanyahu presented the operation to Trump, who opposed the plan altogether and wouldn't allow the United States to participate, according to two U.S. officials. No Americans had been killed in the conflict, so Trump didn't believe it would be appropriate to remove Khamenei, the political leader, and recommended against the Israelis' conducting the operation, the officials said. On Sunday, he appeared to advocate again for talks over strikes, saying on his social media platform, Truth Social: ""Iran and Israel should make a deal, and will make a deal, just like I got India and Pakistan to make. ... Many calls and meetings now taking place. I do a lot, and never get credit for anything, but that's OK, the PEOPLE understand. MAKE THE MIDDLE EAST GREAT AGAIN!"" Trump's approach to Israel's military campaign started to take form last Sunday at Camp David, the presidential retreat in rural Maryland. By that time, Israeli officials had already begun to share extensive information with U.S. officials about their potential operation. Caine, the Joint Chiefs chairman, briefed Trump and his national security team about the Israeli plans to strike Iran and U.S. options, according to two U.S. officials and one of the people familiar with the deliberations. Those options, the three sources said, included logistical support, like refueling Israeli jet fighters, sharing intelligence and using the American military's electronic warfare capabilities to help Israel jam enemy weapons and communications. Another option was to provide direct military support to Israel, even having U.S. jets drop munitions in active combat alongside Israeli fighters, for example. And yet another option, Caine briefed Trump, was to do nothing at all. Trump has consistently said he wants to extract the United States from foreign conflicts and has sought to use diplomacy to end Russia's war on Ukraine and the fighting in Gaza, albeit without success. But Israel was getting anxious, and it wasn't convinced that Trump's plan for peace in the region would work. Netanyahu and his war Cabinet didn't have faith in the U.S. negotiations with Iran taking place in Oman, despite Washington's public pronouncements that a deal was close. For months, the Trump administration has pressed the Israelis not to carry out strikes on Iran and warned that the United States wouldn't support them if they did. By the end of last week, the White House's public tone started to include more support for Israel, and in private it shifted from strong opposition against a widespread military operation to acceptance that it was likely to happen and less resistance to it. Among the reasons for Trump's change of heart was the declaration Thursday by the United Nations' nuclear watchdog, the International Atomic Energy Agency, that Iran was in breach of its nonproliferation requirements. Trump was also concerned by the sense coming from Israel, the United States and the IAEA that Iran had achieved leaps in its nuclear program, and he didn't want to be the president on whose watch it was able to obtain a nuclear weapon. The United States had already been quietly moving some pieces into place to prepare for the Israeli attack. In recent days, U.S. European Command was told some of its P-8 Poseidon maritime patrol and reconnaissance planes would be diverted to the Middle East to conduct surveillance. Then, in remarks that drew little attention last week, Ukrainian President Volodymyr Zelenskyy announced that more than 20,000 U.S. anti-drone missiles meant for Kyiv had been diverted - to the Middle East. Trump and Netanyahu spoke several times in the previous week, but by last Monday, Trump had grown convinced that Israel was going to strike and was starting to put more pieces into place to help support the strike. Soon after that conversation last Monday, the Pentagon directed European Command to send a Navy destroyer to sit off Israel to help defend it in the likely event of a counterattack from Tehran, joining two more and a carrier strike group already there. Witkoff had been expected to travel to Muscat for peace talks as late as Friday. With the conflict still active, the U.S. side acknowledged that those talks were off. But it's not shutting the door to future discussions. ""While there will be no meeting Sunday, we remain committed to talks and hope the Iranians will come to the table soon,"" an administration official told news organizations",1651,True,4,False,Politics,2025-06-17,True,14.782222222222222,2025-06-18
https://www.cnbc.com/2025/06/26/openai-flags-beijing-backed-zhipu-ai-as-a-top-rival.html,2025-06-26 01:52:42 PM WIB,"Blacklisted by the U.S. and backed by Beijing, this Chinese AI startup has caught OpenAI's attention","Blacklisted by the U.S. and backed by Beijing, this Chinese AI startup has caught OpenAI's attention. OpenAI is putting a spotlight on an under-the-radar artificial intelligence startup that it believes is on the ""front line"" of China's race to lead the world in AI - and its not DeepSeek. In a blog post on Wednesday, the company wrote that Beijing-backed Zhipu AI has made ""notable progress"" in the AI race, as global competition ramps up. Zhipu AI, founded in 2019, has been referred by domestic media as one of China's ""AI tigers"" - a class of large language model unicorns seen as key to Beijing's efforts to rival the U.S. and reduce its dependence on American technology . While fellow ""AI tiger"" DeepSeek has received the lion's share of international attention after it released its R1 model in January, OpenAI suggests that Zhipu's expansion outside China and its ties to Beijing deserve more scrutiny. The startup has raised funds from several local governments, according to state media. ""Zhipu AI leadership frequently engages with CCP officials, including Premier Li Qiang,"" OpenAI claimed, pegging the value of state-backed investments in the startup at over $1.4 billion. Zhipu AI reportedly has offices in the Middle East, the United Kingdom, Singapore and Malaysia, and is also running joint ""innovation centers"" projects across Southeast Asia, including in Indonesia and Vietnam. Those factors could see Zhipu AI playing a key role in China's ""Digital Silk Road"" strategy, as it offers AI infrastructure solutions to governments around the world. ""The goal is to lock Chinese systems and standards into emerging markets before US or European rivals can, while showcasing a 'responsible, transparent and audit-ready' Chinese AI alternative,"" OpenAI said. Zhipu AI did not immediately respond to a request for comment on OpenAI's statements. However, last week, Zhipu AI Chairman Liu Debing told reporters that the company hoped to contribute China's AI power to the world. These aims represent a threat to OpenAI, which has received Washington's support to promote its foundational models as the world's go-to AI offering. During a visit to the UAE in May, U.S. President Donald Trump announced over $200 billion in commercial deals in the region, including one for building a Stargate UAE AI campus by OpenAI, Oracle , Nvidia and Cisco Systems . It's expected to be launched in 2026. The Stargate Project is a $500 billion AI-focused private sector investment vehicle, announced by OpenAI in January in partnership with Abu Dhabi investment firm MGX and Japan's SoftBank. This month, OpenAI was also awarded a $200 million contract to provide the U.S. Defense Department with artificial intelligence tools, and announced "" OpenAI for Government ,"" an initiative aimed at bringing its AI tools to public servants across the U.S. Zhipu is also said to be working with its domestic military, helping China's military to modernize through advanced artificial intelligence, which saw it added to the US Commerce Department's Entity List in January. The company has reportedly initiated preliminary steps toward launching an initial public offering. It has previously been valued at 20 billion yuan ($2.78 billion), according to local media reports",706,True,2,False,Technology,2025-06-30,True,90.12166666666667,2025-07-01
https://www.cnbc.com/2025/07/03/trump-one-big-beautiful-bill-oil-gas-coal-solar-wind-ira-tax-incentive-repeal.html,2025-07-04 01:55:21 AM WIB,Trump megabill gives the oil industry everything it wants and ends key support for solar and wind,"Trump megabill gives the oil industry everything it wants and ends key support for solar and wind. President Donald Trump's One Big Beautiful Bill Act ends long-standing federal support for solar and wind power, while creating a friendly environment for oil, gas and coal production. The House of Representatives passed Trump's megabill Thursday ahead of a White House-imposed deadline, after the Senate narrowly approved the controversial legislation Tuesday. Trump has made his priorities on energy production clear. The U.S. will rely on oil, gas, coal and nuclear to meet its growing energy needs, the president said last weekend, bashing wind and solar power. ""I don't want windmills destroying our place,"" Trump told Fox News in an interview that aired June 29 . ""I don't want these solar things where they go for miles and they cover up a half a mountain that are ugly as hell."" The president's embrace of fossil fuels and hostility to renewable energy is reflected in his signature domestic policy law. It delivers most of the oil and gas sector's top priorities, according to the industry's lobby group, while ending tax credits that have played a crucial role in the growth of solar and wind power. The law opens up federal lands and waters to oil and gas drilling after the Biden administration enacted curbs, mandating 30 lease sales in the Gulf of Mexico over 15 years, more than 30 every year on lands across nine states and giving the industry access to Alaska. The law also slashes the royalties that producers pay the government for pumping oil and gas on federal lands, encouraging higher output. ""This bill will be the most transformational legislation that we've seen in decades in terms of access to both federal lands and federal waters,"" Mike Sommers, president of the American Petroleum Institute, n industry lobbying group, told CNBC. ""It includes almost all of our priorities."" The law also spurs oil companies to use a carbon capture tax credit to produce more crude. The tax credit was designed to support nascent technology that captures carbon emissions and stores them underground. Under Trump's bill, producers would receive an increased tax benefit for injecting those emissions into wells to produce more oil. The law ends the hydrogen tax credit in 2028, later than previous versions of the bill. Chevron , Exxon and others are investing in projects to produce hydrogen fuel. ""I have a number of members who plan on investing significantly in hydrogen and so the extension to the end of 2028 was a welcome priority that was fulfilled,"" Sommers said. The coal industry is also a big winner from the law, which mandates at least 4 million additional acres of federal land be made available for mining. The law also cuts the royalties that coal companies pay the government for mining on federal land, and allows the use of an advanced manufacturing tax credit for mining metallurgical coal used to make steel. The law phases out clean electricity investment and production tax credits for wind and solar that have played a crucial role in the growth of the renewable energy industry. The investment credit has been in place since 2005 and the production credit since 1992. The Inflation Reduction Act extended the life of both until at least 2032. Solar and wind farms that enter service after 2027 would no longer be eligible for the credits. There is an exception, however, for projects that start construction within 12 months of the bill becoming law. The phaseout is more gradual than previous versions of the legislation, which had a hard deadline of December 31, 2027. That gave all solar and wind projects just 2.5 years to come online in order to take advantage of the credits. ""Despite limited improvements, this legislation undermines the very foundation of America's manufacturing comeback and global energy leadership,"" Abigail Ross Hopper, CEO of the Solar Energy Industries Association, said in a statement when the bill passed the Senate. A related tax credit for using U.S.-made components in solar and wind farms ends for projects that enter service after 2027 . A carveout allows projects that start construction within one year of the law's enactment to claim the credit. The credit was designed to spur demand at U.S. factories in order to break the nation's dependence on equipment from China. ""If nothing changes, factories start to close,"" Michael Carr, executive director of the Solar Energy Manufacturers Association, told CNBC. ""Factories that are on the drawing board that probably penciled [favorably] two weeks ago, maybe don't pencil now. We'll see investment slow down in the sector going forward.""",934,True,2,False,Energy,2025-07-05,False,30.0775,2025-07-07
https://www.cnbc.com/2025/07/08/cnbc-daily-open-trump-tariff-letters-seem-to-signify-little.html,2025-07-08 01:30:01 PM WIB,"CNBC Daily Open: Tariff letters from Trump, like those of lovers, seem to signify little","CNBC Daily Open: Tariff letters from Trump, like those of lovers, seem to signify little. Paramours wanting to court each other have, through the decades, moved on from love letters to Instagram DMs. But some form of that epistolary tradition remains today in the stately realm of politics. U.S. President Donald Trump revealed Monday that he had written letters to the leaders of 12 countries, informing them of new tariff rates due to begin on Aug. 1. Upon first reading, the letter is enough to send the heart racing. It contains bold emotional declarations (""You will never be disappointed with The United States of America""), big double-digit numbers (between 25% and 40%, depending on the recipient) and a veiled threat should desire not be reciprocated (""These tariffs may be modified ... depending on our relationship with your Country""). But if we take a step back, it appears that he letters' purpose might not be that different from the table of ""reciprocal"" tariffs Trump hoisted up at the White House's Rose Garden in April . The letters threaten stiff tariffs that will kick in on a certain date (or as certain as any deadline from the White House can be), unless countries negotiate with the U.S. for a trade deal. Even the tariff numbers aren't that far from what was initially revealed. In other words, the letters might just be a restaging of April's events. ""If you go through the details, I don't even know if anybody understands the difference between what was announced today, what was there previously, and if it will actually be implemented, and which companies it actually impacts,"" Trivariate Research CEO Adam Parker said Monday on CNBC's "" Closing Bell ."" Trump on Sunday, in response to whether the deadline for tariffs will be changing, said, ""They're going to be tariffs. The tariffs are going to be the tariffs."" In the same way, a tariff is a tariff is a tariff, whether in a racy letter, stated on a big chart, or even sent in an Instagram DM. Steep tariffs on 14 countries. The White House on Monday sent letters to leaders of several countries announcing blanket tariffs ranging from 25% to 40% starting Aug. 1. Japan's Prime Minister Shigeru Ishiba on Tuesday called Trump's latest tariffs ""regrettable."" U.S. markets fall on stiff tariffs. All major U.S. indexes ended in the red on Monday, their worst session in almost a month. Asia-Pacific markets mostly rose Tuesday, but Australia's S&P/ASX 200 fell after the country's central bank unexpectedly held interest rates . Tesla loses more than $68 billion in value. Shares of the electric vehicle maker tumbled 6.8% after Tesla CEO Elon Musk said Saturday he was forming a new U.S. political party . Investors are worried about Musk heading deeper into politics . Samsung Electronics forecasts a 56% fall in profits. Second-quarter operating profit is expected to come in around 4.6 trillion Korean won ($3.3 billion), a steep decline from 10.44 trillion won a year ago. The firm's estimate is even lower than analyst expectations. [PRO] Safe spots in the Chinese market. While the China technology story hasn't changed enough to warrant major changes to portfolios, analysts are encouraging investors to be more conservative as they gear up for the second half. Tariffs, declining real wages, slowing growth: Japan's central bank has its work cut out The Bank of Japan faces a stiff challenge: normalizing its monetary policy as growth slows amid steep U.S. tariffs, while real wages decline because of inflation. Real wages dropped at their fastest pace in 20 months in May, pressuring the central bank to raise rates and rein in inflation. But an economic slowdown appears to be constraining the bank's ability to tighten policy. - Lim Hui Jie",830,True,2,False,Daily Open,2025-07-10,True,42.499722222222225,2025-07-11
https://www.cnbc.com/2025/07/18/trump-trade-eu-tariffs-ft.html,2025-07-19 12:00:54 AM WIB,Trump pushes for up to 20% minimum tariffs on European Union: FT,"Trump pushes for up to 20% minimum tariffs on European Union: FT. U.S. President Donald Trump is demanding a minimum of 15%-20% tariffs on imports from the European Union , the Financial Times reported Friday, citing sources. According to three people briefed on trade talks between the U.S. and the bloc, Trump has escalated his demands following weeks of negotiations over a possible framework deal, the paper said. With less than two weeks to go until Trump's Aug. 1 deadline, talks between the two powers appear to have stalled. The EU had been hoping for a deal similar to the U.K.'s, which maintained a 10% baseline tariff with some sector exemptions. Trump has often bemoaned the EU's 198 billion euro ($231 billion) trade surplus in goods with the U.S. For its part, European Union officials say that trade is much more balanced when services and investments are taken into account. They have also pledged to increase oil and gas purchases to narrow the trade gap. CNBC has contacted the European Commission, the executive body of the EU, for comment on the report, which sent the Dow Jones Industrial Average to a session low , trading more than 250 points lower. Read the FT's full story here",262,False,1,False,Politics,2025-07-21,True,55.985,2025-07-22
https://www.cnbc.com/2025/07/23/stocks-of-japan-automakers-soars-after-us-lowers-auto-tariffs.html,2025-07-23 08:02:36 AM WIB,Japan auto stocks soar on report of lower tariffs — Toyota jumps over 15%,"Japan auto stocks soar on report of lower tariffs - Toyota jumps over 15%. Shares of Japanese automakers surged after Japanese Prime Minister Shigeru Ishiba said that U.S. auto tariffs were lowered to 15% from the current 25%, Reuters reported. Japan's Honda stock jumped more than 11%, while Toyota surged over 15%. Nissan jumped over 9%, and Mazda Motor surged over 17%. Mitsubishi Motors popped over 13%. Shares of South Korean carmaker Hyundai also rose 7% on the announcement, while Kia was up 6.75%. The original 25% tariff was halved to 12.5%, before adding a 2.5% ""Most Favored Nation"" base tariff, taking the total to 15%, according to a Google translation of a report by Japan's public broadcaster NHK. U.S. President Donald Trump previously announced a 25% tariff on all imported vehicles on March 26, which went into effect on April 2. Auto exports accounted for 28.3% of all Japanese shipments to the U.S. in 2024, according to customs data , making it a cornerstone of Tokyo's economy. Recent data from the trade ministry showed that Japan's exports of automobiles, which include cars, buses and trucks, had taken a hit. The country's automobile exports to the U.S. fell 26.7% in June following May's 24.7% plunge. While this is ""very good news"" for Japanese automakers, the country's auto industry faces other challenges, said Ed Rogers, CEO of Rogers Investment Advisors, who cited competition from Chinese and South Korean carmakers. ""But this does provide some very needed short-term assurance that U.S. tariffs will be manageable."" U.S. President Donald Trump announced Tuesday stateside that he had struck what he called the "" largest Deal ever "" with Japan, featuring 15% ""reciprocal"" tariffs on Japanese exports to the U.S. Posting on Truth Social, Trump also claimed that Japan would invest $550 billion into the U.S., and that America would receive ""90% of the Profits."" He added that Japan also agreed to open its market to a broader range of U.S. goods, including automobiles, trucks, rice, and other agricultural products",474,False,1,False,Asia Markets,2025-07-24,True,23.956666666666667,2025-07-25
https://www.cnbc.com/2025/07/23/hasbro-has-earnings-q2-2025.html,2025-07-23 10:03:39 PM WIB,Hasbro beats second-quarter expectations as gaming division offsets tariff-fueled toy slump,"Hasbro beats second-quarter expectations as gaming division offsets tariff-fueled toy slump. Toy and gaming giant Hasbro topped Wall Street expectations for the fiscal second quarter as strength in its digital gaming division helped offset continued weaknesses in its traditional toy business, weighed down by the impact of tariffs. ""While tariffs represent a headwind for the business,"" Hasbro's CEO, Chris Cocks, said on the company's earnings call. ""We are compensating for these costs through a combination of cost reductions, rebalancing our marketing spend, diversifying our supplier mix and implementing some targeted pricing actions."" Shares of the company fell roughly 4% in Wednesday morning trading. Here's how Hasbro performed in the quarter ended June 29 compared to what Wall Street was expecting, according to LSEG: The toy company reported a net loss of $855.8 million, or $6.10 per share, for the period, compared with net income of $138.5 million, or 99 cents per share, in the same quarter a year ago. Hasbro attributed the loss to a $1 billion goodwill impairment related to its consumer products segment and the impact of tariffs. Adjusting for that impairment as well as one-time items related to restructuring and severance costs, among others, Hasbro reported adjusted earnings per share of $1.30. Overall revenue declined 1% from the same quarter last year, but the company's gaming division continued to outperform. Wizards of the Coast and digital gaming brought in $522.4 million in sales, up 16% year over year. Hasbro cited strong demand for Magic: The Gathering and Monopoly Go! ""This isn't just a one-off moment. It's a clear indication of the power of Magic's community,"" Cocks said. ""Magic is stronger than ever, and we're just getting started."" Meanwhile, the company's consumer products segment saw revenue fall 16% to $442.4 million, pressured by ""anticipated softness in Toys driven by retailer order timing and geographic volatility,"" Hasbro said in the release. Revenue in the entertainment segment dropped 15% to $16 million. Hasbro raised its full-year guidance and now expects mid-single-digit revenue growth, adjusted earnings before interest, taxes, depreciation and amortization, or EBITDA, of between $1.17 billion and $1.2 billion, and adjusted operating margins of 22% to 23%",516,True,2,False,Earnings,2025-07-24,True,9.939166666666667,2025-07-25
https://www.cnbc.com/2025/07/24/asia-stock-market-live-updates-us-japan-trade-deal.html,2025-07-24 06:41:24 AM WIB,Japan's Topix hits record high as Asia-Pacific stocks climb on trade deal optimism,"Japan's Topix hits record high as Asia-Pacific stocks climb on trade deal optimism. Overnight in the U.S., the S&P 500 climbed 0.78% to a record close of 6,358.91 - its 12th of the year",56,False,1,True,Markets,2025-07-24,False,1.31,2025-07-25
https://www.cnbc.com/2025/07/24/european-central-bank-holds-rates-as-tariffs-keep-policymakers-on-edge.html,2025-07-24 07:17:13 PM WIB,European Central Bank holds interest rates as tariff turmoil keeps policymakers on edge,"European Central Bank holds interest rates as tariff turmoil keeps policymakers on edge. The European Central Bank on Thursday kept interest rates steady amid major economic uncertainty, as the European Union scrambles to negotiate a trade agreement with the U.S. before the end of the month. The ECB has cut interest rates at each of its four meetings so far this year, taking its key deposit facility from 3% in January to 2% in June. Last year it reduced rates from a record high of 4%. ""The environment remains exceptionally uncertain, especially because of trade disputes,"" the ECB said in a statement, adding that its inflation and growth outlook from June remained supported by recent data. While annual inflation in the euro area hit the central bank's 2% target last month , traders widely expected a hold in July - in large part due to geopolitical volatility. The U.S. is the EU's biggest bilateral trade and investment partner and the 27-member bloc exported 503 billion euros ($590 billion) in goods to the States last year. As of Thursday, the future of that trade relationship remained up in the air, with one possibility being a 15% baseline tariff rate on all EU imports to the U.S., along with retaliatory measures on the EU's part. ECB officials have been suggesting for some time that their work in bringing down inflation is nearly done, as it hunts for the so-called neutral level at which rates are neither stimulating, nor restricting growth. ECB Chief Economist Philip Lane told CNBC earlier this month that ""the last cycle is done, bringing inflation down,"" but that policymakers would remain alert to any changes in the medium-term outlook. In a news conference following the decision, ECB President Christine Lagarde said that the euro zone economy had performed better than expected in the first quarter . That was partly because of front-loading of exports ahead of expected tariff hikes, but also due to stronger private consumption and investment, rising real incomes and easier financing conditions, she said. Stressing current levels of uncertainty in forecasting, Lagarde went on to say that risks to growth were ""tilted to the downside,"" with an escalation in trade tensions potentially dragging down exports, investment and consumption, as well as weighing on business and household sentiment. Conversely, a quick resolution in trade tensions along with higher European defense and infrastructure spending could boost growth more than previously forecast in the coming months, she said. Investors have been keen to assess whether the central bank is concerned about the recent appreciation in the euro , which can have a deflationary effect as imports get cheaper. Lagarde noted Thursday that a stronger euro could ""bring inflation down further than expected"" and that higher global tariffs could concurrently dampen price rises, if countries with overcapacity reroute their exports to the euro area. The euro was choppy following the ECB decision, trading around 0.08% lower against the U.S. dollar at 5:32 p.m. in London at $1.176. That is still up from a rate of around $1.026 at the start of the year, as investors have broadly shifted away from the greenback due to political and fiscal uncertainty. However, Lagarde again stressed that the ECB is monitoring a flip-side scenario in which fragmented supply chains constrain the domestic economy and push up prices worldwide. Higher fiscal spending and extreme weather events also risk an uptick in inflation, she said, describing the current situation as ""wait and watch"" but policy overall as in a ""good place."" Economists at RBC Capital Markets said in a note that Lagarde's press conference appeared to emphasise positive signals coming from the euro area economy and downplay concerns about inflation weakness, leading them to change their call to a hold on rates at 2% for the remainder of the year. Joe Nellis, economic advisor at accountancy MHA, said one more rate cut may still come in 2025, but that the ECB would wait to confirm that 30% U.S. tariffs on EU goods from Aug. 1 can be avoided. ""If a U.S.-EU trade deal isn't reached beforehand, the ECB may look at cutting rates again in September to counter-act the barriers to economic growth that tariffs will impose,"" Nellis said. Mark Wall, chief European economist at Deutsche Bank, said that the ECB would be keeping all options on the table - which could even mean a return to rate hikes on the horizon. ""If trade uncertainty fades, the combination of a resilient economy and significant fiscal easing will eventually translate into upside risks to inflation. Markets are not far away from switching focus from the last cut to the first hike,"" Wall said",986,True,3,False,Economy,2025-07-25,True,12.713055555555556,2025-07-28
https://www.cnbc.com/2025/07/29/5-things-to-know-before-the-stock-market-opens-on-tuesday-july-29.html,2025-07-29 06:17:23 PM WIB,5 things to know before the Tuesday open: Another record  | Baseline tariffs | Fed meeting ruling,"5 things to know before the Tuesday open: Another record | Baseline tariffs | Fed meeting ruling. Here are five key things investors need to know to start the trading day: The S&P 500 was able to inch higher on Monday, notching its sixth straight all-time high closing record. While that's good enough news on paper, it was a rather unexciting move considering the trade deal between the U.S. and European Union announced on Sunday. Monday's muted action may underscore uncertainty about the many potential catalysts on deck this week. There's a deluge of earnings reports expected and a Federal Reserve policy meeting, as well as key economic data on labor and inflation due. S&P 500 futures advanced on Tuesday morning as traders wondered if the streak could continue. Follow live market updates here. With the White House's Friday tariff deadline just days away, President Donald Trump offered a broad proclamation. Countries that have not ironed out deals with the U.S. will face a base tariff ""in the range"" of 15% to 20%, he said on Monday . Remember, as CNBC's Erin Doherty noted , that any rate in this range would be higher than the 10% baseline tariff first announced by Trump in April. With the deadline looming, the question is which countries will manage to secure better deals before time runs out. Billions of dollars in cost cuts are coming for Merck over the next few years, the company said Tuesday. It plans to slash $3 billion by the end of 2027 as it readies for the patent expiration of cancer drug Keytruda the following year. Additionally, as CNBC's Annika Kim Constantino reported , the announcement comes as pharmaceutical makers grapple with the tariff outlook and aim to build up domestic manufacturing. Merck posted second-quarter revenue that came in slightly lower than Wall Street expected and provided a narrower range for full-year guidance. The Federal Reserve will keep its policy meeting closed to the public this week, as it has for half a century. While that's business as usual for those who follow central bank gatherings, the decision comes at the hands of a U.S. District Court judge - who on Monday rejected a request from a Trump-aligned investment fund to open the meeting to the public. This is the latest installment in an ongoing pressure campaign from Trump and his allies to press the Fed to lower interest rates. But the White House may need to wait: Fed funds futures are pricing in a more than 97% likelihood of the central bank keeping rates unchanged at this week's meeting, according to CME Group's FedWatch tool. Starting next month, the Las Vegas Sphere - that giant dome known for its larger-than-life concerts - will screen the hit 1939 movie ""The Wizard of Oz."" There's an artificial intelligence component, as well. Engineers partnered with Google Cloud on using AI ""outpainting"" to expand the original film to fill the space. The goal, as CNBC's Krysta Escobar reports , is to have viewers feel like they were in the studio as the movie was being made",645,True,2,False,5 Things to Know,2025-07-30,True,13.710277777777778,2025-07-31
https://www.cnbc.com/2025/07/30/gdp-q2-2025-.html,2025-07-30 07:30:28 PM WIB,"U.S. economy grew at a 3% rate in Q2, a better-than-expected pace even as Trump's tariffs hit","U.S. economy grew at a 3% rate in Q2, a better-than-expected pace even as Trump's tariffs hit. The U.S. economy grew at a much stronger-than-expected pace in the second quarter, powered by a turnaround in the trade balance and renewed consumer strength, the Commerce Department reported Wednesday. Gross domestic product , a sum of goods and services activity across the sprawling U.S. economy, jumped 3% for the April through June period, according to figures adjusted for seasonality and inflation. That topped the Dow Jones estimate for 2.3% and helped reverse a decline of 0.5% for the first quarter that came largely due to a huge drop in imports, which subtract from the total, as well as weak consumer spending amid tariff concerns. Financial markets reacted little to the report, with stock index futures mixed and Treasury yields higher. ""The word of the summer for the economy is 'resilient,'"" said Heather Long, chief economist at Navy Federal Credit Union. ""The consumer is hanging in there, but still on edge until the trade deals are done."" The period reported Wednesday includes President Donald Trump 's April 2 ""liberation day"" tariff announcement. Imports had jumped in the first quarter as companies sought to get ahead of the announcement. Over the past three months, Trump has been engaged in multiple rounds of saber-rattling and often intense negotiations with U.S. trading partners that have jangled nerves but nonetheless coincided with a subdued but solid pace of economic growth. The talks have largely resulted in tariffs well above where they were at the beginning of the year but not as severe as initially proposed. ""The anti Trump story has been that we're going to have a recession or a depression because of the tariffs, which are going to jack up prices and cause consumers to run for the exits"" Kevin Hassett, National Economic Council director, said on CNBC. ""In fact, every single thing about this GDP release has shown strength."" Consumer spending rose 1.4% in the second quarter, better than the 0.5% in the prior period. While exports declined 1.8% during the period, imports fell 30.3%, reversing a 37.9% surge in Q1. The GDP tally showed strength across key areas of the economy, as well as evidence that inflation is ebbing though not eradicated. The personal consumption expenditures price index, the Federal Reserve's key inflation metric, showed a gain of 2.1% for the quarter, just above the central bank's 2% target. Core PCE inflation, which the Fed considers a better gauge for longer-run trends as it excludes volatile food and energy prices, increased 2.5%. The respective numbers for the first quarter were 3.7% and 3.5%. The Fed meets later Wednesday and is expected to hold its key overnight borrowing rate steady in a 4.25%-4.5% range, where it has been since December. Trump responded to the GDP report with a fresh demand for the Federal Reserve to lower interest rates. ""2Q GDP JUST OUT: 3%, WAY BETTER THAN EXPECTED!"" Trump posted on Truth Social. Using his nickname for Fed Chair Jerome Powell , the president added ""'Too Late' MUST NOW LOWER THE RATE. No Inflation! Let people buy, and refinance, their homes!"" There were some signs of a slowdown in the report. Final sales to private domestic purchasers, a metric that Fed watches closely as a demand indicator, rose just 1.2%, down from the 1.9% increase in Q1 and the slowest gain since the fourth quarter of 2022. The decline in exports added more than 5 percentage points to the headline number, meaning the trend could reverse in the third quarter. Trump has been complaining about high mortgage rates, which have held back the housing market. Residential investment fell 4.6% in Q2. At the same time, GDP posted its strong rise without help from government spending. Federal outlays declined 3.7%, coming off a 4.6% drop in the first quarter. State and local government spending rose 3%",861,True,2,False,Economy,2025-07-31,True,12.492222222222223,2025-08-01
https://www.cnbc.com/2025/07/31/trumps-aug-1-tariff-deadline-those-who-have-and-havent-signed-deal.html,2025-07-31 10:34:48 AM WIB,Trump’s tariff deadline is near. Here’s a look at countries that have a deal — and those that don't,"Trump's tariff deadline is near. Here's a look at countries that have a deal - and those that don't. Come Friday, the world will have to contend with higher tariff rates from the Trump administration, raising the specter of even more economic uncertainty. For most countries, that can of worms has been kicked twice down the road, from ""Liberation Day"" on April 2, to July 9, and now to Aug. 1. Back in April, Trump had claimed to have done ""over 200 deals"" in an interview with Time Magazine, and trade advisor Peter Navarro had said that ""90 deals in 90 days"" was possible. The country has fallen far short of that, with only eight deals in 120 days, including one with the 27-member European Union. Here are where things stand in global trade. The U.K. led the charge on trade agreements with the U.S., striking one as early as May. The framework includes a 10% baseline tariffs on U.K. goods, as well as various quotas and exemptions for products such as autos and aerospace goods. But even after U.S. President Donald Trump met with Prime Minister Keir Starmer in Scotland recently, some points in their trade agreement remain uncertain. That includes tariffs on U.K. steel and aluminum, which the U.S. agreed to slash. Talks about the U.K.'s digital services tax, which Trump wants scrapped, also seem to be continuing. Vietnam was the second to cross the line with the Trump administration, with Trump announcing a trade agreement on July 2 that saw the tariff imposed on Vietnam slashed from 46% to 20%. One point with Vietnam was a 40% ""transshipping"" tariff on goods originating in another country and transferred to Vietnam for final shipment to the U.S, although it is not clear how this will be applied. Trump also claimed that there would be full market access to the country for U.S. goods. Chinese manufacturers have used transshipping to sidestep the hefty tariffs on its direct shipments to the United States, using Vietnam as a major transshipment hub. However, it seems that Vietnam was blindsided by the 20% rate imposed, according to a report by Politico. Politico said negotiators had expected a 11% levy, but Trump unilaterally announced the 20% rate. Indonesia's tariff rate was cut to 19% from 32% in its agreement with Trump, announced on July 15. The White House said Indonesia will eliminate tariff barriers on over 99% of U.S. products exported to Indonesia across all sectors, including agricultural products and energy. The framework also says the countries will also address various ""non-tariff barriers"" and other obstacles that the U.S. faces in Indonesian markets. Unlike its ASEAN counterparts above, which had sizable reductions to its tariff duties, the Philippines saw a decrease of a single percentage point to 19% from 20% on July 22. Manila will not impose tariffs on U.S. goods as part of the agreement, according to Trump, who praised the country for what he described as ""going OPEN MARKET with the United States."" In addition, Trump also said that the Philippines will work together ""Militarily,"" without specifying any details. The two countries are already treaty allies, with Manila hosting U.S. troops and having a mutual defense treaty going back to 1951. Japan was the second major Asian economy to come to an agreement with the U.S. after China, seeing its tariff rate cut to 15% from 25% on July 23, and being the first economy to see a lower preferential tariff rate for its key automobile sector. Trump called the agreement ""perhaps the largest Deal ever made,"" while adding that Japan would invest $550 billion in the United States and the U.S. would ""receive 90% of the Profits."" The path to this agreement was fraught with uncertainty, with Trump saying days before the agreement that he did not expect the two countries to reach a deal. He described Japan on separate occasions as ""very tough"" in trade talks and suggested the country was ""spoiled"" for not accepting U.S. rice despite facing a domestic rice shortage . The European Union's agreement with the U.S. was struck just days ago, after long negotiations. EU goods are now facing a 15% baseline tariff rate, half the 30% Trump had previously threatened the bloc with. Existing duties on autos will be reduced to 15%, and levies on some products like aircraft and certain drug generics will go back to pre-January levels. But the deal has been met with criticism , including from some European leaders. French Prime Minister Francois Bayrou went as far as saying it was an act of ""submission"" and a ""dark day."" EU Trade Commissioner Maros Sefcovic, however, called it ""the best deal we could get under very difficult circumstances."" South Korea is the latest country to reach an agreement , on Thursday, with the terms being somewhat similar to the one Japan received. The country will see a blanket 15% tariff on its exports, while duties on its auto sector are also lowered to 15%. South Korea ""will give to the United States $350 Billion Dollars for Investments owned and controlled by the United States, and selected by myself, as President,"" Trump said. U.S. Commerce Secretary Howard Lutnick said ""90% of the profits"" from that $350 billion investment will be ""going to the American people."" However, South Korean President Lee Jae Myung said the $350 billion fund will play a role in facilitating the ""active entry"" of Korean companies into the U.S. market into industries such as shipbuilding and semiconductors. The Trump administration's trade talks with China has taken a different tack than the rest of the world. The world's second largest economy was firmly in Trump's trade crosshairs from the moment he took office. Rather than a deal, China has reached a series of suspensions over its ""reciprocal"" tariff rate. It was initially hit with a 34% tariff from ""Liberation Day,"" before a series of back-and-forth measures between the two sides saw the duties skyrocket to 145% duties for Chinese imports to the U.S. and 125% for U.S. imports to China. However, both sides agreed to reduced tariffs in May , after their first trade meeting in Geneva, Switzerland. The truce was agreed to last till Aug. 12. China currently faces a 30% combined tariff rate, while the U.S. is looking at 10% duties. The countries' most recent meeting in Stockholm ended without a truce extension, but U.S. Treasury Secretary said that any truce extension will not be agreed to until Trump signs off on the plan. For countries without a deal, it appears that a higher global baseline tariff of about 15%-20% will be slapped on them, according to Trump, higher than the 10% baseline announced on ""Liberation Day."" Countries with a trade surplus with the U.S. will most likely see a higher ""reciprocal"" tariff rate. Here are some key trading partners that have not agreed to a deal with the U.S. On Wednesday, Trump announced a 25% tariff on India, with an additional unspecified ""penalty"" for what he views as unfair trade policies and for India's purchase of military equipment and energy from Russia. ""While India is our friend, we have, over the years, done relatively little business with them because their Tariffs are far too high, among the highest in the World,"" Trump said in a post on Truth Social. The 25% tariff rate is modestly lower than what Trump imposed on India on "" Liberation Day ,"" when he announced a 26% rate on the key trading partner, but at the high end of the 20%-25% range that the U.S. president said he was considering. There has been frequent back-and-forth between Canada and the U.S. over tariffs in recent months, with the country being hit by duties even before Trump announced his so-called ""reciprocal"" tariffs. Canada is now facing 35% tariffs on various goods from Aug. 1, with Trump also threatening to increase that rate in case of retaliation. The rate is separate from any sectoral tariffs. Trump has repeatedly cited drugs flowing from Canada to the U.S. as a reason for his move to impose tariffs. Canadian Prime Minister Mark Carney said earlier this week that the partners were in an ""intense phase"" of talks, noting that it would be unlikely for an agreement not to include any tariffs, Reuters reported . Like Canada, Mexico has also long been a U.S. tariff target, with Trump citing drugs and illegal migration as factors in his decision to announce levies on the U.S.' southern neighbor. The president has said that Mexico has not done enough to secure the border. Mexico is set to be hit with a 30% tariff, with any retaliation set to be met with an even higher rate from the U.S. The Mexican government has stressed that it is important for the trading partners to resolve their issues ahead of Aug. 1, but there have not been many signs of progress toward an agreement in recent weeks. Australia currently faces the baseline 10% as it runs a trade deficit with the United States. However, the country could be facing a higher tariff rate if Trump decides to raise his baseline rate to 15%-20%. Canberra has not been publicly known to be in trade talks with Washington, with Prime Minister Anthony Albanese reportedly arguing that Australia's deficit with the U.S. and its free trade agreement should mean there should be no tariff on Australian imports. Most recently, Australia relaxed restrictions on U.S. beef, a move which the office of the U.S. trade representative credited to Trump, but Albanese had reportedly said the move was not prompted by Trump",2042,True,5,False,Trade,2025-08-01,True,21.42,2025-08-04
https://www.cnbc.com/2025/08/09/trump-zelenskyy-rejects-ukraine-russia-territory-swap-proposal.html,2025-08-09 06:27:23 PM WIB,Zelenskyy rejects Trump's proposal that Ukraine could swap territories with Russia,"Zelenskyy rejects Trump's proposal that Ukraine could swap territories with Russia. Ukraine's President Volodymyr Zelenskyy defiantly declared Saturday that his countrymen ""will not give their land to occupiers,"" after President Donald Trump suggested that a peace deal would include some ""swapping"" of territories with Russia . ""The answer to Ukraine's territorial question is already in the constitution of Ukraine,"" Zelenskyy said in a message on Telegram early Saturday. ""No one will and no one can deviate from it. Ukrainians will not give their land to the occupier."" His comments came after Trump announced on Truth Socia l that a long-awaited meeting with Russian President Vladimir Putin had been scheduled for next Friday in Alaska. Further details and logistics of the meeting are still unclear and remain very fluid, including whether Zelenskyy will be involved. Trump did not mention the Ukrainian President in the post announcing the meeting with Putin. Later Friday, at the White House, Trump suggested that there have been talks about Russia and Ukraine potentially ""swapping"" territory as part of a ceasefire deal. ""There'll be some swapping of territories to the betterment of both and ... we'll be talking about that either later or tomorrow, or whatever."" More from NBC News: A White House official also said Friday that the Russians have provided a list of demands for a potential ceasefire for the war in Ukraine, and the U.S. is trying to get buy-in from Ukrainians and European allies. But in his message Saturday, Zelenskyy said any decision taken without Ukraine were ""decisions against peace,"" adding, ""They will not achieve anything."" The White House had not commented on Zelenskyy's message by early Saturday. Russia's demands have previously included Ukraine ceding all the land that Putin claims to have annexed and accepting permanent neutrality, with a ban on Ukraine ever joining NATO. Putin claims four Ukrainian regions - Luhansk, Donetsk, Zaporizhzhia and Kherson - as well as the Black Sea peninsula of Crimea, which he annexed in 2014. Russian forces do not fully control all the territory in each region. It remains unclear whether Trump's reference to ""swapping"" territories means formal cession of land or a withdrawal from areas currently under each side's control. Zelenskyy and Ukrainian officials have long said they would not concede any territory that Russia illegally annexed. Ukraine has also insisted that any agreement must include ""security guarantees"" from its allies so that Moscow is not able to launch future aggression. The meeting in Alaska will be Trump and Putin's first encounter since the invasion of Ukraine, the deadliest conflict in Europe since World War II , and comes after the relationship between the two leaders has wavered. In Trump's first term, the president called Putin a strong and smart leader and said he ""got along great"" with him. But after promising to solve the conflict within 24 hours during his presidential campaign, Trump has since extended that deadline and has expressed his frustration at the Russian president's seeming unwillingness to end the war. Trump had threatened to impose new sanctions and tariffs from Friday against Moscow and countries that buy its exports unless Putin agreed to end the conflict. It was unclear by Saturday morning whether those sanctions would take effect or be delayed or canceled. Trump's ultimatums have not prompted the Kremlin to move one inch on its war in Ukraine so far, other than to give the president a meeting. Although Trump's agreement to a meeting suggested a chance for progress, it was far from certain anything substantial would be achieved, Peter Watkins, an associate fellow at Chatham House, a London-based think tank, told NBC News Saturday. ""The underlying issues have not changed,"" he said. ""For Russia, this isn't just about territory, it's about controlling Ukraine as a whole."" He also noted that Trump would likely want to leave the summit with something to show for it, but the outcome might be only ""another step"" in a protracted process rather than a decisive deal. Promises of talks between Trump and Putin have done little to quiet the violence on the ground since their announcement. The last time Alaska hosted a high-stakes diplomatic gathering was in March 2021, when senior officials from the administration of Democratic former President Joe Biden met with top Chinese officials in Anchorage. On the ground, the Kremlin's larger army is slowly advancing deeper into Ukraine at great cost in troops while it relentlessly bombards Ukrainian cities. Overnight, Russian drone strikes hit a minibus in a suburb of Kherson, killing two and leaving six injured, the region's prosecutor's office said Saturday. Ukraine's Air Force Command said Saturday that Russia launched 47 drone strikes overnight in multiple Ukrainian regions, with 31 of them making landfall",1002,True,3,False,Politics,2025-08-10,True,13.543611111111112,2025-08-12
https://www.cnbc.com/2025/08/11/us-china-truce-extension-hangs-in-the-balance-as-deadline-looms-.html,2025-08-11 01:10:34 PM WIB,U.S.-China high-stakes tariff truce extension hangs in the balance as deadline looms ,"U.S.-China high-stakes tariff truce extension hangs in the balance as deadline looms. The U.S. and China have yet to announce an extension to their tariff deadline, with tensions over several thorny issues flaring up again just as a fragile truce nears its expiry. Following the latest bilateral meeting in Stockholm in July, Beijing had struck an optimistic tone, saying that both sides would work toward extending the tariff truce by another 90 days. U.S. negotiators, however, had put the ball in President Donald Trump's court on prolonging the tariff truce. Trump, so far, has offered little indication on whether he will go for an extension, stoking concerns that tensions between the world's two largest economies could rise again. In May, the two sides agreed to a 90-day tariff truce that reduced the prohibitive 145% duties in April while also pausing a series of punitive measures, allowing room for further negotiation to reach a lasting deal. That agreement is set to expire Tuesday. China's U.S.-bound shipments currently face a 20% tariff related to the country's alleged role in the flow of fentanyl into the U.S. and a 10% baseline tariff, stacked on top of a 25% duty on certain goods imposed during Trump's first term. American goods to China are subject to over 32.6% tariffs, according to the Peterson Institute for International Economics . The Office of the United States Trade Representative and Ministry of Foreign Affairs of China did not respond to CNBC's requests for comments. While an official tariff extension still hangs in the balance, experts widely expect a summit between Trump and Xi to take place in Beijing in the coming months. ""That implies a more stable U.S.-China relationship ... but by no means a friendlier one,"" said Ian Bremmer, president and founder of Eurasia Group, noting that both sides are ""structurally heading more toward decoupling as a consequence of the new global trade and geopolitical environment."" Despite the tariff truce, trade between the Washington and Beijing has been hit substantially. China's July trade data showed its exports to the U.S. shrank for a fourth consecutive month, falling 21.7% from a year earlier . Shipments in May had sunk by the most since the start of the pandemic, according to data from Wind Information. A potential trade deal could involve China committing to ramp up purchases of U.S. goods, particularly energy, agricultural goods, and if the U.S. allowed it, semiconductors and chipmaking equipment, said Julian Evans-Pritchard, head of China economics at Capital Economics. China's overall imports from the U.S. dropped 10.3% in the January to July period. The final deal could take various forms, said Evans-Pritchard, noting that one of the most probable outcome would be a ""sequel"" to the phase-one agreement signed in January 2020 . At that time, China had agreed to a $200 billion increase in annual purchases of U.S. goods and services relative to the 2017 levels, a target that Beijing eventually failed to meet as the pandemic disrupted trade. ""It is plausible that Trump may treat the Phase One deal as unfinished business, revamping it with even higher purchase targets,"" added Evans-Pritchard. In a post on Truth Social Sunday night stateside , Trump said he hoped China to ""quickly quadruple its soybean orders."" China has ramped up soybean purchases in recent months, with imports volumes growing 36.2%, 10.4% and 18.4% in May, June and July, respectively, according to Wind Information. China's total exports to the U.S. have dropped 12.6% this year as of July. That has, however, been largely offset by a 13.5% export growth to Southeast Asian nations, drawing scrutiny over the so-called ""transshipment"" of goods. Trade experts have warned that exports - a critical growth driver for China's economy - could slow down in the coming months as Trump levies a blanket 40% tariff on goods routed through third-party countries, although providing little clarity over how those shipments would be defined. Tensions between the U.S. and China on semiconductor export controls have also escalated in recent weeks, even as Nvidia plans to resume sales of its H20 chip to China , reversing export controls on H20 sales imposed by Trump in April. The H20 resumption signaled a ""modest course correction rather than a strategic shift,"" said Gabriel Wildau, managing director at political consultancy Teneo, noting that substantial export-control loosening will not occur. That said, Trump may consider offering concessions on export controls that others in his administration consider ""excessive"" in order to conclude a deal with Beijing, Wildau added. The resumption of H20 sales comes as national security hawks in the Trump administration warn that U.S. chips and other technology could strengthen China's AI sector and its military. Others argue that further restrictions risk backfiring, and could prompt Beijing to accelerate efforts to develop domestic alternatives and reduce reliance on American suppliers. Chinese officials have pushed for the U.S. to ease export controls on high-bandwidth memory chips - whose shipments to China were banned by former President Joe Biden in 2024 - the Financial Times reported Sunday. Nvidia and AMD have agreed to give the U.S. government 15% of their revenues from chip sales to China in order to secure export licenses, Financial Times reported . ""What we are seeing is in effect the monetization of U.S. trade policy in which American companies must pay the US government for permission to export. If that's the case, we've entered into a new and dangerous world,"" said Stephen Olson, senior visiting fellow at ISEAS-Yusof Ishak Institute and a former U.S. trade negotiator. The leverage that Beijing wields through its dominance of rare earths could be an additional factor pushing Trump to offer concessions - and a card that Beijing will almost certainly use, according to experts. Beijing agreed to relax its export ban on rare-earth metals and magnets to the U.S. in June and moved to expedite licensing process following a series of negotiations, although few details were made available about its commitment to speed up shipments of the critical minerals. In June, the country's rare-earth exports globally surged 60% to 7,742 metric tons, highest since January 2012, according to data on Wind Information, before dropping to 5,994.3 metric tons in July. China's exports of rare-earth magnets to the U.S. in June jumped more than seven times from the prior month, with American firms receiving about 353 metric tons of the permanent magnets in June, according to official customs data. A similar country-specific breakdown will be released on Aug. 20. Another thorny issue in the U.S.-China negotiation is Trump's threat of punishing Beijing with additional tariffs over its purchases of Russian oil. China has been the largest purchaser of Russian oil , followed by India, which saw U.S. tariffs doubled to 50% last week . Answering a question on whether he would consider penalizing China for the same reason, Trump said: ""I can't tell you yet. But I can - we did it with - we did it with India. We're doing it probably with a couple of others. One of them could be China."" China's overall imports from Russia edged higher in July to $10.06 billion, the highest level since March, although down 7.7% overall this year from the same period in 2024, according to the latest customs data. Xi held a phone call with President Vladimir Putin on Friday ahead of the Russian leader's meeting with Trump over the Russia-Ukraine that is now in its fourth year. The phone call with Putin appeared ""urgent"" as it took place during Xi's scheduled annual summer vacation, said Neo Wang, lead China economist at Evercore ISI. ""Both Xi and Putin would want to leverage their close ties in negotiations with Trump by making him guess what was actually talked about or even agreed on during their call,"" Wang added",1732,True,4,False,Economy,2025-08-12,True,18.823888888888888,2025-08-13
https://www.cnbc.com/2025/08/28/trump-tariffs-helped-increase-revenue-for-some-us-businesses.html,2025-08-29 02:10:06 AM WIB,Trump tariffs helped increase revenue for some U.S. businesses: 'We were in the right place at the right time',"Trump tariffs helped increase revenue for some U.S. businesses: 'We were in the right place at the right time'. While many businesses grapple with slimmer margins and declining revenue as they face higher tariff costs to import goods into the U.S., wedding dress retailer David's Bridal says it's profiting from the policy shift. ""I'm going to be the only person that's going to answer it this way: Tariffs helped us,"" David's CEO Kelly Cook tells CNBC Make It. Because David's owns nearly 40 manufacturers around the world, the company has been able to turn its supply chain into an additional revenue stream, Cook says. Since President Donald Trump announced higher tariffs on April 2 , Cook tells CNBC Make It the company has signed nearly a dozen deals with other businesses looking to produce their goods in David's factories located in countries with lower tariff duties. ""There are people that are winning,"" says Brian Pacula, a partner in supply chain practice at business and technology consulting firm West Monroe. Just over one-third of U.S. companies say they are experiencing positive effects from tariffs, according to a survey released by the firm in June. It's hard to pinpoint exactly which types of businesses are benefiting from tariffs, but Pacula says companies that primarily manufacture in the U.S. or have sources of supply outside of countries that have higher tariff levies are better situated to weather the tariff storm. David's Bridal is among a small group of companies benefitting from tariffs, but for most large corporations and small businesses, tariffs are creating significant strain, experts and entrepreneurs tell CNBC Make It. The impact of tariffs varies depending on where businesses choose to source materials and manufacture their products. On Aug. 7, updated tariff rates took effect on dozens of countries, ranging from 10% to 41%. The current U.S. tariff rate on Chinese imports stands at 30%, but it peaked at 145% in April and could return to that level in November. David's Bridal manufactures 90% to 95% of its inventory in-house, the company told CNBC in March. Cook says the company's design and production centers around the world produce more than just wedding dresses for the brand - they also make suitcases, men's suits, bathing suits, shoes and home textiles. When Trump announced plans to implement tariffs, many businesses that primarily manufactured in China began looking for alternative locations with lower tariff rates, like Vietnam and Sri Lanka, where David's Bridal already had established factories, Cook says. Goods imported from both countries currently face a 20% tariff . ""We've been in multiple countries for many years, and we did it simply to manage costs,"" and now it's a move that's paying off, Cook says. David's Bridal, which emerged from a second bankruptcy two years ago, did not disclose how much the added business will affect revenue for the year, but a spokesperson for the company says it's ""positively impacting the company's revenue stream and profit margins for 2025 and 2026."" ""We were in the right place at the right time,"" Cook says. ""We actually have more demand [from outside brands] than my team can keep up with right now ... It just sort of blew up and took off."" Smaller businesses - which generally have less cash flow and lobbying power - are left especially vulnerable, entrepreneurs and experts say. Some have had to lay off staff and cut salaries to stay afloat , and others are at risk of closing their companies altogether because they can't pay their bills at the border, small business owners recently told CNBC Make It. Even large brands are taking a hit: Activewear brand Nike estimates it will incur an additional $1 billion in costs due to Trump's tariffs, the company's chief financial officer Matthew Friend said on an earnings call in June. Help us help you: Take our survey on work, money and life goals Like David's Bridal, some businesses say they are searching for new revenue streams to offset the cost of tariffs. Nearly 1 in 5 business owners say they have pivoted or launched a new business in direct response to rising tariffs, investing an average of $20,000 to do so, according to a recent survey of 250 business owners conducted by Clarify Capital. That's no easy task, says Busy Baby CEO Beth Benike, whose company manufacturers baby mats and teething toys in China. Recently, she started making a small amount of money letting two other companies store their goods in Busy Baby's Minnesota warehouse, she says. ""We're bringing in additional revenue that's helping us stay afloat,"" she says. ""People are looking to the Midwest to move their warehousing ... We have lower expenses, so we can charge less."" However, that extra revenue is only a drop in the bucket, she says. The warehouse is making roughly $10,000 each month, and $7,000 of that goes toward rent, Benike estimates. She is in talks with other companies who want to use her warehouse, but if the current tariffs on imported Chinese goods stay in place, Busy Baby will add a 10% tariff surcharge at checkout by the end of the year, she says. Whether businesses continue sourcing from foreign suppliers facing tariffs or shift to more expensive domestic producers, production costs will rise, and those costs will be passed along to the consumer, Pacula says. Some small businesses, like Busy Baby, and large businesses, like Walmart, say they will have to raise prices to keep running. As a result, tariffs could cost U.S. households an additional $2,400 on average in 2025, estimates The Budget Lab at Yale University , a nonpartisan research center. If businesses don't pass along their increased costs to their customers, ""it's going to come through and lower margin, lower [earnings], lower share price, etcetera,"" Pacula says. ""It's either hitting our 401(k), or it's going to hit us right now as we go to the checkout counter."" Last chance to save: Want to stand out, grow your network, and get more job opportunities? Learn how to showcase your skills, build a stellar reputation, and create a digital presence that AI can't replicate. Sign up today with coupon code EARLYBIRD for an introductory discount of 30% off the regular course price of $67 (plus tax). Offer valid July 22, 2025, through September 2, 2025. Plus,",1368,True,3,False,Make It - Earn,2025-08-29,False,5.831666666666667,2025-09-01
https://www.cnbc.com/2025/09/11/european-central-bank-interest-rate-decision-september-2025.html,2025-09-11 07:16:25 PM WIB,European Central Bank leaves rates unchanged as tariff fallout lingers,"European Central Bank leaves rates unchanged as tariff fallout lingers. The European Central Bank held interest rates steady on Thursday as economic uncertainty persists in the wake of U.S. Donald Trump's aggressive tariff agenda. Ahead of the decision, markets had been pricing in an around 99% chance of the ECB's key deposit facility rate being left at 2% for the second consecutive time. The central bank last cut rates in June, bringing rates further down from last year's record high of 4%. ""Inflation is currently at around the 2% medium-term target and the Governing Council's assessment of the inflation outlook is broadly unchanged,"" the ECB said in a statement. The central bank added that it would follow a meeting-by-meeting, data-dependent approach and was not pre-committing to a specific path for interest rates. The ECB offered little indication on the future direction for rates. The ECB is grappling with global economic uncertainty, despite inflation in the euro zone hovering around the central bank's 2% target in recent months, and the EU striking a trade agreement with the U.S. The transatlantic partners agreed to 15% blanket tariffs on EU exports to the U.S. in July, with further details about the framework emerging last month. It addressed some questions for key European sectors like pharmaceuticals. However, questions remain as some issues - such as provisions for the wine and spirits sector - were left open. Concerns over further tariffs have also grown following Trump's threat of retaliations against the EU after it hit Alphabet 's Google with a $3.45 billion antitrust fine . Fears about the impact tariffs could have on economic growth remain. Growth in the euro zone has remained sluggish even as rates have come down, with the latest figures showing just 0.1% growth in the second quarter after a 0.6% expansion in the previous period. Lagarde on Thursday noted that ""risks to economic growth have become more balanced."" ""While recent trade agreements have reduced uncertainty, a renewed worsening of trade relations could further dampen exports and drag down investment and consumption,"" she said. Lagarde also noted that ""the outlook for inflation remains more uncertain than usual as a result of the still volatile trade policy environment."" In response to a question from CNBC's Annette Weisbach, Lagarde added that trade uncertainty had ""clearly diminished"" as risks like European retaliation against U.S. policy have diminished. But, Lagarde said, uncertainty has not returned to ""normal"", pre-Covid levels, adding that ""maybe there will not be a normal level."" Economists and analysts appeared divided on whether to expect more rate cuts looking ahead. Based on economic expectations, the central bank ""is in no hurry to reduce rates further,"" said Thomas Pugh, chief economist at consulting firm RSM. But, he noted, ""the 15% tariff on EU exports to the U.S. along with heightened uncertainty will weigh on demand, potentially leaving the door open to a further rate cut at the end of the year."" ""A combination of a hit to investment and exports, a stronger euro along with cheaper imports from China could dampen growth and inflation by enough to warrant another rate cut later this year,"" Pugh explained in a note. Elsewhere, Irene Lauro, euro zone economist at Schroders, said that Thursday's announcements ""confirm our view that the easing cycle has ended."" Lauro sees trade uncertainty fading and the euro zone's economic recovery accelerating as companies become less cautious and labor markets continue to be tight. ""Risks have shifted for the eurozone from trade uncertainty to political instability, with France now in the fiscal spotlight. But the resilience of the economy and strengthening domestic demand means the ECB can afford to keep monetary policy unchanged,"" she said. With the interest rate decision itself being widely anticipated, attention on Thursday focused on Lagarde's press conference and the latest projections for inflation and economic growth. The central bank last updated its economic forecasts in June. ""The new ECB staff projections present a picture of inflation similar to that projected in June. They see headline inflation averaging 2.1% in 2025, 1.7% in 2026 and 1.9% in 2027,"" the central bank said. In June, headline inflation was forecast to average 2% this year, 1.6% next year and 2% in 2027. So-called core inflation, which strips out food and energy costs, is expected to average 2.4% this year, unchanged from the previous estimate. Looking at economic growth, the ECB said that ""the economy is projected to grow by 1.2% in 2025, revised up from the 0.9% expected in June."" The forecast for 2026 was trimmed slightly to 1% growth",1000,True,3,False,Economy,2025-09-12,True,12.72638888888889,2025-09-15
https://www.cnbc.com/2025/09/25/this-oil-refiner-best-stock-is-seeing-insider-buying-and-could-break-out.html,2025-09-25 11:05:33 PM WIB,This oil refiner Best Stock is seeing insider buying and could break out,This oil refiner Best Stock is seeing insider buying and could break out. Josh Brown and Sean Russo break down this refining giant,27,False,1,True,Josh Brown’s Best Stocks in the Market,2025-09-26,True,8.9075,2025-09-29
https://www.cnbc.com/2025/10/02/taiwan-us-chip-production-tsmc-trade-tariffs.html,2025-10-02 11:30:14 AM WIB,"Taiwan rejects U.S. proposal for '50-50' chip production, says trade talks focused on tariffs ","Taiwan rejects U.S. proposal for '50-50' chip production, says trade talks focused on tariffs. Taiwan will not accept Washington's proposal to locally manufacture half the chips it currently supplies to the U.S., the island's top trade negotiator said. Speaking to reporters, Cheng Li-chiun, also the country's vice premier, said on Wednesday that the proposal for a ""50-50"" split in semiconductor production was not even discussed, as she returned from trade talks in the U.S., according to Taiwan's Central News Agency. Cheng said the talks were focused on lowering tariff rates, securing exemptions from tariff stacking - additional duties - and reducing levies on Taiwanese exports. Taiwan currently faces a ""reciprocal"" tariff rate of 20%. Washington has held discussions with Taipei about the ""50-50"" split in semiconductor production, which would cut American reliance on Taiwan, Commerce Secretary Howard Lutnick said last weekend in an interview to NewsNation, adding that currently 95% of the U.S. demand was met via chips produced within Taiwan. ""My objective, and this administration's objective, is to get chip manufacturing significantly onshored - we need to make our own chips,"" Lutnick said. ""The idea that I pitched [Taiwan] was, let's get to 50-50. We're producing half, and you're producing half."" U.S. President Donald Trump had also taken aim at the island's dominance in chips earlier this year, accusing it of ""stealing"" the U.S.' chip business. The Office of the U.S. Trade Representative and Taiwan's Ministry of Economic Affairs did not immediately respond to CNBC's request for comments. Lutnick's proposal has been condemned by Taiwan's politicians, with Eric Chu, chairman of the island's principal opposition party Kuomintang, calling it ""an act of exploitation and plunder,"" according to the Central News Agency report. ""No one can sell out Taiwan or TSMC, and no one can undermine Taiwan's silicon shield,"" Chu said, referring to Taiwan Semiconductor Manufacturing Company , the world's leader in advanced chip manufacturing. Taiwan's critical position in global chips production is believed to have assured the island nation's defense against direct military action from China, often referred to as the ""Silicon Shield"" theory. In his NewsNation interview, Lutnick downplayed the ""Silicon Shield,"" arguing that Taiwan would be safer with more balanced chip production between Washington and Taipei. Beijing views the democratically governed island of Taiwan as its own territory and has vowed to reclaim it by force if necessary , while Taipei rejects those claims . Taiwan People's Party Chairman Huang Kuo-chang reportedly called Lutnick's proposal an attempt to ""hollow out the foundations of Taiwan's technology sector.""",599,True,2,False,Technology,2025-10-03,True,20.496111111111112,2025-10-04
https://www.cnbc.com/2025/10/02/defense-bae-saab-and-rheinmetall-welcome-europes-drone-wall-plans.html,2025-10-02 12:15:07 PM WIB,‘We stand ready’: Defense giants welcome Europe’s push to build a drone wall to repel Russia,"'We stand ready': Defense giants welcome Europe's push to build a drone wall to repel Russia. Defense giants welcomed Europe's push to establish a drone wall on the region's eastern flank, saying the flagship policy will help to counter a rapidly increasing security challenge. Dozens of political leaders convened in Copenhagen, Denmark on Wednesday to thrash out how to bolster the European Union's defenses - and, perhaps most importantly, how to finance and operate these projects. Swedish defense manufacturer Saab said it welcomed initiatives designed to strengthen Europe's defense capabilities, adding that it ""would be happy"" to discuss how the defense industry can contribute to the proposed drone wall. ""It is clear that the drone threat is rapidly increasing in civilian as well as military contexts and that a collaborative European effort could effectively meet this threat,"" Mattias Rådström, head of media relations at Saab, told CNBC by email. Momentum behind the concept of a multi-layered drone wall on Europe's eastern flank has been building in recent weeks. Poland, Estonia, Lithuania and Romania - EU and NATO members on Europe's northern and eastern flank close to Russia - have all recently reported airspace incursions allegedly involving Russian jets or drones. Denmark and Norway, meanwhile, have also reported unidentified drones in their airspace in recent days, with the incidents leading to significant disruption to airports and air traffic. Russia has denied it's behind the drone provocations against its European neighbors, describing them as "" unfounded accusations ."" Regardless, the airspace incursions have fueled calls from several EU member states to build a drone wall, one which can better protect the region's eastern flank from potential attacks. Speaking in early September, European Commission President Ursula von der Leyen said that the EU ""must heed the call of our Baltic friends and build a drone wall."" She described the prospect as ""the bedrock of credible defence."" British defense contractor BAE Systems , which has seen its drone portfolio grow rapidly in terms of scale, output and capabilities in recent years, said it already provides ""the backbone"" of European air power through the Typhoon's NATO air-policing role. ""We stand ready to further support the initiatives and requirements of NATO allies and partners,"" a BAE Systems spokesperson told CNBC by email. German arms maker Rheinmetall , for its part, said the EU summit comes at a time when there is already ""a high level of interest"" in both unmanned aerial systems (UAS) and counter UAS drone defense. ""Drones are relatively easy targets to combat because they often fly slowly and very low,"" a Rheinmetall spokesperson told CNBC by email. ""The challenges lie in detecting and distinguishing between small drones (mini and micro drones) and in defending against swarm attacks. Effective drone defence must combine several countermeasures, with cannon-based drone defence taking centre stage in our view, as this is the only cost-effective measure,"" they added. It is within this context that a cannon-based drone defense system is the ""ideal means"" of defending against drones at close range in terms of cost-benefit, efficiency and reliability, the Rheinmetall spokesperson said. As EU leaders convened on Wednesday, Denmark's defense ministry said a number of European nations had contributed anti-drone equipment, expertise and personnel to help strengthen the country's defense against drones this week. Ukraine, an expert in drone warfare after three years of war with Russia , also lent Denmark its anti-drone expertise. It's not just established defense giants closely monitoring the prospect of a drone wall on Europe's eastern flank. Jens Holzapfel, business director at Swedish defense drone company Nordic Air Defense (NAD), also welcomed what he described as a ""bold and ambitious"" plan. ""I think it is very important and we certainly welcome that initiative because every investment in drone defense is much needed and, of course, it is very pleasant to see that European leaders are uniting around a common perception of the threat,"" Holzapfel told CNBC by video call. The push to develop the drone wall has raised some concerns, however. NAD's Holzapfel cited the name itself as a potential problem, saying the idea of a drone wall risks oversimplifying the reality. ""This will be a network of radars, other sensors and countermeasures that need to be sort of interoperable and integrated. So, it is not an easy trick to pull off,"" Holzapfel said. He stressed that the EU should also be cognizant to the risk of drones being launched from within its territory, saying nation state attackers or even non-state actors might have been inspired by Ukraine's notorious ""Spiderweb"" drone attack on strategic targets deep within Russia earlier this year. ""My concern is that the establishment of the drone wall will drown in the regular European bureaucracy and haggling between member states over who's calling the shots, and which companies will be involved, and so forth,"" Holzapfel said. ""It's last minute to establish a drone wall and I'm worried that we will not be able to pull this off at the speed that is required,"" he added",1078,True,3,False,Defense,2025-10-03,True,19.748055555555556,2025-10-04
https://www.cnbc.com/2025/10/27/european-markets-on-octpoint27-stoxx-600-ftse-dax-cac-.html,2025-10-27 01:27:18 PM WIB,"European markets end higher with Fed meeting, Trump-Xi summit in focus","European markets end higher with Fed meeting, Trump-Xi summit in focus. LONDON - European stocks were higher on Monday as traders look ahead to the U.S. Federal Reserve's meeting, more earnings and signs of a rapprochement between Washington and Beijing. The pan-European Stoxx 600 preliminarily closed Monday's trading session 0.2% higher. The U.K.'s FTSE 100 index moved almost 0 . 1% higher through the day, while France's CAC 40 moved up over 0.1%, as Germany's DAX gained nearly 0.3% and Italy's FTSE MIB added 1%. Regional markets had ended last week higher as investors reacted to the latest U.S. inflation print, the only federal data to be released during the ongoing government shutdown, and a flurry of corporate earnings reports. Looking at individual stocks, Swiss pharmaceutical giant Novartis on Monday fell almost 0.9% after the firm announced it was buying Avidity Biosciences in a deal worth $12 billion. Copenhagen-listed bank Sydbank was among the biggest gainers, advancing 5.5% after unveiling plans to merge with Danish lenders Arbejdernes Landsbank and Vestjysk Bank , with the new entity - named AL Sydbank - becoming one of Denmark's five largest banks. Barclays meanwhile gained 1.9% after Saudi Arabia said it would imminently recognize the U.K. lender's regional headquarters in the country, with the bank having reportedly received a provisional capital market authority licence to conduct investment banking activities there. Meanwhile, HSBC 's shares fell through the day as the bank revealed it will book at $1.1 billion provision in its third-quarter earnings due to a court ruling relating to the Bernie Madoff investment fraud case in 2009. HSBC's earning will be released on Tuesday. Porsche AG shares gained almost 1.3% after releasing its third-quarter earnings report late on Friday which showed sales revenues of 26.9 billion euros ($31.3 billion) in the first nine months of the year, down from 28.6 billion in the same period last year. Galp Energia gained 3.5% as the Portuguese energy company's third-quarter earnings report showed adjust net profits reaching 407 million euros during the three-month period, outweighing analysts' estimated 321 million euros. The U.S. annual inflation rate hit a lower-than-expected 3% in September , prompting a bounce in U.S. stocks amid anticipation that the U.S. Federal Reserve will cut interest rates when it meets this week. The market is now pricing in a 96% chance of a 25 basis-point rate cut this week, according to the CME Fedwatch tool . Geopolitics and trade are also at the forefront of investors' minds this week amid hopes that the U.S. and China can resolve an escalating trade dispute. President Donald Trump and Chinese President Xi Jinping are scheduled to meet in South Korea on Thursday in an attempt to ease trade tensions, an event that could offer significant clarity and reassurance to investors. The leaders will meet on the sidelines of the Asia-Pacific Economic Cooperation, or APEC, Summit as Trump continues his Asia tour. Global tech stocks rallied on the news , with industrials, technology and mining-related stocks in Europe benefitting from a positive sentiment surrounding the meeting and among the biggest gainer s in morning trade but the picture changed throughout the day. The Stoxx Europe 600 Technology Index closed session 1.1% high, paring earlier gains, while the Stoxx 600 Industrial Goods & Services index advanced almost 0.3%. The Stoxx Europe 600 Basic Resources, which was in the green in morning trade, edged beneath the flatline by the closing bell. CNBC is at the Future Investment Initiative (FII) forum in Riyadh this week which will feature 20 heads of state and more than 600 speakers. JPMorgan CEO Jamie Dimon, Goldman Sachs Group's David Solomon, Blackrock's Larry Fink and Brookfield's Bruce Flatt will be among the hundreds of bankers, consultants, and tech executives heading to the Kingdom for the three-day event. - CNBC's Liz Napolitano contributed to this market report",904,True,2,False,Europe Markets,2025-10-28,True,18.545,2025-10-29
https://www.cnbc.com/2025/11/11/defense-spending-isnt-going-away-any-time-soon-this-stock-on-our-list-has-a-pristine-chart.html,2025-11-11 11:06:28 PM WIB,Defense spending isn't going away any time soon. This stock on our list has a pristine chart,"Defense spending isn't going away any time soon. This stock on our list has a pristine chart. Josh Brown and Sean Russo take a look at some defense companies on their ""Best Stocks"" list",42,False,1,True,Josh Brown’s Best Stocks in the Market,2025-11-12,True,8.892222222222221,2025-11-13
https://www.cnbc.com/2025/12/16/5-things-to-know-before-the-stock-market-opens.html,2025-12-16 08:07:19 PM WIB,"Jobs data, Tesla's rally, tariff revenue hits $200 billion and more in Morning Squawk","Jobs data, Tesla's rally, tariff revenue hits $200 billion and more in Morning Squawk. This is CNBC's Morning Squawk newsletter. Subscribe here to receive future editions in your inbox. Here are five key things investors need to know to start the trading day: Investors and economic policymakers alike are counting down to this morning's delayed nonfarm payroll report, due out at 8:30 a.m. ET. The data comes less than a week after the Federal Reserve cut interest rates and as the race to lead the central bank takes another turn. Here's what to know: Ford's shift away from all-electric vehicles is costing it $19.5 billion in special items, the automaker said yesterday. Shares rose nearly 2% in extended trading. The charges, most of which Ford expects in the fourth quarter, are related to Ford's new focus on hybrid vehicles and its decision to cancel a generation of all-electric trucks in favor of smaller and more affordable EVs. As CNBC's Michael Wayland notes, the move comes as the broader EV industry grapples with a sales slump following the end of federal tax credits for EV buyers in September. Ford CEO Jim Farley told CNBC's ""Closing Bell Overtime"" yesterday that the carmaker is ""following customers to where the market is."" For high-end EVs in particular, Farley said that they ""just weren't selling."" Revenue from the new tariffs imposed by Trump this year has surpassed $200 billion , the U.S. Customs and Border Protection agency said yesterday. Trump's broad and steep duties have reshaped global trade this year, but their fate hangs in the balance as the Supreme Court weighs their legality. If the court rules against the White House, it could require refunds for companies that have already paid the tariffs. Despite the milestone, tariff revenue recently pulled back. Collections fell to $30.75 billion in November from above $31 billion in the prior month - the first decline since Trump announced his sweeping new tariffs in April. CNBC's Morning Squawk recaps the biggest stories investors should know before the stock market opens, every weekday morning. Subscribe here to get access today . Consumers are still feeling doom and gloom about the economy. But as CNBC's Gabrielle Fonrouge and Melissa Repko report, that isn't stopping them from spending . Even as a key consumer sentiment gauge sits near record lows, data shows that the highest number of Americans shopped in the five-day period from Thanksgiving to Cyber Monday in at least nine years. Retailers ranging from Costco to Best Buy have also said they've had positive starts to the all-important holiday shopping period. There are still signs that the economic outlook is weighing on consumption habits. Namely, strength in value-oriented retailers like Walmart and T.J. Maxx signal shoppers' increased attention to prices. A decade ago, robotaxis were still being written off as the work of science fiction. Today, these driverless cars have become commonplace across America, from the Las Vegas Strip to school drop-off lines in Phoenix. Alphabet -owned Waymo - the industry leader - is now operating, testing or planning to launch service in 26 markets around the world. Meanwhile, Amazon -owned Zoox and Tesla launched the first iterations of their services this year. Tesla shares surged to a new 2025 high yesterday after CEO Elon Musk confirmed that driverless robotaxi tests were happening in Austin. There are still obstacles on the road to becoming more mainstream, whether it's complaints around noise and congestion, consumer concerns about safety or higher prices than traditional rideshare platforms. Baron Capital founder Ron Baron joined CNBC's ""ETF Edge"" yesterday to discuss his firm's new exchange-traded funds and SpaceX investment. Josephine Rozzelle edited this edition",806,True,2,False,5 Things to Know,2025-12-17,True,11.878055555555555,2025-12-18
https://www.cnbc.com/2026/01/07/trump-dividends-stock-buybacks-defense-companies.html,2026-01-08 02:21:19 AM WIB,Trump says he will not permit dividends and stock buybacks for defense companies,"Trump says he will not permit dividends and stock buybacks for defense companies. President Donald Trump on Wednesday said he ""will not permit"" defense companies to issue dividends or stock buybacks until those firms speed up their production of military equipment and address his other complaints about the industry. Trump, in a lengthy Truth Social post , also took aim at defense contractors' executive pay packages, calling them ""exorbitant and unjustifiable."" ""Defense Companies are not producing our Great Military Equipment rapidly enough and, once produced, not maintaining it properly or quickly,"" he wrote. Until those companies build new production plants, ""no Executive should be allowed to make in excess of $5 Million Dollars,"" Trump declared. Shares of General Dynamics , Lockheed Martin and Northrop Grumman each fell about 3% following Trump's comments. Trump later singled out Raytheon as ""the least responsive to the needs of the Department of War, the slowest in increasing their volume, and the most aggressive spending on their Shareholders rather than the needs and demands of the United States Military."" He said that the Pentagon will cut its business ties with Raytheon unless it ""steps up"" on investment in plants and equipment, adding that ""under no circumstances"" can the company do any more stock buybacks in the meantime. Shares of RTX, the parent of Raytheon, slid an additional 2% in after-hours trading after closing down 2.5%. A major defense contractor, RTX manufactures advanced air-to-air missiles and many of the components in the F-35 fighter jet. It was not initially clear what impact or binding force, if any, Trump's announcement would have on major defense companies' financial activities. The White House did not immediately respond to CNBC's request for additional information. Trump griped in the post that ""massive"" shareholder dividends and buybacks were taking place ""at the expense and detriment of investing in Plants and Equipment."" ""This situation will no longer be allowed or tolerated!"" Trump wrote in the post, which warned the defense industry to ""BEWARE."" ""Therefore, I will not permit Dividends or Stock Buybacks for Defense Companies until such time as these problems are rectified - Likewise, for Salaries and Executive Compensation,"" he wrote. Military equipment ""must be built now with the Dividends, Stock Buybacks, and Over Compensation of Executives, rather than borrowing from Financial Institutions, or getting the money from your Government,"" Trump added. While the tech industry leads the way in buybacks, defense companies have also spent big repurchasing stock in recent years. Northrop Grumman, for example, spent $1.17 billion on stock buybacks in the nine months ended Sept. 30 and paid out $964 million in dividends to shareholders over that time period. Lockheed spent $2.25 billion on stock buybacks in the nine months ended Sept. 28, while paying out $2.33 billion in dividends. Northrop, Lockheed and RTX did not immediately respond to CNBC's requests for comments on Trump's posts. General Dynamics declined to comment",649,True,2,False,Politics,2026-01-09,False,29.64472222222222,2026-01-13
https://www.cnbc.com/2026/01/14/greenland-venezuela-iran-us-china-power-struggle-rare-earths-critical-minerals-energy.html,2026-01-14 04:26:05 PM WIB,Trump’s latest geopolitical gambits all lead back to China,"Trump's latest geopolitical gambits all lead back to China. In 10 days, Donald Trump captured the Venezuelan president, spooked European leaders with talk of annexing Greenland , and imposed 25% tariffs on anyone trading with Iran. The common thread may be America's determination to challenge China and its dominance of critical minerals. By deposing Venezuela's Nicolas Maduro and taking over the country's oil industry, the U.S. can curb Chinese access to crucial resources and mining investments. By annexing Greenland, it could keep rivals out of emerging trade routes and, potentially, mining of minerals. By tariffing anyone trading with Iran, as protests threaten the survival of its regime, the U.S. can penalize both the Middle Eastern country and China for buying oil from it. ""The connection here is the U.S.-China rivalry, and to a lesser extent U.S.-Russia strategic frictions,"" Dan Alamariu, chief geopolitical strategist at Alpine Macro, told CNBC over email. ""The U.S. simply doesn't want either China or Russia - or Iran for that matter - operating out of Venezuela. It doesn't want Chinese economic influence in Greenland, while it wants to counter Russian pushes into the Arctic. And it wants to weaken Iran and Venezuela, which are Beijing and Moscow friendly."" Russia and China have been attracted to Greenland by the warming of the Arctic, which is melting the ice sheet and making the island's critical minerals increasingly viable, Guy Kioni, the CEO of Missang, a consultancy, told CNBC's ""Squawk Box Europe"" on Jan. 12. As a result, political and commercial interest in the self-governing Danish territory has increased in recent years. Critical minerals are needed for everything from EVs to aerospace and defense, while new trade routes in the Arctic have also emerged in what's been dubbed the Polar Silk Road. Washington is determined to deny such ""strategic locations"" and resources to its rivals, Alamariu added. China has a near-monopoly on rare earths. It controls 60% of the world's mining and more than 90% of processing capacity, per the International Energy Agency. At the moment, the country has an ""untapped advantage,"" Kioni said. ""Without energy, that advantage then reduces,"" he said, noting that annexing Greenland would also give the U.S. access to abundant green energy and help it ""come to balance China."" Kioni added that U.S. actions against two countries that both provide oil to China - Venezuela and Iran - are intended to constrain its energy supply, and processing rare earths is energy intensive. Venezuela's cheap oil - of which up to 50 million barrels are expected to flow to the U.S. - may then help Washington secure its own processing capabilities. Building processing capacity for rare earths is more important to the U.S. than mining them, Alamariu said. ""Greenland is important in this context, but not make-or-break."" He added: ""To be a great power, a country needs to have cheap power."" ""Neither Venezuela nor Iran are major rare earths producers, though both are obviously major energy ones,"" Alamariu said, adding they both have ""not insignificant"" mining industries. Trump is encouraging U.S companies to re-enter Venezuela and invest $100 billion there. Chinese companies, many of which are state-owned, have invested $4.8 billion in the South American country the last two decades, per data compiled by the U.S.-based research firm Rhodium Group. Beijing has also loaned Caracas cash, meaning the U.S.' intervention puts its investments at risk. China is also heavily invested in mineral-rich Africa. However, the continent's distance from the U.S. and existing Chinese presence may keep it from being a U.S. target, according to Kioni. ""Greenland is completely different. They are geographically near the U.S., and that's why it's important for the U.S., not only to partner, but also to have control over the territory,"" he said. The U.S. created a critical mineral framework with the Democratic Republic of the Congo in December. A similar one for Greenland could be an outcome of Wednesday's talks between Secretary of State Marco Rubio and Danish leaders representing Greenland, Kioni said. Australia and Malaysia have also signed deals with the U.S. on critical minerals, but allies will likely be watching events in Greenland closely. So far, the markets have largely shrugged off threats to use military force. Doing so against another NATO member would make American allies question the benefits of alignment, including countries in Asia, Alamariu said. ""What is the benefit of an ally that asks for parts of your territory? Were this pursued, it would severely weaken U.S. global power, as it will likely lead to loss of major allies,"" he said Moving against Venezuela was also about removing ""non-American powers from the Western Hemisphere,"" Alamariu said, as is agitating to annex Greenland, although that is ""potentially far more risky and extremely controversial."" Iran is farther away, but China is its top trading partner. Trump's hard line on Iran is partly about the Mideast oil - ""and China does import a significant share of its energy from the Persian Gulf"" - but also about its nuclear and missile capabilities, support for movements the U.S. designates terrorists, its drive for regional hegemony, and its longstanding enmity with the U.S., Alamariu said. ""The fact that Iran is geopolitically closer to Russia and China is another reason,"" he added. He said that the U.S.-China rivalry was ""the main thread"" between Trump's actions, adding this is ""increasingly defining the geopolitical and geoeconomic environment. We live in an emerging bipolar world."" But, while the U.S. seeks to contain or counter Chinese influence, it is not seeking direct conflict with Beijing, Alamariu said, adding that détente and summits between Presidents Trump and Xi are widely expected to happen this year. An easing of tensions is still possible, he added. However, the announcement of tariffs on Iran's trading partners could force China to choose between access to the American market and its ally and ""scuttle"" political dealmaking between the two superpowers. Laura D. Taylor-Kale, a former assistant secretary of defense for industrial base policy, who is now a senior fellow for Geoeconomics and Defense at the Council on Foreign Relations, said tariffs may be a way for Washington to reduce Beijing's rare-earths leverage in trade negotiations. ""I don't think that the President enjoys having others have leverage over him in negotiations, and so the move to be much more independent and to have both the mining and the processing capabilities, either domestic or with close allies and partners, definitely would be, I assume, be a part of that,"" she told CNBC's ""Squawk Box Europe"" on Jan. 13. ""How long will it take? That's a different question,"" she added",1507,True,4,False,Politics,2026-01-15,True,15.565277777777778,2026-01-19
https://www.cnbc.com/2026/01/14/supreme-court-trump-tariffs-decision.html,2026-01-14 07:00:37 PM WIB,Supreme Court tariff ruling: It's not just about refunds. Volume of U.S. freight trade could hinge on decision,"Supreme Court tariff ruling: It's not just about refunds. Volume of U.S. freight trade could hinge on decision. The looming U.S. Supreme Court decision on the legality of many of President Donald Trump 's tariffs has companies on edge as they eye potential refunds , but the ruling also could quickly influence the volume of trade to the U.S. ahead of Lunar New Year, according to logistics experts. The freight industry in the U.S. has been in a rate recession due to lower container volumes after companies front-loaded products to soften the impact of tariffs. The pulling forward of freight altered the traditional peak season of shipping container movement in 2025. If the tariffs implemented under the International Emergency Economic Powers Act are ruled to be illegal by the Supreme Court, imports to the U.S. may rise as companies feel more confident about their cash situation and seek an opening to buffer inventory ahead of any revised tariff plan from the Trump administration, which officials said will be ready to go and accomplish its existing trade goals. ""If the IEEPA tariffs were to be removed from all imported goods, there would certainly be an increase in imports,"" said Paul Brashier, vice president of global supply chain for ITS Logistics. ""Especially for goods recently being sourced in higher-tariffed countries,"" he said. The Supreme Court issued three decisions Wednesday morning, but the tariffs case was not among them. While Trump's trade war hasn't slowed Chinese trade with other nations - it just reported a record $1.2 trillion trade surplus - global ocean container volumes to the U.S. tracked by Sonar show a 14% decrease year over year. The higher tariffs forced some businesses to run with leaner inventories , with the drop in Chinese trade the most severe. Project44's January Tariff Report estimates U.S. imports from China fell 28% year over year, while exports to China declined 38% in 2025. ""This marked one of the sharpest bilateral trade contractions in recent history,"" Project44 noted in its report. The Supreme Court decision comes at a critical time of year for supply chain management decisions within companies because factories shut down in China for a month in February for the Lunar New Year. Orders for the delivery of spring and summer freight need to be placed early to ensure the products leave the factories to be delivered in time to the U.S. The time frame for companies to place manufacturing orders for Lunar New Year is typically at the end of December or the beginning of January, to avoid the slowdown in production of their imports. According to Seko Logistics, the slowdown begins three to four weeks before Lunar New Year, as workers begin to start leaving the factories to head home. This year, the Lunar New Year falls between Feb. 17 and March 3. ""If the Supreme Court does rule the tariffs illegal, this will absolutely impact orders with an increased demand for bookings for three reasons,"" said Brian Bourke, chief commercial officer for Seko Logistics. ""First, the timing of the Lunar New Year holiday. Second, we fully expect other tariff provisions to be used, but there are limits and implementation timelines that will encourage companies to 'beat the clock' again, and third is the expected infusion of future cash to fund these purchases."" If the tariffs are ruled illegal, the Court of International Trade has the legal authority to require refunds are paid to U.S. importers and retain jurisdiction over claims for refunds for a two-year statute of limitations period. At the same time, the Trump administration has said if the Supreme Court rules against it, there is already a plan in place to implement tariffs using other legal provisions. Smaller companies would be expected to act first. ""Small and medium-sized businesses must start ordering early compared to the larger businesses because of their planning and smaller staff,"" said Eytan Buchman, CMO of Freightos. ""The tariffs are sucking the life out of them because of the lack of stability in their supply chain planning. There is too much uncertainty."" Based on its analysis covering five years of Lunar New Year ordering data, Freightos would expect a surge of orders from small and medium-sized businesses to kick in very soon if a ruling against Trump's tariffs is issued. ""Normally, we see a massive spike in importer activity three to four weeks ahead of Chinese New Year,"" said Buchman. ""This means U.S. small and medium-sized businesses have until Jan. 20 to plan their shipment."" A recent survey from Freightos indicates that small and medium-sized businesses won't all necessarily begin resourcing from China. Respondents said if the tariffs were ruled illegal by the Supreme Court, they would broaden their global sourcing base and evaluate high-quality, lower-cost suppliers in new regions without tariff-related cost penalties. Others mentioned they would move production back to China. A recent CNBC Supply Chain survey showed there was no bump in additional orders from China in November or December after a trade truce between the two nations was announced on Oct. 30, despite expectations by logistics managers there could be a surge in new orders. The current situation of lean inventories within the U.S. supply chain can be seen clearly in trade data after the holidays. Warehouse inventories tracked on the Logistics Managers' Index show a strong contraction in warehouse inventories by 17.4% month over month. ""Right now, there is a certain amount of defeatism because they feel worse off than a year ago. They want to be able to plan their supply chain,"" Buchman said. But not all players within the supply chain are convinced that the court's decision will be a major swing factor in trade volumes to the U.S. IMC Logistics tells CNBC it is seeing strong volumes from Asia to the West Coast and does not foresee a decline in volumes as retailers, manufacturers and wholesalers are actively restocking after a robust holiday season. ""Import volumes have continued to demonstrate strength through the end of the year and into January 2026,"" said Brian Kobza, IMC's chief commercial officer. Kobza added that because of the time it takes for orders to be made and then travel across the ocean, any impact on higher container volumes would not be seen for roughly 45 days. ""We do not believe the ruling will impact total import volumes either way based on how trade reacted in 2025,"" he said. ""If the Supreme Court overturns the tariffs, there may be a small bump, but nothing dramatic appears to be coming,"" said Alan Baer, CEO of OL USA",1360,True,3,False,Supreme Court (U.S.),2026-01-15,True,12.989722222222222,2026-01-19
https://www.cnbc.com/2026/01/20/asia-pacific-markets-today-nikkei-225-kospi-hang-seng-index.html,2026-01-20 06:51:26 AM WIB,Asia markets slide as Trump’s Greenland-linked tariff threats weigh on risk sentiment,"Asia markets slide as Trump's Greenland-linked tariff threats weigh on risk sentiment. Asia-Pacific markets fell Tuesday as investors assessed renewed U.S. tariff threats tied to Greenland, raising concerns about escalating trade tensions with Europe. European states are reportedly discussing counter-tariffs and broader punitive economic measures in response to fresh tariff threats from President Donald Trump, further straining relations over Greenland. Trump on Saturday announced that exports from eight European nations would start at 10% on Feb. 1 and climb to 25% by June 1 if talks fail to secure U.S. control of Greenland, a mineral-rich, semi-autonomous island under Danish control. Hong Kong's Hang Seng Index rose 0.29% to 26,487.51, while mainland China's CSI 300 slid 0.33% to 4,718.88 after heightened regulatory scrutiny following a surge in trading activity. Authorities have moved to rein in leverage after onshore market turnover hit record levels, driven in part by a rise in margin trading balances to an all-time high. Despite the tightening, Standard Chartered's Raymond Cheng said the bank remains positive on China A shares, citing a stabilizing economy and expected fiscal policy support at China's upcoming policy meetings in March 2026. ""We view the strength of China equities as sustainable, given policy stimulus to add further upside to our projected mid-teen earnings growth for the forward 12 months,"" the bank's regional chief investment officer for Greater China said. Investors are closely watching developments in Japanese markets after Prime Minister Sanae Takaichi said on Monday that she plans to dissolve parliament and call a snap election on Feb. 8. Japan's Nikkei 225 slid 1.11% to close at 52,991.1 while the Topix declined 0.84% to end at 3,625.6. South Korea's Kospi declined 0.39% to 4,885.75 after hitting a record high, while the small-cap Kosdaq jumped 0.83% to 976.37. Yields on Japan's 40-year government bond rose to 4% for the first time . Japan's ruling coalition holds a one-seat Lower House majority following its formation in October, when Takaichi became prime minister after her predecessor resigned. While the snap election would raise near-term political uncertainty, it could bring greater policy clarity if a government emerges with a stronger mandate, Fitch Group said in a note. Fitch expects government debt to remain elevated over the medium term, but to gradually decline as stronger nominal GDP growth offsets wider fiscal deficits and higher borrowing costs. Consolidated general government debt is projected to ease to the mid-190% range of GDP by fiscal 2029, from an estimated 199.5% in fiscal 2025 and a peak of 222% in fiscal 2020. Australia's S&P/ASX 200 lost 0.66% to 8,815.9. U.S. stock futures pointed to a downbeat session on Wall Street as Trump intensifies his rhetoric on Greenland",633,True,2,False,Asia Markets,2026-01-20,False,1.1427777777777777,2026-01-21
https://www.cnbc.com/2026/01/20/5-things-to-know-before-the-stock-market-opens-tuesday.html,2026-01-20 08:22:04 PM WIB,"Davos, Trump's Greenland tariffs, Stellantis' tough run and more in Morning Squawk","Davos, Trump's Greenland tariffs, Stellantis' tough run and more in Morning Squawk. This is CNBC's Morning Squawk newsletter. Subscribe here to receive future editions in your inbox. Happy Tuesday. Breaking news this morning: Netflix submitted an all-cash offer for Warner Bros. Discovery 's assets, the latest twist in the fight for the media giant's studio and streaming businesses. CNBC reported last week that Netflix was likely to adjust its bid. Stock futures are cratering this morning as investors dump U.S. assets. The three major indexes are coming off a losing week. Here are five key things investors need to know to start the trading day: While some of us were sleeping in over the holiday weekend, many of the biggest names in business and politics trekked to Davos, Switzerland for the World Economic Forum's annual summit that kicked off yesterday. Here's what to know: Over the weekend, Trump said he would hike tariffs on eight European countries unless Greenland is sold to the U.S. Representatives from the European Union gathered for an emergency meeting on Sunday to discuss Trump's threatened levies, which he said would start Feb. 1 at 10% and rise to 25% on June 1. Greenland Prime Minister Jens-Frederik Nielsen shot back at Trump yesterday, saying the island would ""not be pressured"" and ""stand firm on dialogue, on respect and on international law."" Members of the EU are reportedly considering implementing counter-tariffs and other retaliatory economic measures on the U.S. European officials said Monday that Trump told Norway's prime minister that his aggressive push for Greenland is due in part to not receiving the Nobel Peace Prize last year. Markets haven't responded well to Trump's call for higher duties: U.S. stock futures tumbled overnight, while precious metals and global bond yields surged . Follow live markets updates here. Stateside, we're keeping an eye on the Supreme Court this week. Economists, businesses, U.S. trading partners and the White House are all still waiting for the court's ruling on the legality of many of Trump's tariffs, which could possibly come as soon as today. Over the weekend, Bessent said it would be ""very unlikely"" for the nation's highest court to strike down a president's ""signature economic policy"" as it ""does not want to create chaos."" Meanwhile, a source told CNBC that Federal Reserve Chair Jerome Powell - who is currently under federal investigation - plans to attend oral arguments at the court tomorrow in the case challenging Trump's firing of Fed Governor Lisa Cook. Bessent told CNBC in Davos that Powell's attendance would be a ""mistake."" CNBC's Morning Squawk recaps the biggest stories investors should know before the stock market opens, every weekday morning. Subscribe here to get access today . Jeep and Fiat parent Stellantis formed through a merger a half of a decade ago. But as CNBC's Michael Wayland reports, the past five years haven't been good for investors. The U.S.-listed stock has tumbled around 43% since the Jan. 16, 2021 merger, while Italian-listed shares have sunk about 40% in the same period. Stellantis has been in a tough spot since it revealed concerning financial results in 2024, as it cut costs in a bid to juice profit margins and shift into electric vehicles. But new CEO Antonio Filosa is leading a turnaround for the automaker after taking the reigns from Carlos Tavares last year. Filosa is especially focused on winning back U.S. market share for Jeep and Ram after years of declining sales. If you thought skincare was the only hot product out of South Korea, think again. Food exports from the country climbed to a record of more than $13 billion last year. The driver: instant noodles, also known as ramyeon. Exports of the category jumped 22% to just over $1.5 billion, making it the first food product to surpass $1 billion in international sales. As CNBC's Lim Hui Jie reports, cheese-flavored spicy noodles noodles and other so-called ""K-foods"" have found footholds in the U.S. and China, as well as in emerging markets in Central Asia and the Middle East. Analysts tie growing awareness of Korean food to a broader boom of cultural interest in the country's pop music and TV dramas. Here's what we're keeping an eye on in this holiday-shortened trading week: CNBC's Lillian Rizzo, Lucy Handley, Leonie Kidd, Tasmin Lockwood, Kevin Breuninger, Luke Fountain, Fred Imbert, Sam Meredith, Holly Ellyatt, Lee Ying Shan, Dan Mangan, Steve Liesman, Michael Wayland and Lim Hui Jie contributed to this report. Josephine Rozelle edited this edition",1022,True,3,False,5 Things to Know,2026-01-21,True,11.632222222222222,2026-01-22
https://www.cnbc.com/2026/02/10/south-korea-largest-defense-firm-hanwha-aerospace-slumps-downbeat-results.html,2026-02-10 10:28:47 AM WIB,"South Korea's largest defense firm Hanwha Aerospace slumps 6% as revenue, pre-tax profit miss estimates ","South Korea's largest defense firm Hanwha Aerospace slumps 6% as revenue, pre-tax profit miss estimates. Shares of South Korea's largest defense firm Hanwha Aerospace plunged more than 6% Tuesday, after the company reported worse than expected numbers for its fourth quarter revenue and pre-tax profit on Monday. Revenue in the fourth quarter rose 72.56% year on year to 8.33 trillion South Korean won, but missed LSEG estimates of 8.64 trillion won. Pre-tax profit plunged 72% to 602 billion won, a massive miss compared to expectations of 1.2 trillion won, while the company's operating profit dipped 16% to 753 billion won. Net profit was a bright spot, coming in above expectations despite a 54% decline at 934 billion won. LSEG estimates had pegged net profit at 717.20 billion won. Annual revenue skyrocketed 137% year on year to hit 26.61 trillion South Korean won, but marginally missed estimates of 27.01 trillion won. Pre-tax profit fell slightly to 2.15 trillion won, down 19% from the same period a year ago and missing expectations of 2.73 trillion. Hanwha had logged its fourth consecutive year of record operating profits, while net profit numbers beat expectations. Operating profit rose 75% year on year to 3.03 trillion won, while net profit declined 16% year on year to 2.14 trillion won, beating expectations of 1.65 trillion won. On an year-to-date basis, Hanwha shares have climbed 18.92%, following a blistering rally in 2025 which saw shares climb 193%, on top of a 154% jump in 2024. Hanwha is the 11th largest stock on the Kospi, with a market cap of about $42.03 billion. The company has seen demand for its defense platforms grow after the Russia-Ukraine War, with orders from multiple European countries. Since 2022, Hanwha has sold its K9 Thunder self propelled howitzer to Poland, Estonia, Romania and Norway, as well as its Chunmoo multiple launch rocket systems",444,False,1,False,Asia Markets,2026-02-13,True,69.52027777777778,2026-02-18
https://www.cnbc.com/2026/02/11/mcdonalds-value-franchisees.html,2026-02-11 08:00:01 PM WIB,"Value is the key to McDonald's growth plans, but it's creating tensions with some franchisees","Value is the key to McDonald's growth plans, but it's creating tensions with some franchisees. The restaurant sector has spent the past 18 months trying to figure out how to reach consumers in a hypercompetitive and uneven economy. McDonald's has doubled down on value messaging to customers via Extra Value Meals and Snack Wraps, which boosted its sales in the fourth quarter. On Wednesday the company reported better-than-expected sales and delivered beats on the top and bottom lines, driven by buzzy promotions and value offerings. ""By listening to customers and taking action, we have improved traffic and strengthened our value & affordability scores,"" CEO Chris Kempczinski said in a statement. But the focus on value has caused frustrations at times among parts of the chain's operator base. The company rolled out new franchise standards for McDonald's operators on Jan. 1, including assessing locations on how their prices deliver value. McDonald's said its owners are still able to set their own prices, but the standards nonetheless shape and define how franchisees - which operate 95% of McDonald's restaurants - run their stores. A cohort of operators is standing ground in their ability to continue to independently set prices. The National Owners Association, an independent franchisee advocate group, adopted a Franchisee Bill of Rights in August and circulated it in an email to members last month as the standards took effect, according to a copy of the message viewed by CNBC. The last of the bill's rights is the ""right to set prices without fear of recourse,"" which says, ""Franchisees, as independent Owner/Operators, have the right to set menu prices for their restaurants based on their own business judgment and market conditions. This right exists irrespective of the pricing decisions of any national, regional, or local co-op or franchisor initiative. Franchisees must be free to manage their pricing strategy without fear of intimidation, or diminished support from McDonald's or its affiliated entities."" It also lists the ""right to renewal and transfer,"" giving owners the ""absolute right to a fair and reasonable opportunity to renew franchise agreements ... subject only to objective, clearly stated standards of approval."" In December, McDonald's told operators it would begin value assessments as part of its updates to franchising standards. Continued noncompliance could result in penalties or even termination. At the time, the company said its new standards would provide ""greater clarity ... to ensure every restaurant delivers consistent, reliable value across the full customer experience,"" according to a memo reviewed by CNBC. In a statement, McDonald's told CNBC that the business model creates the opportunity for entrepreneurs to be in business ""for themselves, but never by themselves,"" adding, ""As franchisor, we have a responsibility to protect the strength and integrity of the brand and ensure every Owner/Operator upholds the standards that make McDonald's so successful, for the benefit of all. This includes showing up for customers with great value - a core expectation the majority of our franchisees understand and proudly deliver."" Some operators bristled at the changes in recent Wall Street research. In a two-part survey of 20 McDonald's operators released last month, Kalinowski Equity Research wrote that it asked franchisee contacts if they were in favor of the changes to national franchising standards. For context, McDonald's said it has some 2,000 owner/operators in the U.S. franchise system. ""As it turns out, every single one of the franchisees who responded to this question said 'No.' This is the first time in the 20+ year history of our McDonald's Franchisee Survey that all respondents to a Yes-or-No question have all provided the exact same answer,"" Kalinowski wrote. Kalinowski also had operators quantify their relationship with McDonald's corporate arm on a scale of 1 to 5, with 1 being poor and 5 being excellent. The average response received was 1.37, a ""pretty noticeable step down from the October 2025 average response of 1.71,"" the survey said. It's not the first time some operators and McDonald's have butted heads. Tensions have surfaced in recent years over a restaurant grading system that took effect and changes made to how restaurant agreements are renewed . Still, McDonald's stock was one of the better performers in an abysmal year for the restaurant sector in 2025, rising 5%. Kalinowski's respondents also rated their business outlook for the next six months on a scale of 1 to 5, with 1 being poor and 5, excellent. The average response was 2.58, the best in the 11 quarters. Last quarter, CEO Chris Kempczinski said full-year cash flow was set to be solid for operators at the same time value investments were being made. ""Throughout the quarter, McDonald's seems to be doing a better general job of promoting value to quick-service consumers, or at least it's doing so notably better than some other large, quick-service burger concepts are,"" Kalinowski wrote. Likewise, fellow firm BTIG recently upgraded the stock. ""We expect the change in value strategy and perception to lead to the most meaningful earnings growth for the company since 2023,"" BTIG wrote",1093,True,3,False,Restaurants,2026-02-13,True,35.999722222222225,2026-02-18
https://www.cnbc.com/2026/02/12/5-things-to-know-before-the-stock-market-opens.html,2026-02-12 08:07:36 PM WIB,"Canada tariffs, McDonald's value push, El Paso airport and more in Morning Squawk","Canada tariffs, McDonald's value push, El Paso airport and more in Morning Squawk. This is CNBC's Morning Squawk newsletter. Subscribe here to receive future editions in your inbox. Happy Thursday. For nearly a week last year, McDonald's was the number-one global seller of one thing, and it wasn't edible. The fast-food chain in December became the world's top sock - yes, sock - seller thanks to its Grinch Meal. Stock futures are higher this morning following a down day . Here are five key things investors need to know to start the trading day: The U.S. labor market added 130,000 nonfarm payrolls last month, more than double the 55,000 jobs expected by the Dow Jones consensus estimate. The better-than-expected report also showed the unemployment rate in January decreased to 4.3% - its lowest level since August. Here's what to know: The House of Representatives last night voted to overturn President Donald Trump's tariffs on Canada. Several Republicans joined all but one Democrat to pass the resolution, 219-211, in a symbolic - but likely futile - rebuke of Trump's keystone economic policy. The measure will now head to the Senate, which last year supported similar legislation. But even if the Senate approves the resolution, Trump would likely veto the bill. Still, six Republicans voted for the anti-tariff measure in defiance of the president, who took to social media during the vote to try to pressure his party members to fall in line. ""Any Republican, in the House or the Senate, that votes against TARIFFS will seriously suffer the consequences come Election time, and that includes Primaries!"" Trump posted. The Treasury Department said earlier on Wednesday that the U.S. generated $30 billion from tariffs in January, a more than 300% year-over-year increase. The surge in tariff revenues helped stanch the pace of the federal budget deficit. McDonald's beat Wall Street's fourth-quarter expectations on the top- and bottom-lines yesterday, reporting a nearly 7% boost in domestic same-store sales that it chalked up to popular promotions. The positive results are a sign that the fast-food chain's focus on value has paid off. ""By listening to customers and taking action, we have improved traffic and strengthened our value & affordability scores,"" CEO Chris Kempczinski said in a statement. But as CNBC's Kate Rogers reports, McDonald's value push is also ruffling feathers among some of its franchisees. Meanwhile, Restaurant Brands International reported better-than-expected results for its fourth quarter this morning. The Burger King parent saw same-store sales outside the U.S. rise 6.1%, topping analysts' estimate of 3.7%. CNBC's Morning Squawk recaps the biggest stories investors should know before the stock market opens, every weekday morning. Subscribe here to get access today . Wall Street is itching for more IPOs out of the tech sector. But for now, they'll have to wait. As CNBC's Ari Levy and Jordan Novet report, action in tech capital markets is currently focused on debt , as the sector's hyperscalers race to fund their artificial intelligence buildout plans. A UBS report last month estimated that global tech and AI-related debt issuance could hit $990 billion this year, up from $710 billion in 2025. Oracle and Alphabet have so far made the biggest corporate debt sales, but Amazon , Meta and Tesla have indicated they could be not far behind. The prospect of nearly $1 trillion in debt sales, as well as megacap tech's massive 2026 spending projections, has lit up warning lights for some investors concerned about an AI bubble. The Federal Aviation Administration lifted its order halting all flights in and out of Texas' El Paso International Airport yesterday, just hours after it said flights would be grounded for 10 days due to ""security"" reasons. A person briefed on the matter told CNBC that the FAA's closure of the airspace stemmed from the Department of Defense's testing of anti-drone technology. A Trump administration official on Wednesday said the Pentagon disabled Mexican cartel drones that had breached U.S. airspace. Wednesday's jobs report had many traders tempering their 2026 rate cut expectations, but not Geenlight Capital's David Einhorn . Here's what Einhorn told CNBC's Sara Eisen following the labor data: Melodie Warner edited this edition",939,True,2,False,5 Things to Know,2026-02-13,True,11.873333333333333,2026-02-18
https://www.cnbc.com/2026/02/18/oil-prices-today-iran-trump-nuclear-talks.html,2026-02-18 08:53:58 PM WIB,"Oil jumps 4% after Vance says Iran ignored key U.S. demands, military strikes on the table","Oil jumps 4% after Vance says Iran ignored key U.S. demands, military strikes on the table. Oil prices rose more than 4% on Wednesday, after Vice President JD Vance said Iran did not address U.S. red lines in nuclear talks this week and President Donald Trump reserves the right to use military force. U.S. crude oil rose $2.86, or 4.59%, to close at $65.19 per barrel. Global benchmark Brent was up $2.93, or 4.35%, to settle at $70.35 per barrel. U.S. envoys Steve Witkoff and Jared Kushner held nuclear talks with Iran in Geneva on Tuesday. Iran's foreign minister, Abbas Araghchi, described the discussions as ""constructive,"" according to Iranian media . Araghchi said the talks yielded a general agreement on guiding principles. Oil prices closed lower Tuesday as traders interpreted the foreign minister's comments as a sign that the U.S. and Iran could still reach a settlement. But Vance said Tehran had failed to address core U.S. demands. ""In some ways it went well, they agreed to meet afterwards,"" the vice president told Fox News on Tuesday evening. ""But in other ways it is very clear that the president has set some red lines that the Iranians are not yet willing to actually acknowledge and work through."" Trump reserves the right to use force if diplomacy does not succeed in stopping Iran's nuclear program, Vance said. ""We do have a very powerful military - the president has shown a willingness to use it,"" the vice president told Fox News. Sources told Axios , meanwhile, that a U.S. military campaign against Iran would likely be massive, last weeks and look more like a full-fledged war than the raid that captured Venezuelan President Nicolás Maduro in January. Iran's Revolutionary Guard conducted war games this week in the Strait of Hormuz, a vital trade choke point for global oil flows. About one-third of all waterborne crude exports pass through the narrow waterway, according to data from energy consulting firm Kpler. The market is worried those oil flows would be disrupted if the U.S. and Iran go to war. Iranian state media said traffic in part of the strait was closed Tuesday due to the military exercises. Kpler did not observe any halt in traffic in the strait on Tuesday, said Matt Smith, an oil analyst at the firm. Trump has stationed the USS Abraham Lincoln aircraft carrier in the Middle East. The USS Gerald Ford is en route to the region. Trump said Friday he deployed the second aircraft carrier in case negotiations fail. ""If we don't have a deal, we'll need it,"" the president told reporters outside the White House. The Iranian government did not immediately respond to CNBC's request for comment",587,True,2,False,Oil,2026-02-19,True,11.100555555555555,2026-02-20
https://www.cnbc.com/2026/02/20/supreme-court-tariff-decision-apple-trump-cook-iphone.html,2026-02-21 03:23:28 AM WIB,How the Supreme Court's decision affects Apple and its $3.3 billion tariff bill,"How the Supreme Court's decision affects Apple and its $3.3 billion tariff bill. Apple's tariff bill has racked up about $1 billion per quarter, but that number should start shrinking following the Supreme Court decision on tariffs. The Supreme Court on Friday struck down a large chunk of President Donald Trump 's far-reaching tariff agenda, delivering a major rebuke of the president's key economic policy. Apple has paid about $3.3 billion in tariffs since Trump initiated them last year. The iPhone maker's shares rose about 1% on Friday. Friday's decision means Apple could start to see lower production costs and keep more of its margins. The company could also face less pressure to move its production away from China and simplify its supply chain. Apple declined to comment. The large tariff costs stem from U.S. import duties on products and components manufactured overseas - especially from China and other Asian partners, like Vietnam and India. When laying out the plan to handle tariffs in May, CEO Tim Cook said Apple is sourcing half of its iPhones for the U.S. from India and most of its other U.S.-bound products like Macs, AirPods and watches from Vietnam, where tariffs were lower than China's at the time. Friday's decision kills Trump's tariffs on China-made goods, which were at a 47% rate as of December . It also frees Apple up to produce more U.S.-bound products in China, where most of its products to non-U.S. countries have been sourced, instead of diverting to India and Vietnam. On earnings calls, Cook has emphasized that Apple is largely absorbing tariff costs to avoid sudden price jumps for customers. Friday's ruling means the U.S. government could owe more than $175 billion in refunds to importers after the Supreme Court ruled in a 6-3 decision that tariffs unilaterally imposed by Trump are illegal. One big question is whether Apple will fight to claw back its tariffs or eat the costs to avoid angering the president. Addressing the SCOTUS decision in a press conference Friday afternoon, Trump did not commit to refunding U.S. companies that paid the tariffs and said he expects multi-year ""litigation"" over paying back the money. The tariffs have tested the relationship between the commander-in-chief and the chief executive of one of the world's most valuable companies. The once-solid relationship between Trump and Cook began breaking down over the idea of a U.S.-made iPhone. In May, Trump said he ""had a little problem with Tim Cook,"" and threatened to slap a 25% tariff on iPhones . Cook went on the charm offensive. In August, he appeared at the White House with Trump to announce plans to spend about $600 billion over four years in the U.S. Apple also committed to purchasing parts and expanding its relationship with U.S. suppliers. Cook presented Trump with a custom, engraved glass plaque featuring a 24-karat gold base. Last month, Cook attended the White House screening of the "" Melania "" documentary about first lady Melania Trump. Despite Friday's ruling, tariffs are still a moving target, leaving many questions about the impact on companies like Apple. Hours after the Supreme Court struck down his reciprocal tariffs, the president said he will sign an executive order imposing a new 10% ""global tariff,"" which he's invoking under Section 122 of the Trade Act of 1974. Tariffs using that statute can only last for 150 days, with any extension requiring congressional approval. The administration is also wielding Section 301 to launch several investigations into potentially unfair trade practices, which could result in additional new tariffs, the president said. CNBC's Steve Kovach contributed to this report",779,True,2,False,Technology,2026-02-23,True,52.60888888888889,2026-02-24
https://www.cnbc.com/2026/02/23/5-things-to-know-before-the-stock-market-opens.html,2026-02-23 08:29:41 PM WIB,"Tariffs, flight cancellations, OpenAI's spending reset and more in Morning Squawk","Tariffs, flight cancellations, OpenAI's spending reset and more in Morning Squawk. This is CNBC's Morning Squawk newsletter. Subscribe here to receive future editions in your inbox. Happy Monday. With the Winter Olympics officially wrapped up, many athletes are leaving Italy with more than just a medal. Stock futures are lower this morning following a winning week for all three major indexes. Here are five key things investors need to know to start the trading day: The Supreme Court on Friday struck down many of President Donald Trump's tariffs, ruling in a 6-3 vote that the law underpinning these duties ""does not authorize the President to impose tariffs."" Hours later, Trump responded by announcing a new 10% global levy , which on Saturday he hiked to 15% . Here's the latest: The National Weather Service this weekend put much of the Northeast under a blizzard warning, as heavy snow continues the fall on the region this morning. Airlines canceled thousands of flights and waved change and cancellation fees for airports across the East Coast. As CNBC's Leslie Josephs reports, 15% of scheduled U.S. departures on Monday were canceled, as carriers try to shepherd travelers during the busy winter break period. The blizzard comes a month after January's Winter Storm Fern created a massive headache for airlines and travelers. The Transportation Security Administration also said yesterday that PreCheck airport security lanes were operating as expected. The Department of Homeland Security had said hours earlier that PreCheck was paused due to the partial government shutdown. Trump over the weekend called on Netflix to fire board member Susan Rice , writing in a social media post that the streaming giant should fire Rice ""IMMEDIATELY, or pay the consequences."" Rice, who was former President Joe Biden's domestic policy chief, said last week that Democrats would hold organizations who ""bent the knee"" to Trump accountable if the party takes back power in the midterm elections. Trump's call for Rice's removal comes as the Department of Justice reviews Netflix's proposed acquisition of fellow media company Warner Bros. Discovery . Trump told NBC News earlier this month that the DOJ was handling the deal and that he would not be involved in the review process. CNBC's Morning Squawk recaps the biggest stories investors should know before the stock market opens, every weekday morning. Subscribe here to get access today . OpenAI is now telling investors that it expects roughly $600 billion in total compute spend by 2030. That's a significant decrease from the $1.4 trillion figure the AI startup previously touted for infrastructure commitments. As CNBC's Kate Rooney and Ashley Capoot report, the move comes amid concerns over whether OpenAI can generate enough revenue to justify investments at that scale. The company is now expecting more than $280 billion in revenue for 2030, sources told CNBC. For comparison, OpenAI raked in slightly over $13 billion last year. Hasbro and Mattel have fought to lead the toy industry for decades. But as the industry exits a period marked by sales declines, it's Hasbro that appears to be winning Wall Street's favor . Hasbro has seen a boost from its Wizards of the Coast unit, which houses Dungeons & Dragons, Magic: The Gathering and its digital and video game roster. The company saw overall revenue growth of 14% in the 2025 fiscal year, with 45% revenue growth in the Wizards unit. In the same period, Mattel's net sales slid 1%. Meanwhile, Mattel's American Girl brand is celebrating its 40th anniversary . But sales are well off their peak seen around a decade ago, as the toymaker struggles to keep its dolls relevant in the digital era. Here's what we're tracking this week: Josephine Rozzelle edited this edition",785,True,2,False,5 Things to Know,2026-02-24,True,11.505277777777778,2026-02-25
https://www.cnbc.com/2026/03/03/middle-east-crisis-iran-us-shipping-oil-tankers-strait-of-hormuz.html,2026-03-03 05:20:24 PM WIB,Oil supertanker rates hit all-time high as insurers drop war risk protection in the Middle East,"Oil supertanker rates hit all-time high as insurers drop war risk protection in the Middle East. Oil supertanker costs in the Middle East climbed to their highest level on record as conflict between the U.S. and Iran disrupts shipping through the strategically vital Strait of Hormuz . Major marine war risk providers have started to scrap cover for vessels operating in the Persian Gulf as the fallout from a sudden security shock hobbles key shipping routes in the region. The benchmark freight rate for Very Large Crude Carriers (VLCCs) - used to ship 2 million barrels of oil from the Middle East to China - hit an all-time high of $423,736 per day on Monday, data from LSEG showed. That marked an increase of more than 94% from Friday's close. Alongside a significant jump in oil and gas prices, the stratospheric rise in the cost of hauling crude oil follows the U.S. and Israeli attacks on Iran over the weekend. The expanding conflict has resulted in the effective halt of shipping traffic through the Strait of Hormuz - one of the world's most important oil choke points, located in the gulf between Oman and Iran. An Iranian Revolutionary Guards senior official said Monday that the Strait of Hormuz had been closed and warned any vessel attempting to pass through the waterway would be attacked, state media reported. The claim has since been disputed by the U.S. military's Central Command, CENTCOM, Fox News reported. ""Charterers in the VLCC segment stepped back from the market and avoided securing vessels as multiple incidents have led to increased threat levels around the strait of Hormuz, despite the waterway not being officially closed,"" Sheel Bhattacharjee, head of freight pricing in Europe at Argus Media, told CNBC by email. Oil producers in the Middle East have not yet announced a halt to any production or loading yet, and ports in the UAE, Oman and Kuwait remain operational, Bhattacharjee said, citing market sources. ""But most shipowners were avoiding transits through the strait of Hormuz after insurers cancelled the war risk coverage for vessels in certain areas of the region,"" Bhattacharjee said. It is estimated that roughly one-third of seaborne crude oil trade moves through the strategically important waterway, alongside 19% of global liquefied natural gas (LNG) flows and 14% of global refined products trade, according to Argus Media. Leading maritime insurers have canceled war risk cover for vessels operating in the Middle East over recent days, amid reports of attacks on multiple ships traversing through the Strait of Hormuz. Alongside the New York-based American Club , marine insurers including Norway's Gard and Skuld , Britain's NorthStandard and the London P&I Club said they were scrapping war risk cover for ships in the region. Adrian Beciri, CEO of DUCAT Maritime, a Cyprus-based logistics firm specializing in dry bulk, said the knock-on effects of the sprawling Middle East conflict were being felt across the globe. ""We were trying to hire a dry bulk vessel to carry our typical rice food supplies to West Africa, which is around the Cape of Good Hope. You would think that is a million miles away from the conflict zone,"" Beciri told CNBC's "" Squawk Box Europe "" on Tuesday. ""We actually lost the ship. Someone had paid 50% more than they typically would do to carry coal from Indonesia to the west coast of India. Why did that vessel attract such a high rate? The answer is because the vessel owner was uncertain of getting cargo from the Persian Gulf area,"" he continued. ""So, the consequences are far and wide, and this is potentially a double whammy. If we're looking at the Hormuz closing and the Suez effectively being tampered with by the Houthis, this could be quite significant - much like what we saw during the Covid era and the attacks that were happening there."" Even if oil tankers are only temporarily blocked from the Strait of Hormuz, it can ratchet up global energy prices, raise shipping costs and create significant supply delays. The Strait of Hormuz is also key for global container trade. Ports in this region, such as Jebel Ali and Khor Fakkan, are specialized transshipment hubs that serve as intermediary points in global networks. Shipping giants, including MSC, Maersk , Hapag-Lloyd and CMA CGM, have also issued fresh guidance , seeking to prioritize safety amid a deteriorating security situation. Maersk, widely regarded as a barometer of global trade, said on Monday that it would suspend special cargo acceptance in and out of the United Arab Emirates, Oman, Iraq, Kuwait, Qatar, Jordan, Bahrain and Saudi Arabia until further notice. It had previously said all sailings on the Middle East-India to Mediterranean and Middle East-India to east coast U.S. services would be rerouted around the Cape of Good Hope",1052,True,3,False,Transportation,2026-03-06,True,62.66,2026-03-07
https://www.cnbc.com/2026/03/05/trump-tariffs-state-ags-sue-supreme-court-decision.html,2026-03-05 11:00:08 PM WIB,"States led by New York sue to block Trump's latest tariffs, calling them an illegal end run around Supreme Court","States led by New York sue to block Trump's latest tariffs, calling them an illegal end run around Supreme Court. New York Attorney General Letitia James and the top prosecutors of 23 other states once again sued to block President Donald Trump 's global tariff regime, just days after a landmark Supreme Court decision struck down his previous effort. Their lawsuit, filed Thursday in the Court of International Trade, seeks to deem Trump's latest tariffs illegal and order refunds to states. Last month, the Supreme Court invalidated most of Trump's sweeping ""Liberation Day"" tariffs implemented last year, saying that his use of the International Emergency Economic Powers Act to impose duties was improper. But the president sought to keep his signature policy alive by immediately announcing a new wave of tariffs, these based on another law, Section 122 of the Trade Act of 1974. That global tariff rate is currently set at 10%, but the Trump administration has said it plans to raise it to 15%. ""After the Supreme Court rejected his first attempt to impose sweeping tariffs, the president is causing more economic chaos and expecting Americans to foot the bill,"" James said in a statement provided to CNBC. ""President Trump is ignoring the law and the Constitution to effectively raise taxes on consumers and small businesses,"" she said. The move from the coalition of state attorneys general - most of whom were part of the successful effort to block Trump's original tariffs - adds to the ongoing international uncertainty created by the president's tariff policies. On Wednesday, a federal court ruled that companies that paid tariffs struck down last month by the Supreme Court are due billions of dollars in refunds. ""The President is using his authority granted by Congress to address fundamental international payments problems and to deal with our country's large and serious balance-of-payments deficits,"" said White House spokesman Kush Desai. ""The Administration will vigorously defend the President's action in court."" In their lawsuit, James and the coalition argue that Trump is misusing Section 122 of the 1974 trade act, which they say was designed to address specific monetary imbalances possible when the U.S. was under the gold standard, rather than to combat trade imbalances. The attorneys general also contend that the tariffs violate the Constitution's separation-of-powers principle giving Congress the power to impose duties, and that Trump's levies violate the 1974 trade act's requirements that they be applied consistently across countries. The effort is ""a clear attempt to escape the Supreme Court's ruling in the case against the tariffs imposed under IEEPA,"" according to James. Last year, James and 11 other states sued the Trump administration to halt his original round of tariffs. That effort was eventually combined with suits from small businesses affected by tariffs in the Supreme Court case that handed Trump one of the biggest legal setbacks of his second term. Trump and James have had their own legal entanglements . His administration's Justice Department indicted James in October on two counts, bank fraud and making false statements to a financial institution. James, however, faces no charges after a judge threw out her indictment and two grand juries separately declined to revive those efforts. Correction: A previous version of this story misstated the timing of the lawsuit from James and other state attorneys general",669,True,2,False,Finance,2026-03-06,True,8.997777777777777,2026-03-07
https://www.cnbc.com/2026/03/08/iranian-projectiles-continue-to-strike-gulf-countries-infrastructure.html,2026-03-08 04:30:48 PM WIB,"Iran names Ayatollah Khamenei's son, Mojtaba, as new supreme leader: Media reports","Iran names Ayatollah Khamenei's son, Mojtaba, as new supreme leader: Media reports. Iran named Mojtaba Khamenei its new Supreme Leader on Sunday, the Associated Press and Reuters reported, citing Iranian state media. Khamenei is the son of the late Ayatollah Ali Khamenei, who was killed in the opening salvos of the war. He was considered a top contender for the role. The elder Khamenei had ruled Iran since 1989 until his death. Khamenei's appointment will hand him control of the Iranian Revolutionary Guard and other hardline groups. The Revolutionary Guard issued a statement expressing support, the Associated Press reported, and the Iran-backed Lebanese militant group Hezbollah shared a portrait of the younger Khamenei on Telegram, captioned: ""Leader of the blessed Islamic revolution."" The selection ensures that hardliners remain in control of Iran's government, and is a direct affront to U.S. President Donald Trump , who has insisted that the U.S. will have a role in approving the country's next leader. Trump has previously referred to Mojtaba Khamenei as a ""lite weight."" He earlier threatened that a new leader in Tehran would be short-lived if the decision was made without his approval. ""He's going to have to get approval from us,"" Trump told ABC News . ""If he doesn't get approval from us, he's not going to last long. We want to make sure that we don't have to go back every 10 years, when you don't have a president like me that's not going to do it."" The White House did not immediately respond to CNBC's request for comment. The Israel Defense Forces, which is leading the Iran offensive with the U.S., said Sunday it would ""pursue every successor and every person who seeks to appoint a successor."" ""We warn all those who intend to participate in the successor selection meeting that we will not hesitate to target you either. This is a warning!"" the IDF said in a post in Farsi on X. Iran's neighbors in the Gulf reported more damage to infrastructure over the weekend as Iran continues to attack regional allies in retaliation for ongoing strikes by U.S. and Israeli forces. The United Arab Emirates said it was ""dealing with incoming missile and drone threats from Iran."" ""UAE air defences are currently responding to incoming missile and drone threats from Iran,"" the country's Ministry of Defense said in a post on X. It said its defenses were intercepting ballistic missiles while fighter jets were tackling drones and ""loitering munitions."" On Saturday evening, alarms rang out across Dubai and Abu Dhabi, warning residents to ""immediately seek a safe place"" due to missile threats, and CNBC's team confirmed hearing a loud explosion. A high-rise building in Dubai's Marina area, 23 Marina, was hit by falling debris. According to Dubai's Media Office, no one was injured, but authorities confirmed that ""debris from an aerial interception fell onto a vehicle in the Al Barsha area, resulting in the death of a Pakistani driver."" Also on Saturday, passengers waiting for flights at Dubai International Airport were ushered into train tunnels. Iran said it had struck an air base in the United Arab Emirates. Since the war started on Feb. 28, Iran has targeted several radar and air defenses in the Middle East - in Qatar, the UAE, Jordan, Bahrain, Kuwait and Saudi Arabia - in retaliation against U.S. and Israeli attacks, The Wall Street Journal reported , citing U.S. officials, military analysts and commercially available satellite images. U.S. crude oil spiked above $100 a barrel Sunday evening after major Middle East energy producers cut output because the critical Strait of Hormuz remains impassable due to the war. West Texas Intermediate soared 18.98%, or $17.25, to $108.15 per barrel by 6:12 p.m. ET. Global benchmark Brent advanced 16.19%, or $15.01, to $107.70. U.S. crude oil surged about 35% last week in its biggest gain in futures trading history dating back to 1983. The last time oil prices topped $100 per barrel was after Russia invaded Ukraine in 2022. The fighting in the Gulf has greatly disrupted the oil market due to the effective closure of the strait, which carries about 20% of global oil production. The bottleneck has left Gulf nations unable to export their oil. Kuwait, the fifth-biggest producer in OPEC, announced precautionary cuts on Saturday to its oil production and refinery output due to ""Iranian threats against safe passage of ships through the Strait of Hormuz."" The state-owned Kuwait Petroleum Corporation did not detail the size of the cuts. Output in Iraq, the second-biggest OPEC producer, has effectively collapsed. Production from its three main southern oilfields has fallen 70% to 1.3 million barrels per day, three industry officials told Reuters Sunday. Those fields produced 4.3 million bpd before the Iran war. And the United Arab Emirates, the third-biggest producer in OPEC, said Saturday that it is ""carefully managing offshore production levels to address storage requirements."" The Abu Dhabi National Oil Company said its onshore operations are continuing normally. In response to surging oil prices, the average price of gas in the U.S. has jumped to over $3.46 per gallon, according to GasBuddy , from an average of $2.94 a gallon a week earlier. Trump and his Energy secretary, Chris Wright, sought to assure Americans that the spike in fuel prices is just a short-term problem. ""Short term oil prices, which will drop rapidly when the destruction of the Iran nuclear threat is over, is a very small price to pay for U.S.A., and World, Safety and Peace,"" Trump said in a post on Truth Social Sunday evening. ""ONLY FOOLS WOULD THINK DIFFERENTLY!"" Wright said earlier in the day that the disruption would just last for ""weeks, certainly not months."" ""We believe this is a small price to pay to get to a world where energy prices will return back to where they were,"" Wright said in an interview on ""Fox News Sunday."" ""Iran will finally be defanged, and now you can see more investment, more free flow of trade, less ability to threaten energy supplies."" Bahrain said Sunday that a drone attack struck a water desalination plant. ""Iranian aggression indiscriminately attacked civilian targets and caused material damage to a water desalination plant following a drone attack,"" Bahrain's Ministry of Interior said in a post on X. In a statement to CNBC, Bahrain's electricity and water authority said the ""Iranian attack on a water desalination facility has had no impact on water supplies or water network capacity."" The country said ""blatant Iranian aggression"" damaged a university building in the Muharraq area, injuring three people, as missile fragments fell. Meanwhile, Iran has accused the U.S. of striking a desalination plant in its country. Foreign Minister Abbas Araghchi said in a social media post that the U.S. ""committed a blatant and desperate crime by attacking a freshwater desalination plant on Qeshm Island. Water supply in 30 villages has been impacted."" ""Attacking Iran's infrastructure is a dangerous move with grave consequences,"" Araghchi said. U.S. Navy Capt. Tim Hawkins, a Central Command spokesman, told MS NOW that Araghchi's claim was false. ""The Iranian regime is doing everything it can to peddle lies and deceive,"" Hawkins said. ""This is the same terrorist regime that has attacked 12 different countries and continues to deliberately target civilian airports, hotels, and neighborhoods in those countries. U.S. forces do not target civilians - period."" Elsewhere, Kuwait said two fuel depots at its international airport were hit by drones, causing a ""huge fire at one of them."" The country's Public Institution for Social Security said its headquarters were targeted, resulting in ""material damage"" to the building. Meanwhile, Israeli and U.S. attacks on Iran have continued through the weekend. Israel said it struck several fuel storage complexes belonging to the Iranian Revolutionary Guard Corps. ""The strike significantly deepens the damage to the military infrastructure of the Iranian terrorist regime,"" the Israel Defense Forces said in a post on X. The IDF also said it attacked ""key commanders in the IRGC's Quds Force's Lebanon Corps who operated in Beirut."" Arab foreign ministers on Sunday strongly condemned Iran's attacks on its neighbors as a ""grave threat to international peace and security."" In a communique following their virtual meeting, the ministers expressed support to Gulf states, along with Jordan and Iraq, in the ""measure they take to deter and respond to these aggressions."" The ministers called for Iran to immediately stop its attacks and cease ""provocative acts or threats to neighboring countries."" They urged the U.N. Security Council to condemn Iran and force it to ""immediately and unconditionally halt its attacks"" on Arab countries. The ministers also voiced support to Lebanese government in its efforts to disarm Hezbollah, and urged the international community to pressure Israel to immediately cease its attacks on Lebanon. The communique didn't mention U.S. and Israeli strikes, which triggered the war. The U.S. Central Command reported in a post on X that another U.S. service member has died in action in the war, bringing the total number killed to eight. The New York City Police Department said in a statement on X that Police Officer Sorffly Davius died as a result of a medical episode while deployed to Kuwait in support of ""Operation Epic Fury."" On Saturday, Trump joined grieving families at Dover Air Force Base, Delaware, for the dignified transfer of six U.S. soldiers killed in the war in the Middle East. The dignified transfer, a ritual that returns the remains of U.S. service members killed in action, is considered one of the most somber duties of any commander in chief. ""It's a very sad day,"" Trump told reporters on Air Force One as he returned to Florida later that day, saying that he was ""glad we paid our respects."" Thus far, more than 1,850 people have died since the start of the conflict. At least 1,330 Iranian civilians have died and more than 100,000 Iranians have been displaced due to the conflict. In Lebanon, 394 have been killed; 15 people have died in Israel; Kuwait has reported 11 dead; 4 people have died in the UAE; 3 have died in Oman; 2 have died in Saudi Arabia; and 1 person has been reported killed in Bahrain, according to figures compiled by MS NOW. - CNBC's Spencer Kimball, Terri Cullen and The Associated Press and Reuters contributed to this report",2289,True,5,False,Wars and Military Conflicts,2026-03-13,True,111.48666666666666,2026-03-16
https://www.cnbc.com/2026/03/13/oil-100-price-brent-wti-trump-iran-war-surrender-khamenei.html,2026-03-13 04:59:25 PM WIB,Oil closes above $100 for second day as market shrugs off U.S. measures to reduce prices during Iran war,"Oil closes above $100 for second day as market shrugs off U.S. measures to reduce prices during Iran war. Brent crude oil closed above $100 on Friday for the second consecutive session, as the Iran war heads toward its third week with oil tanker traffic through the Strait of Hormuz still effectively at a standstill. Brent futures rose 2.67%, or $2.68, to close at $103.14 per barrel. U.S. crude oil gained 3.11%, or $2.98, to settle at $98.71 per barrel. Prices are rising despite the U.S. and its allies rolling out a number of measures to keep a lid on energy costs. The International Energy Agency has agreed to release of 400 million stockpiled barrels, the largest such action in history. The U.S. has issued a 30-day waiver for India to purchase sanctioned oil from Russia. President Donald Trump is considering loosening rules under the Jones Act that require U.S. ships to transport goods between domestic ports, including oil and gas, in an effort to lower costs. Traders are continuing to monitor developments in the Middle East. Overnight, Trump hinted that an end to the conflict was not imminent. ""We have unparalleled firepower, unlimited ammunition, and plenty of time,"" he said, before calling on his followers to ""watch what happens"" to the Iranian regime on Friday. Oil prices have notched another week of gains, with Brent futures up about 10%. It follows the 27.9% rise seen last week, which marked the biggest weekly gain in oil prices since the Covid-19 pandemic in 2020. WTI futures, which saw their best week since 1983 last week, ended the week more than 8% higher. On Friday morning, Axios reported that Trump had claimed on a call with G7 leaders earlier this week that Iran was ""about to surrender."" A day later, Iran's new supreme leader, Mojtaba Khamenei, vowed to keep fighting in a message delivered via state television. A number of foreign ships in or near the Strait, a critical oil shipping route that has seen a blockade amid the escalating conflict, have been attacked this week. The strikes fed into concerns that a prolonged war could translate to a global economic shock. ""Get ready for oil to be $200 a barrel, because the oil price depends on regional security, which you have destabilised,"" Ebrahim Zolfaqari, spokesperson for Iran's military command, said on Wednesday, according to Reuters . In a note on Friday morning, Barclays' Emmanuel Cau said investors were becoming increasingly jittery after initially pricing in a short-lived conflict. ""Investors still believe in the Trump put, hence global equities are not down as much as in past oil shocks,"" they said. ""But nervousness is growing by the day and the longer the Strait of Hormuz stays closed the more stagflationary markets will turn. Watch central banks next week amid hawkish repricing in rates."" Speaking to CNBC's ""Squawk Box Europe"" on Friday, Amjad Bseisu, CEO of British petroleum production company EnQuest, said the oil market has ""never seen something of this magnitude before."" ""Every day we see a delay, there's another 20 million barrels [wiped off the market], and that will have an impact, and continues to have an impact,"" he said. ""I think this will be probably longer and harder as a crisis than before, and probably something we need to just watch out for the downsides rather than the upsides."" Bseisu noted that the last time there was a similar reduction in global oil supply was the Arab embargo of the 1970s. ""Then we saw quadrupling of prices, and I think we've seen prices here come up 50% but I do think this is going to be quite a long run,"" he told CNBC",832,True,2,False,Oil and Gas,2026-03-16,True,63.00972222222222,2026-03-17
https://www.cnbc.com/2026/03/14/some-oil-loading-operations-in-uae-hub-suspended-after-fire-reuters.html,2026-03-14 06:23:18 PM WIB,Some oil-loading operations in UAE hub of Fujairah suspended after fire: Reuters,"Some oil-loading operations in UAE hub of Fujairah suspended after fire: Reuters. Some oil-loading operations have been suspended in Fujairah, a city in the United Arab Emirates and a key bunkering hub, after a fire broke out there, Reuters reported on Saturday quoting industry and trade sources. The reported fire comes after the U.S. attacked Iran's Kharg island , a key regional oil hub, on Friday. The fire in Fujairah started after debris fell as a drone was intercepted, Reuters reported. No one was injured, according to the report. A spokesperson for Abu Dhabi's state oil giant, ADNOC, which operates in Fujairah, declined to immediately confirm to CNBC the reports of the fire. Iran's Islamic Revolutionary Guard Corps, its most elite military institution , said on Saturday that U.S. interests in the UAE, including ports, docks and military locations are legitimate targets following the U.S.' attacks on Iranian islands, Reuters reported. U.S. President Donald Trump said he directed the U.S. Central Command to carry out a bombing raid, hitting military targets on Kharg. He added that U.S. forces did not ""wipe out"" the island's oil infrastructure. On Friday, Brent crude oil futures closed above $100 per barrel for the second straight day. The global oil benchmark's price has surged more than 40% since the Iran war started. Analysts have said that the prospect of a U.S. move to seize Kharg Island, a strategically vital hub often referred to as Iran's ""oil lifeline,"" is considered extremely high risk, both from a geopolitical and economic standpoint. The five-mile-long coral island, which is located about 15 miles off the coast of mainland Iran in the waters of the northern Persian Gulf, had been left untouched through nearly two weeks of U.S. and Israeli-led strikes against Iran. -",410,False,1,False,Wars and Military Conflicts,2026-03-16,True,37.611666666666665,2026-03-17
https://www.cnbc.com/2026/03/17/cnbc-daily-open-trump-seeks-support-on-hormuz-as-he-sets-sights-on-cuba.html,2026-03-17 08:29:42 AM WIB,CNBC Daily Open: Trump seeks support on Hormuz as he sets sights on Cuba,"CNBC Daily Open: Trump seeks support on Hormuz as he sets sights on Cuba. Hello, this is Hui Jie writing to you from Singapore. Welcome to another edition of CNBC's Daily Open. U.S. President Donald Trump is looking to enlist other countries in helping secure the Strait of Hormuz as oil prices stay elevated. But his requests are yet to be accepted, as tensions in the Middle East escalate with Iran continuing to target its neighbors. And even as the U.S. stays embroiled in one conflict, Trump is apparently looking to start another one. U.S. President Donald Trump's appeals that other countries help the U.S. secure the Strait of Hormuz seem to have received a less than enthusiastic response, but Trump struck a confident tone Monday stateside, telling reporters the White House will soon announce the names of nations that have agreed to assist. Washington, meanwhile, is looking to postpone a meeting between Trump and Chinese President Xi Jinping as the conflict with Iran prolongs. As oil prices stay elevated, Treasury Secretary Scott Bessent said Washington was allowing Iranian oil tankers to transit the Strait : ""we've let that happen to supply the rest of the world."" U.S. West Texas Intermediate crude futures were trading about 2% higher at $95.34 per barrel, while global benchmark Brent was up 1.8% at $102.03, after prices declined on Monday. The jump in prices comes as Iran continues to target its neighbors, with reports of missile and drone strikes hitting Dubai on Tuesday, prompting the United Arab Emirates to temporarily close its airspace . Despite the U.S. being embroiled in Iran, Trump seems to be mulling taking the world's largest economy into another conflict, saying Monday that he will have the ""honor"" of ""taking Cuba."" ""Whether I free it, take it, I think I can do anything I want with it,"" he said, words that are likely to keep markets on edge. On the tech front, Nvidia boss Jensen Huang gave a shot in the arm to the AI world, saying he expects purchase orders of the company's Blackwell and Vera Rubin AI systems to reach $1 trillion through 2027, doubling from prior estimates of $500 billion. Nvidia also expanded deals for its autonomous vehicle development business to Hyundai Motor, Nissan Motor and Isuzu, as well as Chinese automakers BYD and Geely. - Lim Hui Jie Why traders are getting nervous about Iran's $200 oil warning Energy analysts and traders said Monday that they wouldn't be surprised if oil prices climb to as high as $200 per barrel as the sprawling Middle East crisis drags on. It comes as the U.S. and Israeli-led war on Iran continues to disrupt oil production and shipping in the region , with traffic through the strategically vital Strait of Hormuz effectively grinding to a halt in recent weeks. - Sam Meredith » Read more",616,True,2,False,Daily Open,2026-03-25,True,191.505,2026-03-26
https://www.cnbc.com/2026/03/18/dot-plot-fed-still-expects-to-cut-rates-once-this-year-despite-spiking-oil-prices-.html,2026-03-19 01:19:28 AM WIB,Fed still expects to cut rates once this year despite spiking oil prices ,"Fed still expects to cut rates once this year despite spiking oil prices. The Federal Reserve is still expecting to cut interest rates once this year in spite of a spike in oil prices from the Iran war. The central bank's so-called dot plot, which shows the anonymous expectations of the 19 individual members, showed a median estimate of 3.4% for the federal funds rate at the end of 2026, the same as what it had projected at the end of last year. However, a closer look at the overall dot plot showed the balance of projections moved toward fewer reductions, meaning more members are forecasting one reduction from two previously. ""If you notice, the median didn't change, but there was actually some movement toward - a meaningful amount of movement - toward fewer cuts by people,"" Fed Chair Jerome Powell said in his post-meeting remarks. ""So four or five people went from two to one, let's say, two cuts to one cut."" The Fed kept rates unchanged on Wednesday , voting 11-1 to keep the benchmark federal funds rate anchored in a range between 3.5%-3.75%. Traders had come into the year hopeful for two interest rate cuts. However, that expectation has been getting pushed out in recent weeks because of data showing hotter inflation that could put the central bank on hold. In particular, it complicates the job of former Fed Governor Kevin Warsh, who is set to succeed current Chair Powell when his term ends in May. Warsh, who was handpicked by President Donald Trump, has expressed his support for lower rates. The Fed's Summary of Economic Projections showed higher inflation projections for the year, as well as a somewhat faster pace of growth. The forecast for personal consumption expenditures inflation climbed to 2.7% for 2026, up from 2.4% in December. The projection for core inflation, which excludes volatile food and energy prices and is more closely watched by the Fed, also rose to 2.7% from 2.5%. However, the change in real GDP rose to 2.4% from 2.3% in December. Fed funds futures were last pricing in just one rate cut in 2026, as well as the greater likelihood that the central bank may remain on hold, according to the CME FedWatch Tool",478,False,1,False,Markets,2026-03-25,False,150.67555555555555,2026-03-26
https://www.cnbc.com/2026/03/20/trump-iran-war-troops-rebuild.html,2026-03-20 11:10:43 PM WIB,Trump: U.S. could end Iran military operations 'right now' but will continue so Iran can 'never rebuild',"Trump: U.S. could end Iran military operations 'right now' but will continue so Iran can 'never rebuild'. President Donald Trump on Friday said the U.S. could end Iran military operations ""right now"" and leave Tehran unable to rebuild its military capabilities for a decade. But that's not ""an acceptable situation,"" Trump told MS Now's Stephanie Ruhle in a phone interview. ""If we left right now, it would take them at least 10 years to rebuild, but rebuild they will,"" Trump said in the roughly 15-minute call. ""If we stay longer, they'll never rebuild,"" he said. Trump's comments came after multiple news outlets reported that the Pentagon is sending up to 2,500 more Marines to the Middle East from San Diego. It's the second reported deployment of thousands of U.S. troops to the region in the past week. Trump said in the Oval Office on Thursday that he would not put boots on the ground in Iran. Later that same day, Israeli Prime Minister Benjamin Netanyahu said ""there has to be a ground component"" to ensure meaningful regime change in Iran. Netanyahu appeared to be referring to the Iranian people in his remarks, saying they must ultimately ""rise to the moment."" But he added that there are ""many possibilities for this ground component."" Trump, in Friday's interview with Ruhle, said the U.S. and Israel share ""largely similar"" goals for Iran. ""The difference is, they live right next door. We don't. That's a big difference,"" he said. Netanyahu and Trump have both said Iran's current leadership is unclear, since so many members of Tehran's regime - including Ayatollah Ali Khamenei - have been killed in airstrikes during the first three weeks of the war. Khamenei was succeeded by his son, Mojtaba Khamenei. In a statement Friday marking the start of the Persian new year, the new Iranian supreme leader expressed a desire to strengthen Tehran's ties with its regional neighbors",440,False,1,False,Politics,2026-03-25,True,104.82138888888889,2026-03-26
https://www.cnbc.com/2026/03/23/chevron-ceo-oil-price-iran-war-strait-hormuz.html,2026-03-24 01:10:12 AM WIB,"Chevron CEO says Iran war impact isn't fully priced into oil market, traders have ‘scant information’","Chevron CEO says Iran war impact isn't fully priced into oil market, traders have 'scant information'. HOUSTON - The oil futures market has not fully priced in the scale of the supply disruption triggered by the closure of the Strait of Hormuz, Chevron CEO Mike Wirth said Monday. ""There are very real, physical manifestations of the closure of the Strait of Hormuz that are working their way around the world and through the system that I don't think are fully priced into the futures curves on oil,"" Wirth said at S&P Global's CERAWeek conference here. Oil prices plunged more than 10% on Monday after President Donald Trump told CNBC that he is ""very intent on making a deal with Iran."" Trump postponed strikes on Iran's power plants for five days after talks with Iran that he described as productive. The U.S. crude oil contract for May delivery closed at $88.13 per barrel. Brent prices, the international benchmark, settled at $99.94 per barrel. The U.S. oil contract for August delivery is trading around $81 per barrel, suggesting the market believes the disruption will ease in the coming weeks and months. But the market is trading on ""scant information"" and ""perception,"" Wirth said. The physical supply of oil is tighter than the futures contracts suggest, he said. ""We got a lot of oil and gas now that is not flowing into the market,"" the Chevron CEO said. ""There really is a difference in terms of physical supply this time versus prior incidents."" It will take time to rebuild inventories even if the strait reopens, Wirth said. About 20% of world oil supplies flowed through the narrow sea route, which connects the Persian Gulf to the global market, before the war started. Oil tanker traffic has plunged due to Iranian attacks on commercial shipping. Gulf Arab producers have cut output because they cannot export through the strait. Iranian missile and drone attacks have also damaged energy infrastructure in the Middle East. Some governments are also imposing policies to hold stocks at home and reduce exports, Wirth said. ""How quickly that production can actually come back online is an uncertainty that we're going to have to deal with as we go forward,"" Wirth said. ""It's going to take some time to come out of this.""",488,False,1,False,Energy,2026-03-25,False,30.83,2026-03-26
https://www.cnbc.com/2026/03/26/cnbc-daily-open-talking-in-circles-on-iran.html,2026-03-26 01:50:30 PM WIB,CNBC Daily Open: Talking in circles on Iran,"CNBC Daily Open: Talking in circles on Iran. Hello, this is Leonie Kidd writing to you from London. Welcome to another edition of CNBC's Daily Open. Right now, talk is not cheap. The volatility triggered by conflicting reports of negotiations between the U.S. and Iran being underway, not underway, facilitated by mediators or even ""negotiating with yourself"" has caused billions (if not trillions) of dollars to be lost or made over the last few sessions. Today's round of ""who is saying what"" will be complicated by a G7 foreign ministers meeting in France, where representatives from the U.K., U.S., France, Germany, Canada, Italy and Japan have struggled to speak with one clear message. Expect more ""grin and bear it"" trading moments as investors keep trying to price multiple conflicting scenarios. Iran's foreign minister told state media on Wednesday that while Tehran had no intention of holding direct talks with the United States, an American proposal to end the war was under review. However, earlier Wednesday, Iranian state media said that the country would reject a U.S. ceasefire offer and laid out its own list of conditions for ending the war, including granting Tehran control over the Strait of Hormuz. Iran's mission to the United Nations said Tuesday that ""non-hostile vessels"" would be able to pass through the strategic strait. Today, attention will turn to France where the G7 foreign ministers will be meeting in the picturesque Abbey of Vaux-de-Cernay. In a statement issued ahead of the meeting, the group pledged to ""seek avenues for negotiation to encourage de-escalation while promoting the security of civilian populations, the reopening of maritime and trade routes, and the cessation of the Iranian regime's nuclear and ballistic programs."" Not on the agenda, but almost certainly on G7 minds will be the underlying tensions between European countries and Nato , over its more supportive position on the war in Iran, as reported by the Financial Times. In markets, trading has been mixed across Asia , while European futures indicate a muted open . The whipsaw moves are creating a ""grin and bear it"" environment to trading, as investors try to price both a diplomatic outcome, alongside further disruption to energy flows. In a possible sign Washington sees a path toward de-escalation, the White House confirmed that a long-awaited meeting between President Donald Trump and Chinese President Xi Jinping will take place in Beijing on May 14 and 15. The announcement amounts to a roughly six-week postponement of the planned China summit, which had been delayed due to the Iran war. The sum of the developments was enough to raise some hopes on Wall Street, with stocks jumping on Wednesday and oil prices pulling back. U.S. stock futures were little changed on Wednesday night. And finally... White House posts cryptic videos, deletes one, fueling speculation online Two mysterious videos posted to the White House's official X and Instagram accounts on Wednesday night generated buzz online, with the purpose of the short, vertically shot clips unclear. One video was later deleted. There was no indication of the context of the posts, which racked up millions of views. - Dylan Butts",669,True,2,False,Daily Open,2026-03-27,True,18.158333333333335,2026-03-30
https://www.cnbc.com/2026/03/27/5-things-to-know-before-the-market-opens.html,2026-03-27 07:14:18 PM WIB,"Trump's Iran extension, DHS funding deal, Anthropic's injunction and more in Morning Squawk","Trump's Iran extension, DHS funding deal, Anthropic's injunction and more in Morning Squawk. This is CNBC's Morning Squawk newsletter. Subscribe here to receive future editions in your inbox. Happy Friday. If you're as fascinated by the retail sector as I am, you'll want to read this exclusive from CNBC's Melissa Repko. I don't want to spoil it, so I'll just say that Target isn't over its boycott woes. Stock futures are lower this morning. The three major indexes fell sharply yesterday. Here are five key things investors need to know to start the trading day: President Donald Trump announced yesterday that he is extending the pause on attacking Iran's nuclear facilities, pushing back the deadline to April 6. The 10-day extension came at the request of Iran's government, Trump said. Here's what to know: The Senate reached a deal early this morning that would fund most of the Department of Homeland Security, a sign of progress toward ending the department's shutdown. The bill will now head to the House of Representatives, where it could get a vote as soon as today. The package does not include funding for Immigration and Customs Enforcement, exactly what Democrats have been calling for, though it also doesn't include the changes to ICE's enforcement practices that Democrats wanted. The agreement comes as the partial government shutdown forces Transportation Security Administration agents to work without pay, causing long security lines at airports. Trump said yesterday that he would bypass Congress and issue an executive order to ""immediately"" pay TSA workers. Anthropic got its wish in federal court yesterday: Judge Rita Lin granted the artificial intelligence startup's request for an injunction in its lawsuit against the White House. Lin said the Pentagon's blacklisting of Anthropic was ""classic illegal First Amendment retaliation."" Anthropic said in a statement that it was ""grateful to the court for moving swiftly"" and that it would still like to work with the government if possible. In other AI policy news, venture capitalist David Sacks said yesterday that his role as Trump's crypto and AI czar was ending. Sacks said he was joining the President's Council of Advisers on Science & Technology, a federal advisory committee. CNBC's Morning Squawk recaps the biggest stories investors should know before the stock market opens, every weekday morning. Subscribe here to get access today . Sen. Elizabeth Warren didn't mince words in a Thursday letter to Kevin Warsh, Trump's pick to lead the Federal Reserve. ""You have learned nothing from your failures,"" Warren told Warsh in the scathing eight-page letter. The Massachusetts Democrat said Warsh's prior tenure at the Fed between 2006 and 2011 ""should disqualify you from a promotion."" Warren also warned that Warsh would offer a ""rubber stamp for President Trump's Wall Street First Agenda."" Warsh did not immediately respond to CNBC's request for comment. Meanwhile, the Fed's Board of Governors is urging a judge to quash a request from prosecutors seeking to bring back subpoenas issued as part of the criminal probe of Chair Jerome Powell. Yesterday was Opening Day for the MLB's 2026 season. As CNBC's Alex Sherman reports, it may be the league's last before major changes kick in. The MLB's collective bargaining agreement with its players expires at the end of the season. Bruce Meyer, the interim executive director of the MLB Players Association, said last month that a lockout is likely amid negotiations. Additionally, one-third of the league's teams did not have local TV deals set for the season until just this week. Some teams announced Wednesday that their new MLB-operated team channels would be carried by DirecTV. Here are some stories we'd recommend making time for this weekend: Josephine Rozzelle edited this edition",817,True,2,False,5 Things to Know,2026-03-30,True,60.76166666666666,2026-03-31
https://www.cnbc.com/2026/04/02/oil-demand-destruction-trump-energy-price-gasoline-ration-iran.html,2026-04-02 05:34:23 PM WIB,Trump’s Iran timeline may not be short enough to avoid oil demand destruction,"Trump's Iran timeline may not be short enough to avoid oil demand destruction. U.S. President Donald Trump says he'll end the war within weeks, but fears for oil supply and demand destruction are set to linger. In an address on Wednesday evening, Trump said he expected the war to last another two to three weeks, during which time U.S. forces will ""hit"" Iran ""extremely hard."" The timescale was a reiteration of what Trump had said the previous day , when he told reporters at the White House that the Iran war would end within weeks ""whether we have a deal or not."" Oil prices have skyrocketed since the U.S. and Israel launched strikes on Iran on Feb. 28, sparking retaliatory strikes across the Gulf from Tehran and the effective closure of the Strait of Hormuz. The closure of the critical shipping route contributed to global benchmark Brent crude oil prices surging more than 60% over the course of March, marking the biggest monthly price gain since records began in the 1980s. In the wake of Trump's 19-minute speech on Wednesday, oil prices soared as analysts noted U.S. troops and aircraft continued to arrive in the Middle East, casting doubt over Trump's insistence the conflict is drawing to a close. Global benchmark Brent crude was last seen trading more than 6.5% higher at around $107.79 per barrel around 11:00 a.m. in London, while U.S. West Texas Intermediate crude oil added around 6% to settle at just over $106 a barrel. There are fears that a prolonged conflict could lead to demand destruction - a sustained drop in demand brought on by high prices or limited supply. The decline in demand can push consumers to reduce their consumption of specific goods, like gasoline, or seek out alternatives, like electric or more fuel-efficient vehicles. ""If Middle East oil exports were to remain low for longer, we see potential for significant price-driven reductions in demand for gasoline and diesel in the largest markets with flexible prices (e.g. US) and emerging markets where prices have risen sharply and fuel demand is likely relatively price-sensitive (e.g. South Africa, Philippines, Malaysia, Vietnam),"" analysts at Goldman Sachs said in a note on Tuesday. ""Pockets of clearer demand destruction have emerged in certain markets, including in aviation and Asian petrochemical industries,"" they added. Some officials and market watchers have warned that markets have not fully priced how long it will take to bring oil supplies back up to speed, given the backlog of traffic in the Strait of Hormuz and the destruction and closure of energy facilities in the Middle East. In an interview with The Economist last week, European Central Bank chief Christine Lagarde labeled market views of a swift recovery from the Iran war ""overly optimistic,"" telling the publication that there is ""no way"" the Gulf's lost energy supply can be restored within months. The disruption may last years, she warned. Scott Shelton, an energy analyst at TP ICAP, told CNBC that at current rates, he expects overall losses for the duration of the war so far to be around 500 million barrels of crude oil and refined products like diesel, jet fuel and gasoline. This, he added, would wipe out the storage buffer that existed before the war started - with signs of demand destruction already emerging in pockets of the market, such as petrochemical products and gasoline in Asia. ""If [the war] ends in two to three weeks and the Strait of Hormuz reopens, I think we will have enough oil to survive this shock to oil prices,"" he said. ""If Trump can guarantee this ends in 2-3 weeks, I would think we don't need to go to levels where demand losses are equal to supply losses. That being said, how does he actually achieve that to the extent that the oil market will be comfortable enough to not take them there?"" Last week, Trump paused U.S. attacks on Iranian energy facilities until April 6. Shelton told CNBC that ""if this war is still going past the weekend's ceasefire, we are going to demand destruction levels before the middle to end of the month."" Simon Evenett, Professor of Geopolitics and Strategy at Switzerland's IMD Business School, said that despite Trump's vow to ""finish the job"" in Iran, he ""has no viable military strategy to neutralize Iran's enduring threat."" ""The Gulf conflict looks set to extend well beyond three weeks,"" Evenett told CNBC in an email. ""Even if the United States withdraws, Iran can continue the fight. Claims that Tehran's capabilities have been obliterated are overstated. Iran can sustain a stranglehold on the Strait of Hormuz. Oil prices would rise sharply. Physical shortages will emerge. Demand destruction becomes a necessity."" This is because substantial price increases will be required to push consumption down to meet reduced supply, he explained. ""Brace yourselves for the next phase of disruption,"" Evenett warned. Chris Metcalfe, chief investment officer at asset management firm IBOSS, told CNBC that markets were not yet seeing true demand destruction, but rather ""short-term demand modification driven by higher prices and precautionary behaviour."" ""The experience in the United States, where gasoline prices briefly moved above $4 per gallon, is a good example. Such price levels can alter behaviour, but unless they are sustained, the impact tends to be short-lived and reversible,"" he said. Metcalfe also pointed to South Korea and Thailand as examples of markets where consumption has softened, but said this was reflective of temporary adjustments rather than structural declines. ""If there is credible visibility on the endgame and timing of the conflict, it is unlikely that we will see significant or lasting demand destruction,"" he said. ""Ultimately, duration of elevated prices, rather than short-term spikes, will determine whether temporary adjustments evolve into more structural changes in demand."" Some governments have already intervened in markets in a bid to soften the blow of a potential energy shock on consumers. This week, Germany brought in new regulations to stop gas stations from hiking fuel prices more than once a day, with the government claiming some outlets had been raising prices 22 times daily. Australia's government has rolled out a national fuel security plan with four status levels that command differing responses. Under the current status - level 2 of 4 in the plan - drivers are being encouraged to ""only buy the fuel you need."" In Japan, rules are being temporarily relaxed to allow increased use of coal-fired plants. This week, Fatih Birol, head of the International Energy Agency, told the ""In Good Company"" podcast that the current energy crisis had already become the largest in history. The IEA itself has already taken steps to alleviate some of the supply pressure in the market, publishing a list of recommendations the public and governments can take to reduce energy usage and releasing a record 400 million barrels of oil from its emergency stockpiles. ""In many countries, the rationing of energy may be coming soon,"" Birol warned during his podcast interview. Toni Meadows, head of investment at BRI Wealth Management, told CNBC that energy rationing announcements are likely by the end of the two-to-three-week period Trump laid out on Wednesday. ""I would expect to see more announcements regarding potential rationing of oil supplies as countries prepare for a period where their reserves start to deplete. Oil prices and crucially pump prices would rise further if there were no end in sight,"" he said in an email. Meadows said he expects to see imminent changes in consumer behavior as fuel costs tick higher, such as long lines at gas stations that maintain cheaper prices. ""If the war lasts longer than 3 weeks, demand will be under pressure and could be postponed, but at this stage it's not destroyed, so if the war ends quickly, it comes back,"" Meadows added, noting that demand would only be destroyed by a longer-term disruption to the Strait of Hormuz that caused lasting inflation. ""Higher prices eventually lead to a spiral that destroys demand in a repetitive cycle until there is enough spare capacity (unemployment) and low interest rates to allow demand to come back without causing higher prices,"" he said. ""But this will not happen over the next 3 weeks.""",1729,True,4,False,Markets,2026-04-03,True,14.426944444444445,2026-04-05
https://www.cnbc.com/2026/04/08/daily-open-trump-iran-pause-strait-hormuz-oil-markets.html,2026-04-08 08:41:22 AM WIB,CNBC Daily Open: Markets cheer as Trump and Tehran agree to 2-week ceasefire,"CNBC Daily Open: Markets cheer as Trump and Tehran agree to 2-week ceasefire. Hello, this is Dylan Butts writing to you from Singapore. Welcome to another edition of CNBC's Daily Open. Markets rallied after U.S. President Donald Trump announced an 11th-hour cease-fire on Tuesday evening, averting the passing of a deadline for Iran to reopen the Strait of Hormuz or face strikes on its civilian infrastructure. The off-ramp came after Trump had escalated his threats, warning that ""a whole civilization"" would ""die"" and Iran would be back to the ""Stone Ages,"" if his demands were not met. An Iranian official has since confirmed Tehran would abide by the ceasefire and allow safe passage through the Strait of Hormuz, a key artery for global oil flows. U.S. stock futures surged and oil prices fell after Trump said he would suspend attacks on Iran for two weeks, just before his 8 p.m. ET deadline tied to reopening the Strait of Hormuz. ""I agree to suspend the bombing and attack of Iran for a period of two weeks,"" Trump posted on Truth Social. ""We received a 10 point proposal from Iran, and believe it is a workable basis on which to negotiate."" Trump also noted that the ""double sided"" ceasefire was contingent on Iran agreeing to an opening of the Strait of Hormuz. A statement from Iran's Minister of Foreign Affairs, on behalf of the Supreme National Security Council, said Tehran would stop its defensive operations if attacks against it cease, and that it would allow safe passage through the Strait of Hormuz subject to coordination with its Armed Forces and with ""due consideration of technical limitations."" The development comes after Trump had stepped up warnings that Iran would face massive strikes on its civilian infrastructure - which could be considered a war crime - if the deadline was not met. The President had also gone so far as to say that "" a whole civilization will die tonight , never to be brought back again"" if no agreement was reached, drawing condemnation from U.S. lawmakers on both sides of the aisle. Pakistan had sought a 2-week pause in the conflict and played a role in mediating the deal, according to Trump. Earlier on Tuesday, Trump had said that for Iran to stave off the deadline, it would have to agree to ""a deal that's acceptable to me, and part of that deal is going to be, we want free traffic of oil and everything else."" Iranian state media has framed the ceasefire as Trump backing down and accepting Tehran's 10-point plan. Negotiations involving the U.S., Iran and regional mediators in the Middle East had previously centered around longer ceasefire proposals - reportedly up to 45 days - but a White House official told CNBC on Monday that Trump did not back that plan and Iran had explicitly rejected any temporary truces in favor of a permanent end to hostilities. The pause in the conflict came shortly after U.S. forces struck military targets on Kharg Island , Iran's main oil export terminal, a White House official told CNBC. Markets had already shown cautious optimism, with major U.S. indexes posting slim gains Tuesday. Oil prices, which had been relatively stable earlier in the session for most of Tuesday, plunged over 14% to below $100 a barrel. The reprieve could provide relief for global markets and supply chains, which have been strained by disruptions to oil flows from the conflict. Missile strikes from Iran on Tuesday had reportedly sparked a fire at Saudi Arabia's Jubail complex, the country's largest industrial hub and home to major refining, petrochemical and carbon capture facilities. Iran reportedly said the attack was in response to attacks on some of its petrochemical plants linked to its massive South Pars gas field. Impacts from oil disruptions have continued to spread. U.S. jet fuel prices have nearly doubled since the start of the war, prompting some airlines to consider cutting flights , especially on international routes. - Dylan Butts Elon Musk seeks ouster of OpenAI CEO Sam Altman as part of lawsuit Elon Musk is seeking to have OpenAI CEO Sam Altman and President Greg Brockman removed from their roles as officers in the company as part of a case that's expected to go to trial later this month. In a legal filing on Tuesday, Musk's lawyers laid out specific remedies their client is seeking if a judge and jury determine that Altman and OpenAI defrauded Musk, the world's richest person. ""Plaintiff will seek an order removing Altman as a director from the OpenAI nonprofit board and removing both Altman and Brockman as officers of the OpenAI for-profit,"" Musk's lawyers said in Tuesday's filing. ""Removal of a charity's officers and directors is a common remedy where those individuals fail to protect or carry out the charity's public mission."" - Lora Kolodny",1027,True,3,False,Daily Open,2026-04-13,True,119.31055555555555,2026-04-14
https://www.cnbc.com/2026/04/09/tankers-return-to-hormuz-ceasefire-disruption-to-last-weeks.html,2026-04-09 03:53:16 PM WIB,"‘Weeks, if not months’: Strait of Hormuz tanker traffic won't normalize anytime soon","'Weeks, if not months': Strait of Hormuz tanker traffic won't normalize anytime soon. The U.S. and Iran's ""fragile truce"" has lifted hopes that a full reopening of the Hormuz Strait can end the energy supply crunch that threatens to cripple the global economy. But shipping and maritime experts say traffic through the critical energy artery will not normalize anytime soon. President Donald Trump said Tuesday the ceasefire is contingent on the ""complete, immediate, and safe opening"" of the strait, which typically carries around one-fifth of the world's oil and gas supplies. Vice President JD Vance reiterated on Wednesday that the Iranian leadership has agreed to open the Strait of Hormuz. Iran, however, has made it clear that the reopening would be conditional , subject to coordination with the country's armed forces and technical limitations. The fragile truce has done little to restore confidence for tankers to traverse through the strait, particularly as signs of the ceasefire collapsing loom with Israel escalating the deadliest attacks on Lebanon. Traffic through the Strait of Hormuz has yet to see a meaningful rebound, with just four transits recorded on Wednesday, according to S&P Global Market Intelligence. ""Vessels appear to still be making use of the altered transit route west along Larak Island,"" it said. More than 400 oil-laden tankers and dozens of liquefied natural gas or liquefied petroleum gas carriers remain anchored outside the Gulf, awaiting signals for passage, according to MarineTraffic, a ship tracking platform using radio-based AIS, or automatic identification system. The actual transit volumes may be higher than the data suggests, as many tankers turn off their transponders to avoid potential targeting by Iran, but remain at a fraction of prewar levels. Transit conditions, toll arrangements and the legal framework for passage remain undefined, deterring ship owners from passing through the waterway, according to maritime research firm Windward. ""Whether Iran will maintain control of Hormuz during talks is unclear but all signs point to the Islamic Republic refusing to give up its leverage during the two-week period,"" Windward said in a note Wednesday. The first 48 hours of the ceasefire will be crucial to shipowners' willingness to enter the strait, Windward added. ""Returning to normal for our industry is weeks away,"" Nils Haupt, communication chief at Hapag-Lloyd, one of the world's largest shipping firms, told CNBC over the phone. The company is ""currently refraining"" from transiting the strait, based on its latest risk assessment. ""The issue is not solved...[until] all the ships have left the Strait of Hormuz, because there are hundreds of thousands of containers at ports in India, Oman, and Pakistan, which need to be transported into the Persian Gulf,"" Haupt added. ""It will take weeks, if not months, to reintroduce the original shipping schedules that we had before the start of the war."" Maersk said in a statement that, while the ceasefire may create transit opportunities, it does not yet provide full maritime certainty and ""needs to understand all potential conditions attached."" Analysts told CNBC that the Houthis in Yemen disrupting the Red Sea last year provides a reference point to how quickly traffic could recover following a potential ceasefire. ""In the Red Sea with the Houthis, the ceasefire agreement was last January and traffic has not returned,"" Nikos Petrakakos, managing director at maritime investment manager Tufton, told CNBC in an interview. ""As long as there's a threat of an attack, that's enough. You don't actually need the attack."" One distinction between the Red Sea and Strait of Hormuz scenarios is the availability of alternative routes, Panagiotis Krontiras, tanker freight analyst at Kpler, said. ""In the former, seaborne flows can be rerouted via the Cape of Good Hope, whereas in the latter, rerouting options are far more limited and largely confined to pipeline diversions,"" he added. ""As such, market dynamics are likely to encourage a speedier recovery of the Strait of Hormuz traffic."" Both U.S. West Texas Intermediate and Brent crude oil prices have retreated to around $97 per barrel, down from near $110 a barrel before the ceasefire was announced on Tuesday, but remain substantially above their prewar level of around $70. Analysts expect oil to continue trading at a premium to its prewar price for some time, as supply disruption persists. ""Physical and logistical disruptions are not going to disappear overnight,"" said Ray Sharma-Ong, deputy global head of multi-asset bespoke solutions at Aberdeen Investments, adding that shipowners also face higher shipping costs, war risk insurance and precautionary stockpiling globally. ""It's not purely a financial consideration,"" added Petrakakos, with ships' captains left with the responsibility for deciding whether to take the risk of transiting the strait. ""For now, most of them [captains] are rightfully thinking, 'I don't care how much the bonus is, it's not worth risking my life'. Over time, that might change.""",1092,True,3,False,Shipping,2026-04-13,True,88.11222222222223,2026-04-14
https://www.cnbc.com/2026/04/10/investors-positive-despite-disagreement-over-strait-of-hormuz.html,2026-04-10 08:27:06 AM WIB,CNBC Daily Open: Markets shrug off ceasefire uncertainty,"CNBC Daily Open: Markets shrug off ceasefire uncertainty. Hello, this is Dylan Butts writing to you from Singapore. Welcome to another edition of CNBC's Daily Open. Wall Street traded on the promise of peace Thursday, lifting U.S. equities on the back of a two-week ceasefire between Washington and Iran. However, energy markets reflected a less optimistic reality, with oil climbing as access through the Strait of Hormuz appears to remain restricted. The question now: Could Iran be pushing for a new normal in one of the world's most critical shipping lanes? Stocks extended their rally on Thursday as investors remained optimistic that the fragile two-week ceasefire between the U.S. and Iran could hold, even as key details of the agreement remain unresolved. Energy markets, however, signaled less optimism. U.S. crude surged above $100 during the session as it became clear that Iran was still limiting traffic through the Strait of Hormuz, despite the pause in its conflict with the U.S. That view was reinforced by the CEO of Abu Dhabi National Oil Co., or ADNOC, who said on Thursday that the Strait of Hormuz was not opened to ship traffic . ""This moment requires clarity,"" Sultan Ahmed Al Jaber wrote in a social media post. ""So let's be clear: the Strait of Hormuz is not open. Access is being restricted, conditioned and controlled."" Oil prices later pulled back from session highs after Israel agreed to negotiate with Lebanon ""as soon as possible."" Israel's military campaign in Lebanon against Iran's ally Hezbollah has emerged as a central fault line in Washington and Tehran's deal. Still, the exact status of the Strait of Hormuz is expected to remain a focal point in negotiations. The Financial Times reported that Iran plans to make shipping companies pay tolls in cryptocurrency to pass through the strait. Responding to those reports, President Donald Trump on Thursday said that Iran ""better stop now"" if it's charging oil tankers for passage through the Strait of Hormuz . Meanwhile, his top economic advisor, Kevin Hassett, said that getting even one oil tanker through the strait would provide a "" huge chunk of what's missing "" amid a global supply crunch. However, in a development that could trigger further oil disruptions, a critical Saudi Arabian pipeline to the Red Sea h as been reportedly attacked by Iran, cutting its throughput. Governments are stepping up contingency measures. Japan is reportedly considering releasing about 20 days' worth of oil reserves as early as May. In Washington, a notable development underscored the broader geopolitical backdrop. A recent government filing has revealed a plan to automatically register American men aged 18 to 26 for a U.S. military draft by December, almost a half-century after compulsory registration for that age group became law. Beyond geopolitics, major developments have been occurring in the world of big tech. Meta recently released Muse Spark , its first new AI model in over a year, as it looks to generate returns on its massive investment in Scale AI co-founder Alexandr Wang in June. It comes after Anthropic announced a powerful new model that will roll out to a select group of companies as part of its new cybersecurity initiative called Project Glasswing. - Dylan Butts AI threat's relentless flogging of software stocks shows no end in sight with Anthropic's new agent . Software's artificial intelligence troubles don't appear as though they will let up anytime soon, following the sector's slide after Anthropic's latest product and revenue updates. Software is down again this week, with the iShares Expanded Tech-Software Sector ETF (IGV) falling Wednesday - when most of the market participated in a sharp rally following President Donald Trump's announcement of a ceasefire - and then again on Thursday. The IGV is down more than 4% week to date. Some stocks suffered more than others, like Workday and Intuit , which are both down more than 15% this week. The tumult comes after the Anthropic disclosed this week that its revenue run rate now tops $30 billion, up from $9 billion at the end of 2025. The company also rolled out its latest updates on agentic tools, including Claude Managed Agents , which reduce the time it takes for developers to build their own agents. That revived fears of an AI day of reckoning coming for software. - Sarah Min",932,True,2,False,Daily Open,2026-04-13,True,71.54833333333333,2026-04-14
https://www.cnbc.com/2026/04/13/iran-war-oil-opec-production-decline.html,2026-04-13 09:44:34 PM WIB,"Middle East oil production plunges due to Iran war, OPEC data shows","Middle East oil production plunges due to Iran war, OPEC data shows. Crude oil production in the major Gulf Arab exporters plunged in March due to the Iran war, according to data released by OPEC on Monday. Iraq took the biggest hit with production collapsing 61% from 4.2 million barrels per day in February to 1.6 million bpd in March, according to OPEC's monthly report . Output plunged 53% in Kuwait and 44% in the United Arab Emirates month over month, the data showed. Production in Saudi Arabia, OPEC's biggest producer, dropped 23% from 10.1 million bpd to 7.8 million bpd. The Saudis are relying on a crucial East-West pipeline to reroute barrels from the Persian Gulf to the Red Sea for export. But the pipeline, which has a capacity of 7 million bpd, recently came under attack by Iran . The assault cut the pipeline's capacity by 700,000 bpd, according to the state-owned Saudi Press Agency. Overall, OPEC's production plunged 27% month over month from 28.7 million bpd to 20.8 million bpd. The Gulf Arab states have cut production because they are unable to export through the Strait of Hormuz due to the war. Tanker traffic through the narrow sea route, which connects the Gulf to global energy markets, has plunged due to attacks by Iran. It will take months for the Gulf Arab states to bring production back up to full capacity , said Sheikh Nawaf al-Sabah, the CEO of Kuwait Petroleum Corp. ""We have resilient reservoirs that bring out quite a bit of production immediately - within a few days,"" the CEO said at the CERAWeek by S&P Global conference on March 24. ""The bulk of it will come within a few weeks, and then the full production will come within three or four months."" Iran's production, meanwhile, dropped around 5% from 3.24 million bpd to 3.06 million bpd month over month, according to OPEC. The Islamic Republic has continued to export through the strait during the war. But Iran is now facing a blockade after peace talks with the U.S. failed to produce an agreement over the weekend. President Donald Trump has ordered the U.S. Navy to block all maritime traffic in and out of Iran's ports starting at 10 a.m. ET on Monday. U.S. crude oil futures for May delivery have jumped back above $100 per barrel, with the U.S. contract for June delivery at $94 per barrel. The global benchmark, Brent crude , was also trading around $100 per barrel, for June delivery, while the July contract was at $93.93 per barrel",567,True,2,False,Energy,2026-04-14,True,10.257222222222222,2026-04-15
https://www.cnbc.com/2026/04/14/cnbc-daily-open-us-iran-hormuz-blockade-oil.html,2026-04-14 08:35:50 AM WIB,CNBC Daily Open: Markets bet on a U.S.-Iran deal amid Hormuz blockade,"CNBC Daily Open: Markets bet on a U.S.-Iran deal amid Hormuz blockade. Hello, this is Anniek Bao writing to you from Singapore. Welcome to another edition of CNBC's Daily Open. The dominant story is still the Strait of Hormuz, and it's getting more complicated by the hour. Oil has dropped below $100 per barrel on signs that diplomatic efforts for resolving the Mideast conflict are ongoing, even as the U.S. started blockading Iranian ports. Market wobbled, then rallied on signals that Tehran might still want to talk, with investors assessing the blockade as brinkmanship as expectations for a possible deal rise. The U.S. Navy began enforcing a blockade against vessels entering and departing Iranian ports on Monday, after peace talks in Islamabad over the weekend ended without a deal. Tehran has been using its partial control of the Strait of Hormuz to negotiate safe-passage deals with several countries reliant on energy flows through the strategic waterway and continuing oil supplies to its major buyer , China. ""We can't let a country blackmail or extort the world, because that's what they're doing,"" Trump said of Iran on Monday. Asked if the goal of the obstruction was to force Iran to reopen the strait or come to the negotiating table, Trump said, ""Both of those things, certainly, and more."" While Trump had announced the blockading of the Strait of Hormuz, the U.S. Central Command clarified that it will not impede vessels transiting to and from non-Iranian ports . The West Texas Intermediate was 2.37% lower at $96.73 per barrel as of 8:00 p.m. ET, while Brent crude declined 1.82% to $97.51 per barrel, having gained during US trading hours. U.S. stocks, meanwhile, climbed overnight, with the S&P 500 rising 1% to its highest level since the war began in late February, after Trump said he had heard from ""the right people"" in Iran who still want a deal with the U.S., signaling that diplomatic channels haven't fully closed. Asset management BlackRock upgraded its outlook for U.S. stocks on hopes that contained impacts from the war and strong corporate earnings will create a favorable backdrop for domestic equities. The coalition picture around Trump's blockade effort appears messy. The U.K. pushed back on Trump's claim that Britain was joining the effort, saying it was working with France to build a ""wide coalition"" to safeguard freedom of navigation. And lurking in the background: U.S. intelligence assessment reportedly suggested that China was prepared to supply new air-defense systems to Iran, a development that could complicate relations between Beijing and Washington. China is expected to release its import-export data for March later on Tuesday, which would offer a glimpse into how the economy has fared under the shadow of the war. And on the Fed front, the clock is ticking uncomfortably. Fed chair nominee Kevin Warsh has submitted the required paperwork to the Senate, clearing a major hurdle to a confirmation hearing, according to people familiar with the matter. But whether Warsh gets there before Jerome Powell's May 15 term expiration is another question entirely. - Anniek Bao Trump is blockading Iranian ports in the Persian Gulf. What does that mean? A former Biden-era Pentagon official said the U.S. is trying to turn the tables on Iran, which has blockaded the strait for weeks during the U.S.-Israeli war with the country, creating a bottleneck that roiled global markets and strained the economy. Experts say the goal of the blockade is to convince Iran's leaders to back down and acquiesce to U.S. demands to end the war and restore freedom of navigation to the strait. ""The administration seems to be pursuing what is called a close blockade, which is an attempt to prevent ships from going into those ports or leaving those ports,"" said Michael Horowitz, senior fellow for technology and innovation at the Council on Foreign Relations and a former deputy assistant secretary of Defense. ""The theory behind a close blockade of Iran's ports is to make it impossible for Iran to financially benefit from oil sales via shipping in the strait while it is restricting others from doing so."" - Garrett Downs",895,True,2,False,Daily Open,2026-04-15,True,23.40277777777778,2026-04-16
https://www.cnbc.com/2026/04/17/cnbc-daily-open-israel-lebanon-10-day-ceasefire-trump-iran-war.html,2026-04-17 12:36:58 PM WIB,"CNBC Daily Open: A ceasefire, but no Strait talk","CNBC Daily Open: A ceasefire, but no Strait talk. Hello, this is Leonie Kidd writing to you from London. Welcome to another edition of CNBC's Daily Open. A historic 10-day ceasefire agreement between Israel and Lebanon removes another major obstacle to a broader peace agreement for the Middle East. It leaves one main point of contention - the Strait of Hormuz. The positive sentiment has held up during this week's trade, with major markets holding near record highs. The leaders of Israel and Lebanon agreed to a 10-day ceasefire after officials from the two countries met in Washington, President Donald Trump said Thursday. The temporary truce started at 5 p.m. ET on Thursday, Trump said in a Truth Social post . In a follow-up , Trump added that he will be inviting Israeli Prime Minister Benjamin Netanyahu and President Joseph Aoun of Lebanon to the White House ""for the first meaningful talks between Israel and Lebanon since 1983, a very long time ago."" ""Both sides want to see PEACE, and I believe that will happen, quickly!"" Trump wrote. Speaking to CNBC in Washington D.C., Israel's central bank governor, Amir Yaron, said markets were taking the latest peace developments positively , despite lingering geopolitical uncertainties. There is also optimism around progress with Tehran, as Trump said that ""the war in Iran is going along swimmingly."" ""It should be ending pretty soon,"" Trump said at an event in Las Vegas, echoing similar predictions about the end of the war that he has made since the United States and Israel launched attacks on Iran in late February. Meanwhile, U.S. officials have told some European allies that certain weapon deliveries could be delayed due to the war in Iran. Reuters spoke to a number of sources who indicated the weapons have been bought as part of contracts under the Foreign Military Sales program, but not yet delivered. Asia-Pacific markets were trading lower Friday , diverging from Wall Street's record-setting rally. Pre-market indicators for Europe and Wall Street were mixed in early Friday trading. In other news, U.K. Prime Minister Keir Starmer is under renewed pressure over his appointment of former U.K. Ambassador to the U.S. Peter Mandelson. This after British media broke the news that Lord Mandelson had failed a vetting process for his appointment. Downing Street has blamed the Foreign Office for the failure, and a top civil servant has reportedly been sacked. - Leonie Kidd Retail traders pile into Allbirds after odd AI pivot. History shows it won't end well Retail traders stampeded into Allbirds after the troubled shoemaker slapped an artificial intelligence label on its business, a set-up that market history suggests rarely ends well once the initial hype fades. Shares of the company skyrocketed more than 800% at one point on Wednesday after the firm detailed shocking plans to rebrand as NewBird AI and shift toward compute infrastructure. ""The market is not pricing risk. It is pricing narrative. It is pricing the word 'AI' the same way it once priced the word 'blockchain' and before that the suffix '.com,'"" Mark Malek, CIO at Siebert Financial, said in a note. ""This is not analysis. This is pattern-matching on a buzzword by investors who have watched AI-adjacent stocks go parabolic and do not want to miss the next leg. The signal is not subtle."" - Yun Li",717,True,2,False,Daily Open,2026-04-20,True,67.38388888888889,2026-04-21
https://www.cnbc.com/2026/04/18/trump-says-us-has-good-news-on-iran-talks-to-continue.html,2026-04-18 04:02:22 PM WIB,Iran says Strait of Hormuz is closed again as vessels attempting to cross come under fire,"Iran says Strait of Hormuz is closed again as vessels attempting to cross come under fire. Iran said Saturday that it has reimposed the closure of the Strait of Hormuz less than a day after reopening it to shipping traffic, but President Donald Trump warned that Tehran could not blackmail the U.S. by shutting the waterway. The strait is closed until the U.S. blockade is lifted, Iran's Revolutionary Guard navy said, warning that ""no vessel should make any movement from its anchorage in the Persian Gulf and the Sea of Oman, and approaching the Strait of Hormuz will be considered as cooperation with the enemy"" and be targeted. Two gunboats from the Revolutionary Guard opened fire on a tanker transiting the strait, the British military's United Kingdom Maritime Trade Operations center said. It reported the tanker and crew as safe, without identifying the vessel or its destination. Shipping sources told Reuters at least two other vessels reported coming under fire while trying to transit the waterway. In Mumbai, India summoned Iran's ambassador after an Indian-flagged vessel carrying ⁠crude oil was attacked while trying to cross the strait, Reuters reported. The closing of the waterway comes after Iran declared on Friday that the strait is open to commercial ships during a ceasefire between Israel and Lebanon, but confusion quickly emerged about whether the sea lane was really open without conditions. Iranian state media said on Saturday that the strait was closed due to the U.S. failing to hold up its end of the bargain. Iran blamed the U.S. for its ongoing blockade of Iranian ports. ""Iran agreed to allow a limited number of ships to pass through the Strait of Hormuz according to agreements,"" the Islamic Republic of Iran Broadcasting (IRIB) service said in a post on X. ""But U.S. did not fulfill their obligations. So, the Strait of Hormuz is now closed again and passage requires IRAN approval,"" IRIB said. Iranian state media also aired a statement from Revolutionary Guard spokesperson Lieutenant Colonel Ebrahim Zolfaghari detailing the reimposition of vessel restrictions on the strait, MS Now reported. Zolfaghari said that ""control of the Strait of Hormuz has returned to its previous state ... under strict management and control of the armed forces."" He warned that Iran would continue to block transit through the strait as long as a U.S. blockade of Iranian ports remained in effect. In Washington, Trump said U.S. talks with Iran are going well and that he expects to have more information ""by the end of the day."" Trump made the comments during a White House event where he signed an executive order directing the Food and Drug Administration to expedite the review of certain psychedelic drugs designed as breakthrough therapy for mental illness. Trump declined to take reporters' questions about Iran but said, ""We have very good conversations going on."" He said Iran ""got a little cute,"" later adding, ""They wanted to close up the strait again,"" referring to the Strait of Hormuz. ""They can't blackmail us,"" Trump said. Trump said on Friday that he would likely not extend the two-week ceasefire, which is due to end on Wednesday. U.S. and Israeli forces began an aerial campaign against Iranian targets on Feb. 28. Trump agreed to the ceasefire on April 7 in exchange for Iran completely opening the strait. ""Maybe I won't extend it, but the blockade is going to remain. But maybe I won't extend it, so you have a blockade, and unfortunately, we'll have to start dropping bombs again,"" Trump said. Peace talks in the Pakistani capital, Islamabad, between a U.S. delegation led by Vice President JD Vance and Iranian negotiators headed by parliamentary speaker Mohammad Bagher Ghalibaf failed to reach an agreement last weekend. Iran's Supreme National Security Council said in a statement that Pakistan's army chief, serving as an intermediary, presented the proposals to Iran during his recent visit to Tehran, and that they were still under review. It was not revealed what was in the proposals. The council said Iran has yet to respond, but further talks would require the U.S. to abandon ""excessive demands and adjust its requests to the realities on the ground."" It also said that Iran will maintain full control over traffic through the Strait of Hormuz until ""the war fully ends and lasting peace is achieved in the region,"" adding that it would collect detailed information on passing vessels, issue transit certificates and impose tolls. The council added that it considered the U.S. naval blockade a violation of the ceasefire and that the Strait of Hormuz would not reopen until it was lifted. Iranian Foreign Minister Seyed Abbas Araghchi on Friday said on social media : ""In line with the ceasefire in Lebanon, the passage for all commercial vessels through Strait of Hormuz is declared completely open for the remaining period of ceasefire."" However, vessels must transit through a ""coordinated route"" announced by Iran's maritime authorities, Araghchi said. It is unclear whether Tehran will force ships to pay a toll to pass the strait. Israel and Lebanon agreed Thursday to a 10-day ceasefire starting at 5 p.m. ET that evening. Israel's military campaign in Lebanon against the militant group Hezbollah, which is a close ally of Iran, has been another hurdle in negotiations between Washington and Tehran. But the confusion over the strait's status has left ship operators in a state of limbo. Video footage from ship-tracking firm Kpler showed that several tankers and cargo ships attempted to exit the waterway on Friday but turned back. ""They've clearly not been given approval to pass through,"" Matt Smith, director of commodity research at Kpler, told CNBC. Oil prices plunged more than 10% on Friday to below $90 per barrel. About a fifth of the world's crude supplies passed through the strait before the war. The closure of the sea lane connecting the Persian Gulf to global energy markets has triggered the largest oil supply disruption in history. Another major sticking point in the negotiations has been the issue of recovering material from Iran's nuclear program. Trump told reporters on Air Force One that the U.S. will ""go in with Iran and we will take it together, and we will bring it back, 100% of it back to the United States."" ""We'll take it after the agreement is signed,"" he said. Trump on Friday said that Iran had agreed to hand over its stockpile of enriched uranium, but Iranian Deputy Foreign Minister Saeed Khatibzadeh dismissed the U.S. president's claims and sounded a note of caution regarding future talks between the two countries. Speaking to the Associated Press in the Turkish city of Antalya, Khatibzadeh said the Iranians were not ready for a new round of face-to-face talks with the U.S. because the Americans ""have not abandoned their maximalist position."" On Friday, Trump said the U.S. will go into Iran and ""get all the nuclear dust,"" referring to the 970 pounds (440 kilograms) of enriched uranium believed to be buried under nuclear sites badly damaged by U.S. military strikes last year. French President Emmanuel Macron said a French soldier was killed and three others were wounded Saturday during an attack on U.N. peacekeepers in southern Lebanon. ""Everything suggests that responsibility for this attack lies with Hezbollah,"" Macron wrote on social media. The UNIFIL peacekeeping force also blamed Hezbollah. Hezbollah denied involvement. Pakistan's foreign minister said fighting between Israel and Hezbollah had been a key sticking point in U.S.-Iran talks, and the declaration of a ceasefire in Lebanon was seen as a boost to efforts for an Iran agreement. It was unclear to what extent Hezbollah would abide by a truce it didn't play a role in negotiating, especially with Israeli troops still occupying a stretch of southern Lebanon. In Beirut, displaced families began moving toward southern Lebanon and the capital's southern suburbs despite warnings by officials not to return home until it was clear whether the ceasefire would hold. The Iran war has killed at least 3,000 people in Iran, more than 2,290 in Lebanon, 23 in Israel and more than a dozen in Gulf Arab states. Thirteen U.S. service members have been killed. Pope Leo XIV said that it was ""not in my interest at all"" to debate Trump about the Iran war, but that he would continue preaching the Gospel message of peace. Leo spoke to reporters aboard the papal plane flying from Cameroon to Angola. He addressed the spiraling back-and-forth saga of Trump's critiques of his peace message, which have dominated news headlines this week. But the American pope also sought to set the record straight, insisting that his preaching isn't directed at Trump, but reflects the broader Gospel message of peace. ""There's been a certain narrative that has not been accurate in all of its aspects, but because of the political situation created when, on the first day of the trip, the president of the United States made some comments about myself,"" he said. - The Associated Press and Reuters contributed to this report",1896,True,4,False,Wars and Military Conflicts,2026-04-20,True,39.96055555555556,2026-04-21
https://www.cnbc.com/2026/04/22/5-things-to-know-before-the-market-opens.html,2026-04-22 07:22:43 PM WIB,"Ceasefire extension, Best Buy's new CEO, Amazon's GLP-1 push and more in Morning Squawk","Ceasefire extension, Best Buy's new CEO, Amazon's GLP-1 push and more in Morning Squawk. This is CNBC's Morning Squawk newsletter. Subscribe here to receive future editions in your inbox. Happy Wednesday. With all the volatility in the oil market, I found it helpful to look at this timeline for a reminder of all that's happened over the last eight weeks. Stock futures are higher this morning. All three major indexes closed yesterday's session lower. Here are five key things investors need to know to start the trading day: President Donald Trump announced yesterday that he would extend the ceasefire with Iran, citing the country's ""seriously fractured"" government. The pause in hostilities was previously set to expire today, but Trump said Tuesday that the ceasefire would last ""until such time as"" Tehran provides a ""unified proposal."" Here's what to know: Shares of Boeing rose more than 3% this morning after the plane maker reported a smaller-than-expected loss per share in the first quarter and topped revenue expectations. Boeing CEO Kelly Ortberg will join CNBC's ""Squawk on the Street"" at 9 a.m. ET this morning to discuss the results. Watch live on CNBC or CNBC+. Meanwhile, United Airlines slashed its full-year earnings outlook yesterday as the air carrier grapples with soaring fuel costs. Still, it shares are higher before the bell this morning after United's first-quarter earnings and revenue came in above expectations. Kevin Warsh, Trump's choice to lead the Federal Reserve, was grilled by senators at his confirmation hearing yesterday, facing questions about his wealth, stance on artificial intelligence and ability to be independent from Trump. Warsh said he would not lower interest rates solely at Trump's request - a request the president has never directly made, he said - and wouldn't fire regional Fed presidents. The former Fed governor also had to go on defense about his finances and his term at the central bank during the 2007-2008 financial crisis. But as CNBC's Matt Peterson writes, one topic remained largely unmentioned: Warsh's plans for a ""regime change "" at the central bank. CNBC's Morning Squawk recaps the biggest stories investors should know before the stock market opens, every weekday morning. Subscribe here to get access today . Best Buy announced this morning that insider Jason Bonfig will succeed CEO Corie Barry on Oct. 31. Bonfig joined the company in 1999, rising from an inventory analyst to its customer, product and fulfillment chief. As CNBC's Melissa Repko reports, he will be tasked with trying to juice sales amid a lukewarm period. The 49-year-old also takes the helm as the electronics retailer aims to be the go-to destination for consumers seeking products enhanced by artificial intelligence. Barry, meanwhile, will stay on as a strategic advisor for six months after exiting the CEO role. Amazon is jumping further into the GLP-1 distribution market. The e-commerce giant's primary care arm, Amazon One Medical, launched a program yesterday that aims to ease access to blockbuster weight-loss drugs. As CNBC's Brandon Gomez reports, Amazon Pharmacy patients will be able to access medications such as Novo Nordisk's Wegovy and other oral GLP-1 alternatives. Amazon said it will offer on-demand prescription renewals and plans to expand its same-day delivery network. Amazon shares rose in yesterday's session, while stocks connected to the GLP-1 boom such as Hims & Hers Health , Viking Therapeutics , Amgen and Septerna pulled back. Trump told CNBC yesterday that he would take note of which companies don't ask for tariff refunds, saying that firms not asking have ""got to know me very well."" Davis Giangiulio assisted in the production of this newsletter. Josephine Rozzelle edited this edition",817,True,2,False,5 Things to Know,2026-04-23,True,12.62138888888889,2026-04-24
https://www.cnbc.com/2026/04/24/tsmc-shares-record-high-taiwan-single-stock-investment-cap-for-funds.html,2026-04-24 01:18:05 PM WIB,TSMC shares jump to record high as Taiwan eases single-stock investment caps for funds,"TSMC shares jump to record high as Taiwan eases single-stock investment caps for funds. Shares in Taiwan Semiconductor Manufacturing Co. surged 5% to a fresh all-time high on Friday after the island's regulator said it plans to loosen limits on funds' allocations to single stocks. Under the revised framework, domestic equity funds and actively managed ETFs focused exclusively on Taiwanese stocks will be allowed to allocate up to 25% of their assets to any listed firm that carries a weighting above 10% on the Taiwan Stock Exchange. A long-standing rule had capped fund managers' allocations to a single company at 10% of their portfolio's net asset value. TSMC, whose shares had a hit a record high on Thursday as well, last week reported a 58% increase in first-quarter profit, beating estimates as the boom in artificial intelligence drives demands for chips. TSMC's net income of 572.48 billion new Taiwanese dollars for the three months ended in March represented a fourth consecutive quarter of record profits. The company is Asia's most valuable technology firm, and produces semiconductors that are used across devices from consumer gadgets to large-scale data centers. The world's largest contract chipmaker continues to see robust demand for cutting-edge chips from major clients such as Apple an, while also benefiting from the rapid expansion of AI, manufacturing advanced processors designed by companies like Nvidia - now its largest customer",295,False,1,False,Markets,2026-04-27,True,66.6986111111111,2026-04-28
https://www.cnbc.com/2026/05/07/asia-pacific-markets-today-live-updates-nikkei-225-kospi-hang-seng-index.html,2026-05-07 06:45:49 AM WIB,"Japan's Nikkei 225 tops 62,000 for the first time as Asia markets look past Trump’s Iran threats","Japan's Nikkei 225 tops 62,000 for the first time as Asia markets look past Trump's Iran threats. Japan stocks rose more than 5% on Thursday, with the benchmark Nikkei 225 hitting 62,000 for the first time as Asia-Pacific markets rallied despite renewed tensions in the Middle East. The broader regional advance came after President Donald Trump warned Iran would be bombed ""at a much higher level"" if it failed to agree to a peace deal. The Nikkei 225 advanced over 5% to end the trading day at 62,833.84, led by gains in basic materials, technology and financial stocks. Shares of index heavyweight Softbank surged more than 18%. Electronics company Ibiden was the top performer, climbing over 22%. Semiconductor company Sumco Corp surged 19.74%, while manufacturing and metals company Mitsui Kinzoku gained 19%. The Topix also advanced 3% to close at 3,840.49. In Australia, the S&P/ASX 200 rose 0.96% to 8,878.1. South Korea's Kospi jumped 1.43% to 7,490.05 while the small-cap Kosdaq Index slid 0.91% to 1,199.18. Hong Kong's Hang Seng index jumped 1.57% while mainland China's CSI 300 edged 0.48% higher to 4,900.51. Trump's fresh threats came as reports suggested Washington and Tehran were nearing an agreement to end the war. The president in a Truth Social post said the U.S. military offensive known as Operation Epic Fury ""will be at an end"" if Iran ""agrees to give what has been agreed to, which is, perhaps, a big assumption."" If that happened, the U.S. naval blockade of Iranian ports in the Gulf of Oman would ""allow the Hormuz Strait to be OPEN TO ALL, including Iran,"" Trump wrote. West Texas Intermediate futures for June was 0.92% higher at $95.95 per barrel as of 7:19 p.m. ET. U.S. stock futures were little changed. S&P 500 futures and Nasdaq 100 futures both slid about 0.1%. Futures tied to the Dow Jones Industrial Average fell 35 points, or less than 0.1%. Overnight in the U.S., stocks rose following developments in the Middle East. The S&P 500 advanced 1.46% to 7,365.12, while the Nasdaq Composite gained 2.02% and ended at 25,838.94. Both indexes touched new highs and closed at records. The Dow Jones Industrial Average added 612.34 points, or 1.24%, to close at 49,910.59",576,True,2,False,Asia Markets,2026-05-08,False,25.23638888888889,2026-05-13
https://www.cnbc.com/2026/05/10/netanyahu-says-iran-war-is-not-over-as-peace-deal-remains-elusive.html,2026-05-11 03:06:55 AM WIB,Netanyahu says Iran war is 'not over' as Trump rejects latest Iranian offer,"Netanyahu says Iran war is 'not over' as Trump rejects latest Iranian offer. Israeli Prime Minister Benjamin Netanyahu said on Sunday that the war with Iran is ""not over,"" as the U.S. and Israel still aim to bring an end to Tehran's nuclear ambitions. ""There's still nuclear material, enriched uranium that has to be taken out of Iran,"" he said in a taped interview on CBS's ""60 Minutes"" that is set to air Sunday night. ""There is still enrichment sites that have to be dismantled, there's still proxies that Iran supports, there are ballistic missiles that they still want to produce ... there's work to be done."" Pressed for how the U.S. and Israel would remove the nuclear material, Netanyahu said: ""You go in, and you take it out."" Netanyahu's comments come ahead of President Donald Trump 's expected trip to China later this week, where he's expected to meet with Chinese President Xi Jinping . The war and the subsequent closure of the Strait of Hormuz by Iran have spiked global energy costs and sharply raised gas prices in the U.S. Washington and Tehran are trying to negotiate a peace deal through mediators in Pakistan, but the pact remains elusive. U.S. President Donald Trump on Sunday rejected an Iranian counteroffer to a U.S. proposal to end the war, calling it ""TOTALLY UNACCEPTABLE!"" in a post on Truth Social . The Wall Street Journal on Sunday reported details of Iran's latest response . According to the Journal, Iran did not agree to U.S. demands regarding its nuclear program and stockpile of highly enriched uranium, instead calling for separate nuclear negotiations and for some of its highly enriched uranium to be diluted and the rest sent to a third country. The uranium would be returned to Iran if the U.S. exits the deal, the Journal said. In addition, the U.S. would end its blockade of Iranian ports, while in return, Tehran would open the Strait of Hormuz for commercial traffic. The U.S. wants assurances that Iran will end its nuclear program as part of any peace deal. Iran reportedly agreed to suspend enriching uranium, but for a shorter period than the 20-year moratorium proposed by the U.S. Iran also rejected dismantling its nuclear facilities, the Journal reported",499,False,1,False,Politics,2026-05-13,False,52.88472222222222,2026-05-18
https://www.cnbc.com/2026/05/22/oil-markets-ease-after-trump-gives-tehran-more-time.html,2026-05-22 08:32:12 AM WIB,CNBC Daily Open: Dow at all-time high as Iran reviews peace deal,"CNBC Daily Open: Dow at all-time high as Iran reviews peace deal. Hello, this is Dylan Butts writing to you from Singapore. Welcome to another edition of the CNBC Daily Open. U.S. stocks looked poised to end the week on another upswing, with major indexes extending an impressive run. The S&P 500 is on track for its eighth straight weekly gain. The Dow is headed for its third positive week in four, while the Nasdaq Composite is on pace for its seventh weekly advance in the past eight weeks. The rally comes as investors bet on progress toward resolving tensions in the Middle East. But can President Donald Trump and Terhan finally deliver on a much-anticipated peace deal? Traders have been pricing in de-escalation in the Middle East on reports that Iran is reviewing a U.S. peace proposal, with Trump saying Thursday that he's willing to wait ""a few days"" for a response from Tehran. U.S. stock indexes closed higher Thursday , with the Dow Jones Industrial Average rising 276.31 points, or 0.55%, to a record close. Asia-Pacific markets opened higher Friday, tracking Wall Street as investors assessed developments in U.S.-Iran diplomacy alongside Japan's softer-than-expected April inflation data. Oil prices, however, remained volatile, resuming their rally after three straight sessions of declines as investors weighed mixed messaging on Iran peace deal negotiations. Brent crude futures for July and U.S. West Texas Intermediate futures for June advanced around 2% in early Asia trading. Reuters reported Thursday, citing sources, that Iran's supreme leader ordered enriched uranium to remain in the country, potentially complicating the prospect for a resolution to the U.S.-Iran war. Investors will closely monitor energy developments after the International Energy Agency's chief cautioned Thursday that the oil market could enter the "" red zone "" by July as inventories dwindle ahead of the peak summer travel season. On the domestic policy front, Trump postponed signing an executive order on artificial intelligence, stating that he "" didn't like certain aspects "" and needs more time to review it. The order was expected to empower the U.S. government to pre-evaluate AI models for security vulnerabilities, The New York Times reported Thursday, citing people familiar with the matter. The delay comes as tech giants continue to pour massive investments into the AI industry, helping fuel dealmaking and market gains. CNBC confirmed Thursday that Microsoft is in talks to supply its custom AI chips to AI giant Anthropic , following Microsoft's $5 billion commitment to the company. - Dylan Butts Quantum stocks soar as U.S. plans $2 billion funding incentives and equity stakes Quantum computing shares popped on Thursday, as the U.S. government said it would award $2 billion in grants to nine firms operating in the space. The National Institute of Standards and Technology announced the signing of letters of intent in a release, saying it would take a minority, non-controlling stake in each company. The Wall Street Journal first reported on the deals. IBM is the biggest beneficiary of the package, with the U.S. Commerce Department agreeing to give the firm $1 billion. Shares of IBM gained 12% on Thursday. - Chloe Taylor",680,True,2,False,Daily Open,2026-05-25,True,71.46333333333334,2026-05-26
https://www.cnbc.com/2026/05/26/treasury-yields-us-strikes-on-iran-oil-bonds.html,2026-05-26 04:19:51 PM WIB,Treasury yields slide after Memorial Day break as traders weigh Iran peace prospects,"Treasury yields slide after Memorial Day break as traders weigh Iran peace prospects. Treasury yields fell on Tuesday as bond markets returned from a Memorial Day break to bolstered hopes of a Middle East peace deal, even as the U.S. military conducted fresh strikes on Iran. The yield on the 10-year U.S. Treasury note - the key benchmark for U.S. government borrowing - moved lower by more than 8 basis points to 4.489%. The 2-year Treasury note yield, which more closely tracks short-term Federal Reserve interest rate policy, dropped more than 8 basis points to 4.04%. The longer-dated 30-year Treasury bond yield also declined more than 5 basis points to 5.024%. One basis point is equal to 0.01%, and yields and prices move in opposite directions. Yields fell across the board, catching up with large declines seen in European sovereign yields on Monday. This comes after U.S. forces carried out what Central Command described as ""self defense"" strikes in southern Iran early Tuesday. Secretary of State Marco Rubio, who is in India, said that the Strait of Hormuz will ultimately have to be opened ""one way or the other."" Iran's Islamic Revolutionary Guard Corps on Tuesday said it would retaliate against violations of the ongoing ceasefire after it identified and engaged U.S. drones and an F-35 jet fighter that entered the country's airspace. The apparent flare-up in hostilities came despite President Donald Trump earlier indicating in a Truth Social post that a peace agreement could be in sight, with negotiations ""proceeding nicely."" Looking ahead, investors will be monitoring a slew of economic data released later this week, including April's reading of the personal consumption expenditures price index - the Fed's preferred measure of inflation. Economists polled by Dow Jones are expecting a 0.5% increase from March and a 3.8% increase in headline PCE year-on-year. U.S. consumer confidence fell in May as inflationary impacts stemming from the Middle East conflict "" intensified ,"" according to The Conference Board",434,False,1,False,Bonds,2026-05-29,True,63.66916666666667,2026-06-01
https://www.cnbc.com/2026/05/28/oil-prices-iran-war-us-trump-strait-hormuz-energy-inflation-investors.html,2026-05-28 05:44:36 PM WIB,Oil markets are betting on a swift end to the Iran war. Investors may regret it,"Oil markets are betting on a swift end to the Iran war. Investors may regret it. Oil futures are still pricing a quick resolution to the Iran war - but analysts warn that investors and consumers are likely to be left disappointed. Prices jumped more than 3% at one point early Thursday after the U.S. and Iran exchanged fresh missile strikes as hostilities in the Middle East appeared to re-escalate. Brent crude , the international price benchmark, was last seen 2.1% higher at $96.29, while U.S. West Texas Intermediate futures were back above $90 a barrel after a 2.4% rise. Callum Macpherson, head of commodities at Investec, said investors are finding it ""incredibly hard"" to get a handle on the ongoing price swings, noting how markets are being whipsawed by constantly shifting signals from both Washington and Tehran, with apparent diplomatic progress frequently contradicted within hours. Macpherson highlighted reports on Wednesday that Iranian officials had discussed a memorandum of understanding containing areas of agreement between both sides, only for the White House to later dismiss the claims as untrue. The conflicting rhetoric is unfolding alongside renewed strikes and retaliatory attacks in the region that are putting a fragile ceasefire at risk of breaking down. While markets are ""finding ways of muddling through for now,"" Macpherson said, the current situation is ultimately unsustainable. ""It's very hard for the markets to know how to react to all of this,"" Macpherson told CNBC's ""Europe Early Edition"" on Thursday. ""There are real consumers and producers and refiners that need to trade, that need to hedge themselves, and buy cargoes. Prices have to be made."" He said there is evidence of some vessels moving through the Strait of Hormuz, but little indication of a return to normality on the vital shipping lane. As a result, prices are unlikely to return to the $60-70 a barrel level seen immediately before the conflict. ""It's all about having confidence that the war definitely has ended and we're not going to have another flare-up,"" he added. ""Markets are coping, but there needs to be a proper resolution relatively soon."" Matt Britzman, senior equity analyst at Hargreaves Lansdown, said that the low-to-mid $90s prices show there is still a ""clear risk premium"" attached to the conflict. ""For now, the market looks caught between short-term nerves over renewed hostilities and a lingering hope that both sides still have enough incentive to get energy flows moving,"" Britzman said in a note. ""The bigger picture is that crude is still on course for a second weekly decline, suggesting investors are not yet pricing in a worst-case disruption."" Sim Moh Siong, FX strategist at OCBC Group Research, also warned that a decline in oil prices is unlikely to be fast, highlighting Tehran's capacity to disrupt the Strait of Hormuz as a key constraint. ""Infrastructure damage, renewed strategic stockpiling, and a higher structural risk premium will likely keep prices sticky.""",649,True,2,False,Europe News,2026-05-29,True,14.256666666666666,2026-06-01
https://www.cnbc.com/2026/05/29/oil-price-iran-deal-war-ceasefire-trump.html,2026-05-29 10:21:25 PM WIB,Brent oil price posts biggest monthly loss in six years as market counts on a U.S.-Iran deal,"Brent oil price posts biggest monthly loss in six years as market counts on a U.S.-Iran deal. Bent oil posted its biggest monthly loss in six years as traders hoped that the U.S. and Iran are nearing a deal that will reopen the Strait of Hormuz. The international oil benchmark fell more than 19% in May, its worst month since March 2020 when the Covid-19 pandemic closed economies. U.S. West Texas Intermediate crude prices shed nearly 17% in May, its worst performance since April 2025. Prices fell Friday after President Trump said he would meet in the White House Situation Room to make a final determination about an agreement with Iran. West Texas Intermediate lost 1.73% to close at $87.36 per barrel while Brent fell 1.77% to settle at $92.05 per barrel. But Trump laid out a series of demands that Iran has rejected in the past. Tehran must agree it will never have a nuclear weapon, the U.S. president said, and must immediately open the Strait of Hormuz to unrestricted traffic in both directions without tolls. The Islamic Republic must also agree to remove any remaining mines in the strait, he said. And Iran must agree to allow the U.S. to unearth and destroy its enriched uranium buried under rubble from U.S. and Israeli attacks last year, Trump said. U.S. officials told CNBC Thursday that negotiators hammered out a 60-day memorandum of understanding, or MOU, to extend the ceasefire and start talks on Iran's nuclear program. Trump still has to sign off on the MOU, the officials said. Axios first reported the news of an MOU",354,False,1,False,Energy,2026-06-01,True,57.643055555555556,2026-06-02
https://www.cnbc.com/2026/05/30/oil-exports-through-hormuz-might-not-return-to-levels-before-iran-war.html,2026-05-30 08:00:00 PM WIB,Oil exports through the Strait of Hormuz might not return to levels seen before the Iran war,"Oil exports through the Strait of Hormuz might not return to levels seen before the Iran war. The oil market might face a new reality after the Iran war in which exports through the Strait of Hormuz do not return to the levels once considered normal, as shipowners now have to weigh the risk that fighting could abruptly break out in the volatile Persian Gulf. And Western commercial ships will likely hesitate to sail through Hormuz if it remains under Iran's de facto control, especially if they have to coordinate with the Revolutionary Guard, putting them at risk of violating U.S. sanctions. It is a scenario with consequences that are difficult to foresee given the vital role that Hormuz plays in global energy markets. Freedom of navigation through the strait was never seriously challenged until Iran basically closed the sea lane in response to the war launched by the U.S. and Israel on Feb. 28. Iran's blockade of Hormuz has triggered the largest oil supply disruption in history, putting pressure on the U.S. to make a deal as the threat to the global economy grows by the day. Tehran appears intent to use this leverage to consolidate control over the strait in a settlement that ends the war. Middle East leaders believe that Iran has already taken control of Hormuz, said Amos Hochstein, who served as a senior energy and national security advisor to former President Joe Biden . ""No matter what happens, the Iranians will control the Strait of Hormuz for the foreseeable future,"" Hochstein told CNBC's "" Squawk Box "" on Thursday. ""It doesn't even matter what the deal says. Everybody in the region believes that."" Oil tanker traffic through Hormuz before the war might represent the high point for transits for the foreseeable future, said Helima Croft, head of global commodity strategy at RBC Capital Markets. ""Any end to the conflict that leaves Iran exercising operational control and influence over the Strait will result in appreciably lower flows through the waterway in our view,"" Croft told clients in a Thursday note. Traffic under this scenario might return to 60% to 70% of prewar volumes with China-affiliated ships moving freely while passage for Western vessels require bilateral agreements with Iran, said Richard Meade, editor-in-chief of Lloyd's List, in a briefing on May 21. ""This doesn't trigger a recession in the way that some of the doomsday scenarios that we've talked about before might suggest, but it does not allow the prewar rebound,"" Meade said. Lloyd's List is one of the oldest shipping industry trade journals in the world. ""It produces something more insidious,"" Meade continued. ""A permanently bifurcated strait where access is a function of political alignment, not freedom of navigation."" The crisis that throttled ship traffic through the Red Sea shows how geopolitical instability can disrupt trade chokepoints for much longer than originally expected. Houthi militants in Yemen that are allied with Iran started attacking commercial ships in November 2023 in response to Israel's war in Gaza. The attacks began on Nov. 19 with the hijacking of a cargo ship and continued with missile and drone attacks for two years. Daily traffic through the Bab el-Mandeb Strait, which connects the Red Sea to the Gulf of Aden, collapsed by more than half from 75 ships on Nov. 19, 2023 to 31 vessels by January 30, 2024. More than two years later, traffic through the strait still has not returned to the levels once considered normal. One of the major lessons from the Red Sea crisis is that ""you don't need a massive navy in order to create major disruption in a maritime chokepoint,"" said Tomer Raanan, a maritime risk analyst at Lloyd's List. The Houthis have not attacked a vessel in the Red Sea since the end of last year but that has not been enough for ship traffic to return to levels seen in 2023, said Jack Kennedy, head of Middle East country risk at S&P Global Market Intelligence. It is uncertain whether the collapse in traffic through Hormuz will last as long as the disruption in the Red Sea. Shipowners will have to decide whether they believe a U.S.-Iran deal, if one is actually cemented, provides sufficient security gaurantees for commercial vessels. The current ceasefire is likely to hold for now as the Trump administration seems to be prioritizing increased access for commercial ships through Hormuz, Kennedy said. Even if Iran agreed to open Hormuz without any conditions on transit, it would likely take a long time to return to prewar levels of traffic, Kennedy said. There will be safety concerns, for example, about mines that may have been laid in the strait, he said. And there is a severe risk that the war could resume over the next year unless a permanent resolution is found to Iran's nuclear and ballistic missile programs, Kennedy said. These are the key issues, particulary from an Israeli national security perspective, that led up to the war, the analyst said. The ship operators will have to weigh whether they are willing to risk their vessels and assets being trapped on one side of Hormuz for months if war does erupt again, Kennedy said. But the Red Sea is also different in key ways to Hormuz, said Raanan and Kennedy. One reason Red Sea traffic remains depressed is because ships can bypass it and avoid the security risk altogether by sailing around the Cape of Good Hope in South Africa. Hormuz, by contrast, is truly a chokepoint without any equivalent alternatives, the analysts said. Hormuz is also much more important to global energy markets than the Red Sea, they said. About 20% of the world's oil and liquefied natural gas supplies passed through Hormuz before the war. Saudi Arabia and the United Arab Emirates are using pipelines to divert millions of barrels of oil per day from the Persian Gulf to export terminals on the Red Sea and Gulf of Oman. These pipelines have eased the supply disruption but they do not fully compensate for Hormuz. ""You can get some stuff out of pipelines, but not everything can go through a pipeline,"" Raanan said. ""We're not just talking oil that needs to come out of Hormuz."" The whole point of LNG as a product, for example, is it can be loaded onto ships and transported around the world. Hormuz is also crucial for fertilizer and other commodities. In the absence of alternatives, shippers may have to accept and adapt to conditions in Hormuz in ways they did not in the Red Sea. Still, Middle East exporters are looking for more alternatives. The UAE, for example, is accelerating the construction of a second pipeline that bypasses Hormuz. It is scheduled to become operational in 2027. U.S. Energy Secretary Chris Wright believes the importance of Hormuz to the global energy market will decline after war, as Gulf nations like the UAE build more pipelines to avoid it. ""This is a card you can play once,"" Wright said of Iran's blockade . ""There'll be other routes for energy to get out of the Persian Gulf."" ""We will see a decreasing importance from the Strait of Hormuz, but not a decreasing importance of those nations' energy production and energy supply,"" he said",1533,True,4,False,Energy,2026-06-01,True,36.0,2026-06-02
https://www.cnbc.com/2026/06/01/european-stocks-monday-trump-tells-critics-sit-back-relax.html,2026-06-01 01:30:07 PM WIB,European stocks end lower as Iran talks falter; EasyJet faces takeover bid,"European stocks end lower as Iran talks falter; EasyJet faces takeover bid. LONDON - European stocks closed lower on Monday as investors assessed the latest violations of an increasingly fragile ceasefire between the U.S. and Iran, and a potential acquisition bid for Britain's EasyJet . The pan-European Stoxx 600 ended the first trading session of the new month about 1% lower. Most sectors closed in negative territory, while major bourses in London, Frankfurt, Paris and Milan were all down. The slide came as hopes for a ceasefire agreement between the U.S. and Iran appeared to fade. On Monday afternoon, Iran's state-affiliated Tasnim news agency reported that Tehran's negotiating team is ""stopping exchanging messages"" with the U.S., via mediators, following Israel's latest push into Lebanon. It added that Iran would now ""completely"" block the Strait of Hormuz. Oil prices rose more than 6% on Monday. Foreign ministers in the U.K. and Germany joined France in condemnation of Israel's renewed aggression into Lebanon. ""Israel's military escalation in Lebanon has killed and displaced civilians, destroyed infrastructure, and eroded space for diplomacy,"" U.K. foreign secretary Yvette Cooper wrote on X on Sunday, adding ""it must end."" Meanwhile, Israeli Prime Minister Benjamin Netanyahu said on Sunday that he instructed the IDF to ""expand the maneuver"" in Lebanon, despite the ceasefire declared in April. U.S. President Donald Trump wrote in a Truth Social post Monday morning that Iran ""really wants to make a deal,"" as he lashed out at ""Dumocrats, and various seemingly unpatriotic Republicans"" for ""negatively 'chirping,' at levels never seen before."" ""Just sit back and relax, it will all work out well in the end - It always does!"" he added. Elsewhere, Europe's tech index bucked the wider negative trend in markets, after Japan's SoftBank Group pledged to invest 45 billion euros ($53 billion) in France over the next five years to build artificial intelligence infrastructure. The investment is part of broader Softbank plans worth 75 billion euro in commitments to France. The Stoxx Europe tech index closed 1.4% higher, touching levels not seen since September 2020. Budget carrier EasyJet on Monday responded to speculation of a looming takeover offer from U.S. investment firm Castlelake, saying it had not received any such approach but would consider any proposal should one be made. EasyJet shares finished trading 10% higher. The group, which said the timing of Castlelake's potential offer is ""highly opportunistic,"" has seen its stock price slump more than 40% over the last five years. South Korean stocks continued their tech-fueled rally unabated, bucking mixed performance in wider Asia-Pacific stock markets to hit fresh highs overnight. South Korea's Kospi closed 3.7% higher, as shares in Samsung Electronics surged more than 10% to hit an all-time high. In U.S. markets , the Dow Jones Industrial Average was last seen 0.2% lower, while the S&P 500 was last was up 0.1% in midday trade, as the Nasdaq rose about 0.3%",681,True,2,False,Europe Markets,2026-06-02,True,18.498055555555556,2026-06-03
https://www.cnbc.com/2026/06/02/rubio-iran-nuclear-talks-trump-war-strategy-hormuz.html,2026-06-02 10:48:57 PM WIB,"Trump, Rubio say talks with Tehran ongoing despite Iranian media claims otherwise","Trump, Rubio say talks with Tehran ongoing despite Iranian media claims otherwise. President Donald Trump and Secretary of State Marco Rubio said Tuesday the U.S . remains in negotiations with Iran about a deal to pause their war despite claims to the contrary by Iranian state media. And Rubio told the Senate Foreign Relations Committee that as part of those talks, ""there is the prospect"" that Iran ""could negotiate aspects of their nuclear program ."" Iran's Fars news agency, citing a source, reported Tuesday morning that Iran and the U.S. stopped exchanging messages several days ago. On Monday, the state-affiliated news outlet Tasnim said that Iranian negotiators would stop exchanging messages with the U.S. through intermediaries and that Iran would move to fully close the Strait of Hormuz, a crucial choke point for crude oil shipments. Trump, in a Truth Social post on Tuesday afternoon, wrote, ""Fake News Reports that the Islamic Republic of Iran, and the U.S.A., stopped speaking a few days ago are false and erroneous."" ""The conversations between us have been going on continuously, including four days ago, three days ago, two days ago, one day ago, and today,"" Trump wrote. ""Where they lead, one never knows, but as I told Iran, 'It's time, one way or another, for you to make a Deal. You've been doing this for 47 years, and it cannot be allowed to go on any longer!'"" But on Monday, Trump told CNBC in a phone interview that ""I really don't care. I couldn't care less"" when asked about the prospect of Iran ending talks. Trump said the negotiations had ""started to get very boring."" He also said Iran had not told him that it would stop negotiations. Rubio, in his testimony to the Foreign Relations Committee, said, ""Now we are in talks."" ""And I say talks because talks with Iran are not like talks with Switzerland, they're very different. They require the use of intermediators, unfortunately,"" Rubio said. ""But there is the prospect before us, which could happen today, it could happen tomorrow, it could happen next week, that for the first time, certainly in my memory, they have agreed to negotiate aspects of their nuclear program that just a month ago, just a year ago, they were refusing to even mention, much less enter into discussions about that,"" Rubio said. ""It is not a guarantee that ultimately it will lead to a deal that's acceptable to the Senate or acceptable to the American people,"" he said. ""But we'll be able to engage them in a process to truly test the proposition of how far they're willing to go. Rubio, who also serves as Trump's national security advisor, appeared before the panel for his first public testimony on the Iran war since U.S. and Israeli strikes began Feb. 28. He defended Trump's decision to launch the war , saying Iran had been trying to build a ""conventional shield"" of missiles , drones and naval assets around its nuclear program . ""If you come and do anything about our nuclear program , we will overwhelm you with missiles, we will overwhelm you with drones, and we will overwhelm you with our navy,"" Rubio said, describing Iran's posture. Rubio said Iran was seeking a ""point of immunity"" that Trump acted to deny. He said Operation Epic Fury had been "" highly successful ,"" dramatically reducing Iran's ability to build missiles and drones, though he acknowledged Tehran ""still [has] a lot of drones"" because they are ""easy to make."" Rubio said reopening the Strait of Hormuz remains central to any de-escalation. ""They need to announce that they will no longer fire on commercial ships that are going through or threaten to fire on ships,"" Rubio said. He said Iran must declare the strait open , stop charging a toll, help remove mines and pledge not to fire on commercial vessels. The hearing comes as Congress has grown increasingly uneasy about the war, its economic fallout and Trump's authority to continue the conflict without authorization from lawmakers. Sen. Jeanne Shaheen , D-N.H., the committee's top Democrat , accused the administration of avoiding congressional oversight. ""When I talk to my constituents, they asked for economic relief at home, not regime change in Havana or Caracas or Tehran,"" Shaheen said. She said the administration's war powers notification was ""not consultation"" but ""an attempt to avoid answering to this committee and this Congress about this war."" The hearing - about the State Department's budget - also widened beyond Iran, with Democrats pressing Rubio on whether the administration is pursuing regime change across multiple countries. Rubio is scheduled to appear before several House and Senate panels this week as lawmakers press him on Iran, Venezuela, Cuba and the administration's broader foreign policy",1036,True,3,False,Politics,2026-06-03,True,9.184166666666666,2026-06-04
https://www.cnbc.com/2026/06/16/goldman-cuts-oil-forecast-as-hormuz-deal-brings-forward-supply-recovery.html,2026-06-16 12:53:17 PM WIB,Goldman Sachs cuts oil price forecast as Hormuz deal brings forward Gulf supply recovery,Goldman Sachs cuts oil price forecast as Hormuz deal brings forward Gulf supply recovery,18,False,1,True,Markets,2026-06-17,True,19.111944444444443,2026-06-18
https://www.cnbc.com/2026/06/22/treasury-iran-oil-sales.html,2026-06-22 08:43:35 PM WIB,Treasury Department authorizes Iranian oil sales through August,"Treasury Department authorizes Iranian oil sales through August. The U.S. on Monday authorized Iranian oil sales through August after ""productive talks"" between Tehran and Washington in Switzerland over the weekend, Treasury Secretary Scott Bessent said. ""As part of the framework, Treasury has issued a temporary 60-day general license authorizing the production, delivery, and sale of Iranian oil,"" Bessent said in a post on X . The authorization allows the import of Iranian oil and refined products into the U.S. Payment can be made to Tehran in dollars. The license expires Aug. 21, unless it's renewed. Vice President JD Vance said earlier Monday that ""great progress"" was made during the talks in Switzerland , despite Iran's declaration over the weekend that it had closed the Strait of Hormuz . U.S. Central Command said Hormuz had not been closed. Vance said Iran agreed to allow weapons inspectors from the International Atomic Energy Agency back into the Islamic Republic, while Bessent said Tehran had also committed to free and open transit through Hormuz. The U.S. Navy last Thursday lifted its blockade of Iran's ports and coastal areas. Iranian supertankers have switched on their transponders, after going dark during the war, as they depart the Persian Gulf loaded with oil. Iran typically loaded more than 1.5 million barrels per day for export before the U.S. imposed its blockade in April, with most of that oil going to China. Loadings declined to just 260,000 bpd in May as the blockade took hold. Ship traffic through Hormuz plunged during the war as Iran attacked vessels, triggering the largest oil supply disruption in history. About 20% of global crude supplies were exported through the strait before the war. Traffic has since increased after the U.S. and Iran signed a memorandum of understanding on June 17. Transits rose sharply to 35 on Saturday before declining to 17 crossings on Sunday amid confusion over whether the strait was open or closed due to Iran's threats, according to data from Kpler. Traffic remains far below prewar levels, when more than 100 vessels transited Hormuz daily. Iran must allow ships to transit Hormuz toll-free for 60 days under the agreement with the U.S. After that, Tehran is supposed to discuss with Oman and the Gulf states how the strait will be administered, leaving open the possibility that tolls could be imposed later",502,False,1,False,Energy,2026-06-23,True,11.27361111111111,2026-06-24
https://www.cnbc.com/2026/07/09/trump-spain-trade-greer-ieepa-tariffs-nato.html,2026-07-09 10:33:34 PM WIB,Trump can halt trade with Spain using law behind scrapped tariffs: Greer,"Trump can halt trade with Spain using law behind scrapped tariffs: Greer. Americans may not need to start panic-buying Ibérico ham - yet. President Donald Trump may not follow through on his demand for the U.S. to completely sever trade with Spain - but he could if he wanted to, using the same law behind his failed "" reciprocal"" tariffs , U.S. Trade Representative Jamieson Greer said Thursday. Even though Spain is a member of the European Union , Trump could single it out using the International Emergency Economic Powers Act, or IEEPA, Greer told reporters at the White House. The law empowers the president to impose certain economic sanctions in response to a declared national emergency . Trump asserted that the law authorized him to impose individualized tariff rates on nearly every country, but the Supreme Court in February struck down those import duties. ""Everyone has heard of IEEPA, famously in connection with our, our tariffs over the past year, but the reality is, IEEPA has been in place for many decades,"" Greer said Thursday. ""It is currently an authority that is used to limit trade with places like North Korea,"" Greer explained. He said that even though the Supreme Court found IEEPA did not support Trump's tariffs, its ruling ""highlighted that IEEPA clearly says you can prohibit trade, you can do certain things."" But the trade official stressed that while Trump ""for sure can"" take that step, he may no longer want to. That's because Trump and Spanish Prime Minister Pedro Sánchez recently had a ""good meeting"" to discuss ""core issues about payment,"" Greer said. ""I've heard positive developments on that front on Spain,"" he said. That would be a major shift from just a day earlier, when Trump, clearly angry with Spain's resistance to boosting its defense spending as part of NATO, abruptly declared he was done dealing with the country in any way. ""Spain is a terrible partner in NATO. They don't participate. They don't pay. I don't want anything to do with Spain,"" Trump said during a media appearance at a NATO summit in Ankara, Turkey. Top exports from Spain to the U.S. include refined petroleum, pharmaceuticals and electrical transformers, according to the Observatory of Economic Complexity . ""Cut off all trade with Spain, please, including visits,"" said Trump, who was seated next to NATO Secretary-General Mark Rutte. Trump has demanded that all NATO allies raise their defense spending to 5% of their gross domestic product to spread the alliance's cost burdens more evenly. Most of the members have agreed to raise their spending targets - but Spain has rejected the NATO proposal as ""unreasonable."" Trump himself softened his tone toward Spain after departing Turkey. ""I did have issues, and I still do, but Spain came back all the way today. Spain was very generous today,"" Trump told reporters on Air Force One on his return trip to the U.S. Asked what Spain did to get back in his good graces, Trump, after a pause, said the country ""honored a request for lots of payments."" It was unclear what Spain had specifically agreed to, if anything. Spain's embassy in the U.S. did not immediately respond to CNBC's request for comment on the remarks from Trump and Greer. This week wasn't the first time this year that Trump and Sánchez have butted heads. In March, after the U.S. began its war against Iran, Sánchez criticized the strikes , and Trump also threatened to cut off trade then. Asked on Thursday if Trump is no longer seeking a Spanish trade divorce in light of the meeting with Sánchez, Greer said, ""I don't want to get ahead of him ... but it sounds like it was very positive."" Pressed for clarity, Greer said Trump ""has a number of options,"" and noted the president has previously weighed in on Spain's spending. Greer added that he is in touch with Treasury Secretary Scott Bessent, who traveled with the president to Turkey. ""I don't think there's anything imminent on that,"" Greer said regarding a halt to trading with Spain",862,True,2,False,Politics,2026-07-13,True,81.44055555555556,2026-07-14
https://www.cnbc.com/2026/07/10/india-missiles-brahmos-indonesia-china.html,2026-07-10 12:27:40 PM WIB,India ramps up missile sales in Indo-Pacific as China’s assertiveness turns neighbors wary,"India ramps up missile sales in Indo-Pacific as China's assertiveness turns neighbors wary. India will supply its BrahMos and Astra missiles to Indonesia, the country's third such agreement in the Indo-Pacific, underscoring New Delhi's rise as a defense supplier in the region amid growing concerns over China's assertiveness. BrahMos, which is a supersonic cruise missile with an anti-ship capability, has garnered strong interest from buyers in the Indo-Pacific region as these countries with limited naval forces need to defend disputed territories in the South China Sea, experts told CNBC. "" BrahMos and the air-to-air missiles are the areas that are new in our collaboration [with Indonesia],"" an Indian foreign ministry spokesperson said on Tuesday, adding that BrahMos was an important area of collaboration and commercial terms were yet be decided between the two sides. Buyers are particularly interested in the anti-ship version of BrahMos, which has a range of 300 kilometers and an extremely high speed that makes it difficult to intercept, Siemon Wezeman, senior researcher in the Arms Transfers Programme at the Stockholm International Peace Research Institute, told CNBC. It is ""one of the largest and fastest available on the market just now,"" he added. BrahMos Aerospace is a joint venture between India's Defence Research and Development Organisation and Russia's NPO Mashinostroyenia. The only other missile similar to BrahMos is China's YJ-12, Douglas Barrie, a senior fellow for military aerospace at the International Institute for Strategic Studies, told CNBC in an email. Philippines was the first buyer of BrahMos in 2022 . In May this year, ⁠India's defense secretary said the country had signed a deal to sell the missile to Vietnam, Reuters reported. India's Ministry of Defence and BrahMos Aerospace did not respond to CNBC's requests for comment. Both these deals are motivated by ""the perception of China's growing threat in the South China Sea,"" Collin Koh, a senior fellow at the Institute of Defence and Strategic Studies, told CNBC. While Indonesia does not see China as a primary security threat, it does have differences with Beijing over the ""North Natuna Sea claim,"" Koh added. On Monday, the Chinese navy test-fired a ballistic missile into the Pacific, a move expected to push countries in the region to deepen defense ties with one another amid China's growing military might. That makes room for India to grow its defense exports in the region, experts said, as it is seen as a transactional provider, not aligned to any great power centers, and is not viewed as a security threat in the region. The strengthening of defense partnerships among countries in the Indo-Pacific is part of the efforts to deal with the ""China threat,"" Farwa Aamer, director of South Asia initiatives at Asia Society Policy Institute, told CNBC. She added that these countries also want to form defense ties that are ""less reliant"" on the U.S., all of which makes India a viable defense partner and the ""BrahMos missile system lucrative."" But while the BrahMos deals are helping India gather regional partners against China, experts said it hardly moves the needle for New Delhi's ambition of becoming a significant defense exporter. The sale of BrahMos is a ""very strong visible proof that India has made it in the world of arms producers and exporters,"" Wezeman from SIPRI said, but added India's defense exports have had limited success when it comes to major contracts. Orders for Indian fighter jet Tejas or frigates would be ""worth a lot more than several BrahMos orders,"" he added. While exports have grown over the last 10 years, they were worth just 384 billion rupees ($4 billion) in the financial year ended March 2026. That's a little over 1% of the total arms sales of $331 billion by the U.S., the world's largest supplier of arms. India is not among the world's top 25 arms exporters, according to SIPRI's 2021-2025 major arms transfer data, that includes China at fifth position and South Korea at ninth. New Delhi, however, is the fifth largest military spender in the world and the second biggest importer of arms with more than 8% of the share, as per SIPRI's 2026 yearbook",922,True,2,False,Asia News,2026-07-13,True,67.53888888888889,2026-07-14
https://www.cnbc.com/2026/07/11/astrazenecas-trial-pipeline-pharma-valutaion-stock.html,2026-07-11 12:00:01 PM WIB,AstraZeneca's trial flop raises a bigger question: Is its pipeline premium becoming more vulnerable?,"AstraZeneca's trial flop raises a bigger question: Is its pipeline premium becoming more vulnerable?. AstraZeneca 's failed late-stage trial for Wainua was never expected to have a major financial impact on the company. Most analysts estimate the trial miss wiped just 2-4% from their valuation models. Yet the shares lost roughly twice that in a single session, suggesting the market reaction reflected more than just the loss of one drug, which was intended to treat a rare heart disease. The disconnect has shifted attention away from Wainua itself and toward something more difficult to measure: whether the valuation premium investors have long assigned to one of Europe's most highly regarded drug pipelines is justified. For years, AstraZeneca has commanded among the richest valuations among large European pharmaceutical companies on the assumption that management consistently delivers successful late-stage clinical trials across oncology, rare diseases, and specialty medicines, and replenishes its portfolio with new blockbuster medicines. Under CEO Pascal Soriot's 14-year reign, AstraZeneca has developed a reputation as a pharma powerhouse that rarely posts negative trial results. Wainua itself was not expected to become one of AstraZeneca's biggest products. Instead, the surprise lay in the failure of a program many investors viewed as having a high probability of success. Analysts mostly say the disappointment doesn't undermine AstraZeneca's long-term growth story , but it may have raised the bar for proving it. The issue goes beyond the extra revenue Wainua would have added to AstraZeneca's top line, as it puts a dent in the company's credibility, Jefferies analysts wrote in a note to clients on Thursday. ""This was meant to be a slam dunk making the outright failure surprising."" The financial impact of Wainua's failure as a treatment for ATTR cardiomyopathy, a rare and life-threatening heart condition, appears relatively modest. Citi puts the net present value impact at roughly 3%. Jefferies estimates around 2%, and Leerink Partners' price target reduction implied a similarly limited hit. Bank of America described the sales impact as ""mid-single digit,"" while Morningstar said decreased sales estimates for Wainua do not significantly change its valuation. Those estimates contrast with the market reaction as shares fell 6.2% in Thursday's session, marking the stock's worst day in over two years, and were down an additional 3% on Friday. An AstraZeneca spokesperson declined to comment further on the share price reaction. Rather than simply removing part of Wainua sales from their models, investors may be reassessing the confidence they place in AstraZeneca's broader pipeline and execution. Dan Coatsworth, head of markets at AJ Bell, noted that AstraZeneca has had far more hits than misses recently, creating high expectations for success. ""AstraZeneca has bold plans to hit $80 billion in sales by 2030, and investors will now be asking if this target is credible,"" Coatsworth said in emailed comments. Jefferies said the failed trial does not threaten management's 2030 ambition, while Citi continues to expect that the company can exceed that target. Leerink noted that, after speaking to management, removing Wainua for ATTR-cardiomyopathy decreases the headroom above the company-provided consensus of about $82.7 billion to about $80.8 billion, reflecting $1.9 billion in Wainua revenues in 2030. Morningstar left its fair value estimate unchanged, saying the setback ""does not change our view of its late-stage drug development capabilities,"" while noting AstraZeneca's oncology franchise, rare disease business and broader pipeline remain intact. Both Goldman Sachs and Bank of America highlighted that investors had not seriously considered the possibility of the trial failing, given the favorable precedent from Alnylam's rival drug Amvuttra that works similarly. The failed study also comes at an important moment for AstraZeneca. Several of the company's largest pipeline catalysts - including the AVANZAR trial for lung cancer, SERENA-4 for breast cancer, and cliramitug also for ATTR cardiomyopathy - are expected to report data over the coming months, meaning investor attention is now concentrated on fewer high-profile readouts. ""All eyes on AVANZAR,"" Jefferies wrote, describing it as the next major catalyst likely to determine sentiment. The readout is expected in July or August. Leerink suggested the setback puts even greater focus on the remaining ""binary events"" expected later this year. Most analysts continue to recommend buying the stock. Citi reiterated AstraZeneca as its top European pharmaceutical pick, Bank of America reiterated its Buy rating, and Jefferies argued investors should be ""buying the dip.""",1011,True,3,False,Health & Science,2026-07-13,True,43.999722222222225,2026-07-14
https://www.cnbc.com/2026/07/14/cnbc-daily-open-hormuz-toll-threats-mideast-tensions-keep-investors-on-edge.html,2026-07-14 08:19:28 AM WIB,"CNBC Daily Open: Hormuz toll threats, Mideast tensions keep investors on edge","CNBC Daily Open: Hormuz toll threats, Mideast tensions keep investors on edge. Hello, this is Justina Lee writing to you from Singapore. Welcome to another edition of CNBC's Daily Open. The latest developments in the Middle East including a proposed 20% toll on cargo through the Strait of Hormuz have sent oil surging. Dwindling hopes of a Mideast peace deal and a tech sell-off sent U.S. benchmark indexes lower overnight, though futures were little changed ahead of earnings and inflation data. Energy concerns have resurfaced, following U.S. President Donald Trump 's proposal of a 20% toll on cargo through the Strait of Hormuz. ""The U.S.A. will be, from this point forward, known as 'THE GUARDIAN OF THE HORMUZ STRAIT,'"" Trump claimed in a Truth Social post . Trump also asked that the U.S. be reimbursed ""on all cargo shipped, for any and all costs necessary to do the job of providing safety and security to this very volatile section of the World."" Oil price s jumped over 9% on Monday, their biggest daily gain since 2020, following Trump's decision to reinstate the Iran blockade. Assurance from the U.S. that more than 8 million barrels of oil have been moved through the Strait of Hormuz via military assistance did not curb energy concerns. Prices were over 2% higher Tuesday in Asia trading. The latest developments related to the Middle East impacted U.S. stocks, sending the S&P 500 0.8% lower. The Nasdaq Composite dropped 1.6% and the Dow pulled back by more than 100 points, or around 0.3%. Stock futures, however, were little changed as traders seek some reprieve from upcoming earnings and inflation data. Asia markets also opened lower as a risk-off mood took hold, with investors awaiting China trade data due later in the day, while Singapore reported its economy expanded 5.7% in the second quarter, topping market expectations, on the back of strong growth in the manufacturing sector. - Justina Lee UK strikes landmark trade deal with Switzerland for crucial services sector The U.K. and Switzerland announced a services free trade agreement on Monday, in a deal that is expected to lend a multi-billion-dollar boost to British exports and ease travel between the two nations. It marks the sixth trade deal struck by the U.K. in two years and comes as the governing Labour Party seeks closer ties with Europe as part of a post-Brexit reset . While Switzerland is not a European Union member, it is deeply integrated into the European single market via a network of bilateral treaties. The British government estimates the free trade agreement to eventually unlock £5.2 billion ($6.96 billion) a year in additional exports to Switzerland over the coming years. A separate agreement will also allow those travelling between the two nations to use e-gates to speed up airport waiting times, while scrapping data roaming charges for visitors. - Joseph Wilkins",631,True,2,False,Daily Open,2026-07-15,True,23.675555555555555,2026-07-16
https://www.cnbc.com/2026/07/20/what-to-know-about-testosterone-replacement-therapy.html,2026-07-20 10:40:07 PM WIB,What to know about testosterone replacement therapy as the U.S. military plans to test troops,"What to know about testosterone replacement therapy as the U.S. military plans to test troops. Testosterone replacement therapy has shifted from the doctor's office to the center of a massive cultural phenomenon focused on performance, longevity and men's health. Now, the treatment is back in the spotlight after Defense Secretary Pete Hegseth announced last week that the U.S. military will begin testing service members' testosterone levels and make replacement therapy available to those who qualify, saying the goal is to help troops operate at their ""absolute best."" The effort also builds on a larger push by the Trump administration to promote and expand public access to testosterone replacement therapies, which are made by pharmaceutical companies such as AbbVie, Pfizer and Marius Pharmaceuticals. The announcement puts a new focus on a treatment that has grown increasingly popular in recent years, fueled by men's health clinics, telehealth companies and online influencers, who promote testosterone, or ""T-maxxing,"" as a way to address fatigue, aging and declining performance. Health and Human Services Secretary Robert F. Kennedy Jr. has also touted testosterone therapy as part of his anti-aging regimen. Prescriptions rose from 7.3 million in 2019 to more than 11 million in 2024, according to healthcare research firm IQVIA. But there has long been a debate around the safety of taking synthetic forms of testosterone, the hormone that affects sex drive, mood and other health factors. While some research has shown benefits for patients who qualify, including improvements in bone density and muscle mass, questions remain about the therapy's long-term risks and its use among men without a clear medical need. The concern is significant: up to a third of men taking testosterone have never been formally diagnosed with testosterone deficiency and may not benefit from treatment, according to the American Urological Association. Physicians also stress that testosterone therapy is not a universal solution for low energy or normal aging. It is generally intended for men with clinically confirmed testosterone deficiency, and experts say determining who qualifies requires more than a single blood test - which appears to be the military's plan. Excess testosterone can also carry risks, including reduced sperm production. ""I'm not saying that testosterone is bad. It is good for people that need it,"" said Dr. Adrian Sandra Dobs, an endocrinologist at the Johns Hopkins School of Medicine. ""But to overreplace it - we have to be very careful about that."" As testosterone therapy enters a new national conversation, here's what doctors say we know - and don't know - about its benefits, risks and who should consider treatment. Testosterone replacement therapy, which is commonly administered through injections, gels, implantable pellets and oral medications, is intended for a more narrow population than social media may suggest. Physicians say it's generally reserved for men with clinically diagnosed hypogonadism - a condition in which the body does not produce enough testosterone. That generally means persistently low testosterone levels alongside symptoms such as reduced sex drive, fatigue, erectile dysfunction, depressed mood, low bone density, or loss of muscle mass and strength. Dobs said low testosterone can stem from several causes. While testosterone levels naturally decline with age, that alone does not typically qualify as a deficiency. Certain conditions can also suppress testosterone production, including sleep disorders such as sleep apnea, damage to the testicles, pituitary disorders, some cancer treatments and chronic illnesses. In some men, doctors may diagnose what's known as functional hypogonadism, in which testosterone levels fall because of potentially reversible factors such as obesity or chronic disease, even though the reproductive organs are structurally intact. ""Obesity, stress, fatigue, and poor sleep are very common and these conditions can reduce testosterone,"" said Marcus Goncalves, director of the Holman Division of Endocrinology, Diabetes and Metabolism at NYU Langone Health. ""The correct solution is to improve those aspects and let testosterone naturally come back up, but that is easier said than done."" But diagnosing the condition typically requires more than a single blood test, Goncalves added. Because testosterone levels fluctuate throughout the day, medical guidelines generally recommend confirming low levels with two separate morning blood draws and evaluating patients for potential underlying causes before considering therapy, he said. A low testosterone result also does not always mean someone needs treatment. Testosterone levels can temporarily decline during periods of severe stress, illness, weight loss, or intense physical exertion and may return to normal once those factors resolve, said Dr. Richard Auchus, professor of internal medicine at the University of Michigan. ""It's not that easy to tell whether someone is sufficient in testosterone and whether that is kind of a functional and reversible situation, or if that is an irreversible permanent problem,"" Auchus said. The benefits of testosterone replacement therapy can be real for the right patients. ""I would say that we try to limit the treatments to people we know are going to benefit,"" said Auchus. For men with clinically confirmed testosterone deficiency, treatment can increase sex drive, improve erectile dysfunction, help restore muscle mass and bone density, and boost energy levels and mood. It can also improve bone mineral density, reducing the risk of osteoporosis and fractures in men with low hormone levels. But experts say it is less clear whether raising testosterone in people who already have normal or only mildly low levels provides meaningful benefits for energy, cognition, athletic performance or overall health. Evidence supporting testosterone as a broad anti-aging or performance-enhancing treatment remains limited, they added. ""It doesn't make you any smarter. It won't make you a better pilot,"" Dobs said. Even for appropriate patients, physicians say testosterone therapy carries risks and requires ongoing monitoring. One concern is that the treatment can increase red blood cell counts, potentially thickening the blood and raising the risk of complications such as blood clots, NYU Langone's Goncalves said. While earlier studies raised concerns that testosterone therapy might increase cardiovascular risk, more recent evidence has been reassuring. A major 2023 trial - the largest and most comprehensive to date - found no higher rate of heart attack, stroke or cardiovascular death among men receiving testosterone therapy than among those given a placebo. Researchers did observe higher rates of certain conditions, including atrial fibrillation, acute kidney injury and pulmonary embolism, underscoring the need for careful patient selection and monitoring. The treatment can also suppress the body's natural production of the hormone, reducing sperm production and potentially affecting fertility, he added. Physicians generally discourage testosterone therapy in men who may want to have children. Other potential side effects include acne, breast tenderness or enlargement, fluid retention and worsening symptoms of untreated sleep apnea. The military's plan to test service members' testosterone levels raises a key question: How should doctors interpret hormone levels in people undergoing extreme physical and psychological stress? Goncalves said that intense military training, sleep deprivation and prolonged physical exertion can temporarily suppress testosterone production. In one study of U.S. Marines undergoing Survival, Evasion, Resistance and Escape, or SERE, training, testosterone levels fell by roughly half during the exercise before recovering afterward. ""There is no evidence that restoring [testosterone] levels during that period improves performance,"" he said, though he added that the question would be worth studying. That also highlights a challenge for any large-scale testing program, some experts said. A low testosterone reading may not reflect a permanent deficiency requiring treatment, but rather a temporary response to demanding conditions. Auchus also cautioned that testosterone therapy can create long-term issues for otherwise healthy service members. Because treatment suppresses the body's natural testosterone production, men who remain on therapy for extended periods may become dependent on it to maintain normal hormone levels, he said. Auchus said that raises questions about what could happen if a service member receiving testosterone were suddenly unable to access treatment during a deployment or other military operation. More broadly, experts say testosterone replacement therapy should not be viewed as a shortcut to improved military performance. ""Testosterone is not going to make men more macho or better fighters,"" Dobs said. ""You need brains to win a war.""",1698,True,4,False,Health & Science,2026-07-21,True,9.331388888888888,2026-07-22
https://www.cnbc.com/2026/07/24/us-iran-war-trump-hormuz-houthis.html,2026-07-24 02:54:30 PM WIB,Trump considers ‘massive attack’ on Iran; Pakistan reportedly seeks to restart stalled peace talks,"Trump considers 'massive attack' on Iran; Pakistan reportedly seeks to restart stalled peace talks. President Donald Trump said he will soon make a decision on whether to launch a ""massive attack"" on Iran after the conflict in the Middle East extended to a new battleground in the Red Sea . At the same time, Pakistan is looking for ways to restart stalled peace talks between the U.S. and Iran, Reuters reported Friday morning, citing three Pakistani sources. Stocks rose , and oil prices fell following that report, which gave investors new hope that the warring powers could find an off-ramp from their path of escalating hostilities. Speaking to Axios on Thursday, the president said that the proposed strikes would be bigger than anything seen in the war so far, and that Iran has not ""received enough pain yet."" ""I am considering a massive attack. Bigger than ever before. I am close to making a decision. We are all set for it,"" Trump said in the interview. U.S. forces have pummeled Iranian targets over the past two weeks, with Central Command completing a 13th consecutive night of strikes overnight. Iran officials have remained publicly defiant. But this week Iranian Interior Minister Eskandar Momeni visited Islamabad for the second time in 10 days to participate in exploratory discussions, according to Reuters. Momeni, who is seen as being allied with Iran's Revolutionary Guard, met with Pakistani leaders and its defense chief, Asim Munir, during his latest trip, the report said. The drive by Pakistan, a mediator throughout the U.S.' nearly five-month-long war with Iran, to find a diplomatic path forward came after a push initiated by China, Iran's largest trading partner, Reuters reported. Defense Secretary Pete Hegseth told the Senate Appropriations Committee this week that Russia and China ""are, at different levels, enabling some of the things Iran is doing."" But Trump said in a Truth Social post Friday morning that, based on assurances he received from Russian President Vladimir Putin and Chinese leader Xi Jinping , the ""two major Countries that people speak of often in terms of Iran are, in my opinion, not participating."" ""If they did, it would be very bad for them - Certainly not in their best interests,"" Trump wrote, citing their assurances. Trump did not give a deadline for when he would make a decision about a major attack on Iran, according to Axios. He said Israel would join the operation ""in two minutes if I ask them to,"" but that Israel would potentially face retaliation from Iran if it did take part. The president also repeated his claim Iran wants to negotiate, but added that Tehran is not yet ready to make a deal with the U.S. On Thursday, Trump said he would hold Iran responsible for further attacks by Yemen's Tehran-backed Houthis, after the militant group claimed to have struck two Saudi oil tankers in the Red Sea. ""If they do this again, the U.S. will hold Iran responsible, in that the Houthis are a Surrogate and/or Proxy of Iran, and major military punishment will be inflicted upon Iran and, of course, the Houthis, themselves,"" he said in a Truth Social post . The Houthis declared a maritime embargo against Saudi Arabia on Monday, threatening to cut off the kingdom's oil exports through the Red Sea and the Bab el-Mandeb Strait. Iran's Revolutionary Guard said Thursday that it had attacked U.S. military facilities at an American military base in Jordan, according to state media. Speaking to reporters on Thursday, Secretary of State Marco Rubio labeled Trump's approach to the Iran war as ""a head for an eye."" ""Honestly, that's what it's going to be,"" he said. ""They will pay a very heavy price for the things they're doing. They're already paying a very heavy price."" Meanwhile, the U.K. said it ""stands ready 24/7 to defend itself"" after Iran labeled the country an ""accomplice"" to the U.S. over the use of British military bases by American forces. Shortly after the start of the U.S.-Iran war, the U.K. gave permission for the U.S. to use British bases for defensive operations. That agreement was extended last week, and has not been changed by the U.K.'s new prime minister, Andy Burnham. Iran's Ministry of Foreign Affairs said in a statement on Thursday that ""any party that, in any manner, participates in military aggression against Iran will bear responsibility for the consequences and repercussions of its decision."" ""The British government has chosen to align itself with the aggressors, reducing its standing to that of an accomplice of the United States and Israel in a brutal war against the Iranian nation,"" it added. In a separate statement, an Iranian official warned that any European nation providing military bases or territory to the United States would place European countries ""in the ranks of the aggressors,"" according to state media",1055,True,3,False,Politics,2026-07-27,True,65.09166666666667,2026-07-28
https://www.cnbc.com/2026/07/27/trump-netanyahu-zelenskyy-iran-war-lindsey-graham-funeral.html,2026-07-27 11:06:09 PM WIB,"Netanyahu, Zelenskyy come to DC for Graham's funeral, meetings with Trump amid wars","Netanyahu, Zelenskyy come to DC for Graham's funeral, meetings with Trump amid wars. Politicians and world leaders including Israeli Prime Minister Benjamin Netanyahu are gathering in Washington to meet with President Donald Trump while in town to honor the late Sen. Lindsey Graham at his funeral service Tuesday. At Trump 's invitation, Netanyahu flew to Washington on Monday for the service, his office announced. Ukrainian President Volodymyr Zelenskyy also plans to attend the Washington funeral, a White House official confirmed. Both leaders are planning to meet with Trump during their respective visits. These meetings could give Netanyahu and Zelenskyy a chance to push their agendas on Trump amid global conflicts in the Middle East and Ukraine. Each man has had previous successes securing Trump's buy-in for their positions in previous direct conversations. For Zelenskyy, the visit comes as U.S. and Ukrainian officials have been discussing new peace proposals to end the war in Ukraine, which began with Russia's 2022 full-scale invasion . Trump plans to discuss these topics during his meeting, a White House official confirmed. For Netanyahu, who last came to Washington in February, the meeting is a chance to discuss the Iran war - where fighting is currently at a halt. Monday marks the third day since any U.S. strikes have been reported in Iran, and the two countries appear to be holding to a pause in hostilities. The two conflicts overlapped over the weekend when Ukraine killed a sailor after its military struck an Iranian commercial vessel in the Caspian Sea. The vessel was transporting weapons to aid Russia, Kyiv said. Tehran, however, described the incident as a ""hostile and criminal act."" Iranian Foreign Minister Abbas Araghchi said in an X post Sunday that Israel was the driver in the Ukrainian attack. When asked by reporters on Monday why he is meeting with Netanyahu and whether they are aligned on the Iran war, Trump said, ""We have a little difference, but pretty close."" According to a White House official, who spoke on condition of anonymity to discuss the meeting plans, in addition to the conflict in Iran, Trump will discuss the trilateral framework agreement between Israel and Lebanon and broadening the Abraham Accords during his meeting with Netanyahu. Netanyahu plans to discuss Israel's security and strength with Trump, he wrote in an X post on Monday. ""Our goal is clear: to safeguard Israel's security, strengthen its power, and expand the circle of peace around us,"" he said in his post. He also wrote that he will pay his respects to Graham during his visit, who he described as a ""true friend."" Netanyahu said in a separate X post after Graham's death that the late senator, who served on the Foreign Relations Committee, ""understood that the security of Israel and America are inseparable."" Graham died right after he had returned from a trip to Ukraine where he was meeting with Zelenskyy about U.S. sanctions on Russia. He died of an aortic dissection the evening of July 11, CNBC previously reported . Zelenskyy was ""deeply saddened"" to learn of the news, he said in a July 12 post on X . ""He visited Ukraine ten times during the years of Russia's full-scale invasion and was here with our people when it was most needed,"" Zelenskyy said. ""We remained in constant dialogue, and I will miss our conversations."" Zelenskyy also praised Graham as an advocate for ""bipartisan and bicameral support for Ukraine."" Graham's Washington funeral service will be on Tuesday at the Washington National Cathedral. After that, his remains will be transported to his home state of South Carolina for a second service on Wednesday. On Tuesday, Air Force servicemembers will carry Graham's remains into the Capitol where he will be recognized for his years of public service, his office announced . Graham's remains will then be transported for the cathedral funeral service, which will include an address from Trump. Members of the public can view both ceremonies via livestream, according to Graham's office. On Wednesday, there will be a funeral procession outside South Carolina's statehouse in Columbia, where members of the public are invited to pay their respects. The event will include an F-16 flyover from the 169th Fighter Wing of the McEntire Joint National Guard Base and a law enforcement presentation, Graham's office said. The late senator was an Air Force veteran. The procession will be followed by a funeral service at the First Baptist Church of Columbia. Finally, the family will have a private burial in Pickens County. ""I am grateful to all those who have come together to help honor and remember Lindsey,"" Sen. Darline Graham, R-S.C., said in a July 15 statement. The late senator's sister replaced him in the Senate on July 14 after being appointed by South Carolina Gov. Henry McMaster. She is now running for a full six-year-term, with Trump's endorsement. Graham thanked Senate leadership, Trump, the Senate sergeant-at-arms and the venues hosting services for ""going above and beyond to ensure these will be honorable tributes to Lindsey.""",1087,True,3,False,Politics,2026-07-28,True,8.8975,2026-07-29
https://www.cnbc.com/2026/07/30/cnbc-daily-open-geopolitics-monetary-policy-fight.html,2026-07-30 08:33:36 AM WIB,"CNBC Daily Open: From geopolitics to monetary policy, fighting takes center stage","CNBC Daily Open: From geopolitics to monetary policy, fighting takes center stage. Hello, this is Hui Jie writing to you from Singapore. Welcome to another edition of CNBC's Daily Open. Tensions in the Middle East are on the rise again, resurfacing worries about a prolonged conflict after President Donald Trump threatened to give Iran a ""beating."" The Fed is witnessing a ""fight"" of its own, while investors flee Meta's stock after the company's disappointing guidance. Events overnight raised the specter of a lot of fighting. The Fed members apparently fought amongst themselves, Trump warned of ""beating"" Iran, and investors pummeled Meta stock. The U.S Federal Reserve held rates unchanged in its meeting at 3.5%-3.75%, although the split 9-3 decision meant that not everyone was on board with the decision. Fed Chairman Kevin Warsh described it as a ""family fight,"" saying ""I asked for a good family fight, and I got one. That's the purpose. That's the design feature."" Warsh said that while the Fed won't provide hints on where rate policy is heading, it will take necessary steps to meet its 2% inflation goal. Bond yields jumped following the meeting, while all three major indexes slid. The Dow Jones Industrial Average closed 1,153.18 points lower, or 2.19%, for its worst decline since April 2025. Worries were not restricted to markets alone, as tensions in the Middle East rose, with U.S. Central Command striking Iran in response to a surprise attack on Tuesday. Trump had warned of heavy strikes on Iran. ""We'll be hitting them hard. They're going to get a beating,"" he told a Fox News reporter . Trump's warning and concerns over a prolonged conflict sent oil surging , with Brent crude futures spiking 7.9% to close at $90.74 a barrel. U.S. West Texas Intermediate futures advanced 6.6% to settle at $84.46, before easing marginally in early Asia trade. Meanwhile, investors gave a real hiding to Meta, which saw an almost 10% fall in its stock after its second-quarter earnings missed estimates. The company's guidance also disappointed, while free cash dwindled to $784 million in the quarter from $8.55 billion a year earlier. But its not all bad in the tech space. Microsoft shares moved 7% higher in extended trading on Wednesday after the software maker disclosed strong fiscal fourth-quarter revenue that beat expectations and called for steady 2026 capital expenditures. - Lim Hui Jie The U.S. wants Asia to use its AI - but China dominates cheaper models The artificial intelligence race between the U.S. and China is heating up in the world's largest continent: Asia. ""The American strategy is to stop China from becoming the leading AI supplier for the rest of Asia ... and frankly the whole world,"" said Gary Dvorchak, managing director at The Blueshirt Group. But while China's alternatives are cheaper, he pointed out the U.S. currently offers a more complete solution from chips to AI models. - Evelyn Cheng",666,True,2,False,Daily Open,2026-07-31,True,23.44,2026-08-01
https://www.cnbc.com/2026/08/06/gold-price-payrolls-data-hormuz-deal.html,2026-08-06 06:00:20 PM WIB,Gold price hits highest level since June on weak payrolls data and Hormuz deal hopes,"Gold price hits highest level since June on weak payrolls data and Hormuz deal hopes. Gold rose to its highest level since late June on Wednesday, amid weaker-than-expected payrolls data and hopes for a reopening of the Strait of Hormuz. Spot gold rose as high as $4,295 per ounce before paring gains to settle around $4,268 per ounce on Thursday. Gold futures were last seen trading at $4,329 per ounce. The precious metal enters its fourth consecutive winning session and hovers near a seven-week high as some of the headwinds that have held it back since the war began ease off slightly. Hiring at private companies slowed considerably in July, with most of the job growth coming from healthcare, payrolls processing firm ADP reported Wednesday. A weaker ADP report reduces the likelihood of a Fed interest rate hike in September, which would provide some relief for non-yielding gold. Meanwhile, joint U.S.-Japan intervention in the yen late last week set the stage for a slightly weaker dollar as it is thought Tokyo sold almost $60 billion of Treasuries to prop up its ailing currency. American yen purchases were reportedly funded by the sale of euros. The dollar index, which tracks its performance against a basket of major currencies, hovers around 6-week lows at around 99.78. During the course of the conflict, gold has traded inversely to both oil prices and the greenback. One final catalyst behind a boost to the gold price is an easing of tensions in the Middle East, as efforts to reopen the Strait of Hormuz gather momentum. On Wednesday, Iran said a deal with Oman to reopen the critical waterway is close to being agreed, offering welcome news to risk assets. Despite the recent bounce, gold still trades over 20% below its late January peak of $5,589 per ounce. The yellow metal has endured a tough six months, sitting well below its all-time high achieved earlier this year after a blistering rally that extended through and beyond 2025",426,False,1,False,Markets,2026-08-07,True,13.994444444444444,2026-08-13
https://www.cnbc.com/2026/08/10/oil-prices-today-brent-wti-hormuz-trump-iran.html,2026-08-10 08:23:35 AM WIB,U.S. oil rises back above $82 as doubt grows Washington and Tehran will reach Hormuz deal,"U.S. oil rises back above $82 as doubt grows Washington and Tehran will reach Hormuz deal. Oil prices jumped about 5% Monday as doubt grew that the U.S. and Iran will reach a deal to increase ship traffic through the Strait of Hormuz. U.S. West Texas Intermediate futures climbed about 5% to close at $82.13 per barrel. Brent crude , the international benchmark, also settled around 5% higher at $87.72 a barrel. President Donald Trump told Axios on Sunday that the U.S. is ""only semi-negotiating"" with Iran, after he insisted last week that Washington and Tehran were in fact holding talks. Trump indicated that he would rely on the U.S. naval blockade to pressure Tehran rather than another wave of airstrikes. ""We are just watching Iran with its huge inflation and the fact they have no money,"" the president told Axios. Trump canceled a planned attack against the Islamic Republic on Aug. 1 to allow for negotiations. Oil stocks in the U.S. Strategic Petroleum Reserve have fallen below 300 million barrels, the lowest level since January 1983, as the conflict drags on. Oil prices sold off more than 7% last week after Treasury Secretary Scott Bessent told CNBC that a deal to open Hormuz with freedom of movement for ships could come soon. But an agreement still has not been announced as Tehran's and Washington's positions have hardened. Iran's Foreign Ministry spokesman, Esmail Baghaei, said Monday that the U.S. must lift its blockade before Tehran would agree to fully open Hormuz. ""As long as the U.S. naval blockade continues, the necessary conditions for the reopening of the Strait of Hormuz do not exist,"" Baghaei said, according to the state news agency Tasnim . Iran and Oman are holding bilateral negotiations over shipping routes in the strait, he said. The U.S. and Iran signed a memorandum of understanding on June 17 to open Hormuz to commercial ships, but the deal quickly collapsed as fighting erupted over which routes vessels could use. Iran launched multiple attacks on tankers transiting Hormuz along Oman's coast under U.S. military protection. Tehran demanded that ships sail through its territorial waters when transiting the strait. The U.S. staged multiple waves of airstrikes and reimposed its naval blockade in retaliation for the tanker attacks",507,False,1,False,Oil,2026-08-13,True,71.60694444444445,2026-08-14
https://www.cnbc.com/2026/08/10/rare-earths-sunrise-energy-metals-trump-cina.html,2026-08-10 02:03:25 PM WIB,Australian rare earth miner surges after U.S. Department of Defense investment,"Australian rare earth miner surges after U.S. Department of Defense investment. Shares of Australia's Sunrise Energy Metals jumped as much as 29% on Monday after the rare earth miner secured a $400 million investment in long-term debt financing from the U.S. to support the development of the world's first primary mine for scandium. The Trump administration's backing for Sunrise comes as major economies seek to shore up supplies of rare earths as part of a push to break China's long-held mineral dominance . The U.S. Department of Defense said Friday that its Office of Strategic Capital, or OSC, announced a conditional loan commitment to Sunrise to support the company's plans to develop a full scandium value chain, beginning with its primary mining operations at its Syerston Project in New South Wales. Sunshine shares later pared gains, closing more than 16% higher. Scandium is considered a highly strategic rare earth element because of its unique properties. It is one of the most effective elements used to strengthen aluminum, while also being flexible and resistant to heat and corrosion. The silvery-white metal is important for various applications, notably defense and aerospace, as well as providing reliable power for artificial intelligence data centers and other power-constrained infrastructure. Sunrise Chairman and mining billionaire Robert Friedland described the funding as ""a landmark moment"" for the company and Australia's mining industry. ""The world has entered an era in which access to critical minerals will shape industrial strength, technology leadership and national security,"" Friedland said Monday in a statement filed with the Australian Securities Exchange. ""Scandium is one of the clearest examples, supporting the technologies, industries and defence capabilities that will shape the coming decades,"" he added. China is the undisputed leader of the critical minerals supply chain. The country produces nearly 70% of the world's supply of rare earths from domestic mines and processes almost 90% of the global supply as it refines imports from overseas sources. Western officials have repeatedly flagged Beijing's supply chain dominance as a strategic challenge, with critical minerals demand expected to grow exponentially , particularly as the clean energy transition picks up pace . ""Under the leadership of President Donald J. Trump, securing our critical minerals supply chain is a top national security priority,"" said David A. Lorch, director of the OSC and senior advisor to deputy secretary of Defense, Steve Feinberg. ""The contemplated Sunrise transaction marks a significant step in establishing supply chain resiliency for an increasingly critical mineral. This nearly $1 billion deal, bringing together public and private capital, would help address foreign dependencies in scandium supply and facilitate scandium's use in critical defense and commercial applications,"" he added. The statement came shortly after a meeting between Trump and mining executives last week. Speaking to CNBC's "" Europe Early Edition "" in late June, Sunrise CEO Sam Riggall described the scandium market as one of the smallest in the world but extremely strategic. ""What we are building in Australia, very close to Sydney, will be the world's single largest source of scandium supply and it will have the capacity to replace everything that China supplies today from this one mining operation,"" Riggall said on June 23. ""So, with this particular metal, it is possible to find ready solutions that can address this supply risk very quickly,"" he added",689,True,2,False,Energy,2026-08-13,True,65.94305555555556,2026-08-14
https://www.cnbc.com/2026/09/01/russia-india-ukraine-war-oil-modi-putin.html,2026-09-01 08:51:28 AM WIB,Indian Prime Minister Modi asks Putin to end Ukraine war amid U.S. tariff threat on Russian oil,"Indian Prime Minister Modi asks Putin to end Ukraine war amid U.S. tariff threat on Russian oil. Indian Prime Minister Narendra Modi has urged Russia to end the Ukraine war and for a cessation of hostilities during his meeting with Russian President Vladimir Putin on the sidelines of the Shanghai Cooperation Organization summit on Monday. ""India supports all peace efforts in this area [Ukraine war], and we will continue to do so,"" Modi said, adding that ""we must move from endless war to the end of war, to the cessation of hostilities."" ""Every day that the war continues, humanity takes a step backwards,"" Modi said. On Monday, Russia's Defense Ministry said it is planning ""massive strikes"" on Ukraine's energy infrastructure, days after launching a devastating attack on an ammunition warehouse, amplifying fears of another winter assault. Russian strike on the warehouse is among its deadliest attacks in Ukraine so far, with a death toll of 38. Russian attacks on Ukraine's energy infrastructure during winter pose Kyiv's toughest challenge of the war yet , as per officials and national security experts. Meanwhile, later this month, the U.S. House is expected to pass a bill honoring Lindsey Graham that would impose up to 100% tariffs on countries that are among the top five purchasers of Russian crude oil or gas, including China and India. Russia is India's largest crude supplier, accounting for more than 50% of the country's oil imports in June and July and nearly 43% till August 24. Between April and July, Russian exports to India rose to over $34 billion, up nearly 60% from last year, as per India's latest trade data. During the meeting with Modi, Putin commended the growth in bilateral trade between the two countries but added that ""last year saw a slight decline."" U.S. President Donald Trump imposed punitive tariffs of 25% on India in August 2025 for its energy trade with Russia, taking the total levy on Indian exports to the U.S. to 50%. While the tariffs on India have been reduced to 18% earlier this year, the U.S. has been keen to increase the supply of Venezuelan crude to India to replace the Russian barrels",464,False,1,False,Asia News,,True,,
